question_id,config,judge,dim,score
question_46,bare-llm_gemma4-26b,glm-5.1,relevance,3
question_46,bare-llm_gemma4-26b,glm-5.1,completeness,2
question_46,bare-llm_gemma4-26b,glm-5.1,specificity,2
question_46,bare-llm_gemma4-26b,glm-5.1,helpfulness,2
question_1,bare-llm_gemma4-26b,glm-5.1,relevance,5
question_1,bare-llm_gemma4-26b,glm-5.1,completeness,4
question_1,bare-llm_gemma4-26b,glm-5.1,specificity,3
question_1,bare-llm_gemma4-26b,glm-5.1,helpfulness,4
question_23,bare-llm_gemma4-26b,glm-5.1,relevance,2
question_23,bare-llm_gemma4-26b,glm-5.1,completeness,2
question_23,bare-llm_gemma4-26b,glm-5.1,specificity,2
question_23,bare-llm_gemma4-26b,glm-5.1,helpfulness,2
question_39,bare-llm_gemma4-26b,glm-5.1,relevance,1
question_39,bare-llm_gemma4-26b,glm-5.1,completeness,1
question_39,bare-llm_gemma4-26b,glm-5.1,specificity,1
question_39,bare-llm_gemma4-26b,glm-5.1,helpfulness,1
question_24,bare-llm_gemma4-26b,glm-5.1,relevance,1
question_24,bare-llm_gemma4-26b,glm-5.1,completeness,1
question_24,bare-llm_gemma4-26b,glm-5.1,specificity,1
question_24,bare-llm_gemma4-26b,glm-5.1,helpfulness,1
question_25,bare-llm_gemma4-26b,glm-5.1,relevance,2
question_25,bare-llm_gemma4-26b,glm-5.1,completeness,2
question_25,bare-llm_gemma4-26b,glm-5.1,specificity,3
question_25,bare-llm_gemma4-26b,glm-5.1,helpfulness,1
question_26,bare-llm_gemma4-26b,glm-5.1,relevance,2
question_26,bare-llm_gemma4-26b,glm-5.1,completeness,1
question_26,bare-llm_gemma4-26b,glm-5.1,specificity,2
question_26,bare-llm_gemma4-26b,glm-5.1,helpfulness,1
question_47,bare-llm_gemma4-26b,glm-5.1,relevance,4
question_47,bare-llm_gemma4-26b,glm-5.1,completeness,2
question_47,bare-llm_gemma4-26b,glm-5.1,specificity,2
question_47,bare-llm_gemma4-26b,glm-5.1,helpfulness,2
question_40,bare-llm_gemma4-26b,glm-5.1,relevance,2
question_40,bare-llm_gemma4-26b,glm-5.1,completeness,1
question_40,bare-llm_gemma4-26b,glm-5.1,specificity,1
question_40,bare-llm_gemma4-26b,glm-5.1,helpfulness,1
question_27,bare-llm_gemma4-26b,glm-5.1,relevance,2
question_27,bare-llm_gemma4-26b,glm-5.1,completeness,1
question_27,bare-llm_gemma4-26b,glm-5.1,specificity,1
question_27,bare-llm_gemma4-26b,glm-5.1,helpfulness,2
question_48,bare-llm_gemma4-26b,glm-5.1,relevance,4
question_48,bare-llm_gemma4-26b,glm-5.1,completeness,2
question_48,bare-llm_gemma4-26b,glm-5.1,specificity,2
question_48,bare-llm_gemma4-26b,glm-5.1,helpfulness,2
question_41,bare-llm_gemma4-26b,glm-5.1,relevance,1
question_41,bare-llm_gemma4-26b,glm-5.1,completeness,1
question_41,bare-llm_gemma4-26b,glm-5.1,specificity,1
question_41,bare-llm_gemma4-26b,glm-5.1,helpfulness,1
question_42,bare-llm_gemma4-26b,glm-5.1,relevance,2
question_42,bare-llm_gemma4-26b,glm-5.1,completeness,1
question_42,bare-llm_gemma4-26b,glm-5.1,specificity,2
question_42,bare-llm_gemma4-26b,glm-5.1,helpfulness,1
question_4,bare-llm_gemma4-26b,glm-5.1,relevance,2
question_4,bare-llm_gemma4-26b,glm-5.1,completeness,1
question_4,bare-llm_gemma4-26b,glm-5.1,specificity,1
question_4,bare-llm_gemma4-26b,glm-5.1,helpfulness,2
question_6,bare-llm_gemma4-26b,glm-5.1,relevance,3
question_6,bare-llm_gemma4-26b,glm-5.1,completeness,2
question_6,bare-llm_gemma4-26b,glm-5.1,specificity,2
question_6,bare-llm_gemma4-26b,glm-5.1,helpfulness,2
question_7,bare-llm_gemma4-26b,glm-5.1,relevance,4
question_7,bare-llm_gemma4-26b,glm-5.1,completeness,5
question_7,bare-llm_gemma4-26b,glm-5.1,specificity,2
question_7,bare-llm_gemma4-26b,glm-5.1,helpfulness,2
question_5,bare-llm_gemma4-26b,glm-5.1,relevance,5
question_5,bare-llm_gemma4-26b,glm-5.1,completeness,3
question_5,bare-llm_gemma4-26b,glm-5.1,specificity,3
question_5,bare-llm_gemma4-26b,glm-5.1,helpfulness,3
question_8,bare-llm_gemma4-26b,glm-5.1,relevance,4
question_8,bare-llm_gemma4-26b,glm-5.1,completeness,2
question_8,bare-llm_gemma4-26b,glm-5.1,specificity,2
question_8,bare-llm_gemma4-26b,glm-5.1,helpfulness,2
question_9,bare-llm_gemma4-26b,glm-5.1,relevance,4
question_9,bare-llm_gemma4-26b,glm-5.1,completeness,1
question_9,bare-llm_gemma4-26b,glm-5.1,specificity,3
question_9,bare-llm_gemma4-26b,glm-5.1,helpfulness,3
question_28,bare-llm_gemma4-26b,glm-5.1,relevance,2
question_28,bare-llm_gemma4-26b,glm-5.1,completeness,1
question_28,bare-llm_gemma4-26b,glm-5.1,specificity,2
question_28,bare-llm_gemma4-26b,glm-5.1,helpfulness,1
question_10,bare-llm_gemma4-26b,glm-5.1,relevance,2
question_10,bare-llm_gemma4-26b,glm-5.1,completeness,2
question_10,bare-llm_gemma4-26b,glm-5.1,specificity,2
question_10,bare-llm_gemma4-26b,glm-5.1,helpfulness,2
question_49,bare-llm_gemma4-26b,glm-5.1,relevance,3
question_49,bare-llm_gemma4-26b,glm-5.1,completeness,2
question_49,bare-llm_gemma4-26b,glm-5.1,specificity,2
question_49,bare-llm_gemma4-26b,glm-5.1,helpfulness,2
question_50,bare-llm_gemma4-26b,glm-5.1,relevance,1
question_50,bare-llm_gemma4-26b,glm-5.1,completeness,1
question_50,bare-llm_gemma4-26b,glm-5.1,specificity,1
question_50,bare-llm_gemma4-26b,glm-5.1,helpfulness,1
question_11,bare-llm_gemma4-26b,glm-5.1,relevance,2
question_11,bare-llm_gemma4-26b,glm-5.1,completeness,1
question_11,bare-llm_gemma4-26b,glm-5.1,specificity,2
question_11,bare-llm_gemma4-26b,glm-5.1,helpfulness,1
question_29,bare-llm_gemma4-26b,glm-5.1,relevance,2
question_29,bare-llm_gemma4-26b,glm-5.1,completeness,2
question_29,bare-llm_gemma4-26b,glm-5.1,specificity,2
question_29,bare-llm_gemma4-26b,glm-5.1,helpfulness,2
question_30,bare-llm_gemma4-26b,glm-5.1,relevance,2
question_30,bare-llm_gemma4-26b,glm-5.1,completeness,2
question_30,bare-llm_gemma4-26b,glm-5.1,specificity,2
question_30,bare-llm_gemma4-26b,glm-5.1,helpfulness,2
question_31,bare-llm_gemma4-26b,glm-5.1,relevance,2
question_31,bare-llm_gemma4-26b,glm-5.1,completeness,2
question_31,bare-llm_gemma4-26b,glm-5.1,specificity,1
question_31,bare-llm_gemma4-26b,glm-5.1,helpfulness,1
question_12,bare-llm_gemma4-26b,glm-5.1,relevance,2
question_12,bare-llm_gemma4-26b,glm-5.1,completeness,2
question_12,bare-llm_gemma4-26b,glm-5.1,specificity,2
question_12,bare-llm_gemma4-26b,glm-5.1,helpfulness,1
question_32,bare-llm_gemma4-26b,glm-5.1,relevance,1
question_32,bare-llm_gemma4-26b,glm-5.1,completeness,1
question_32,bare-llm_gemma4-26b,glm-5.1,specificity,1
question_32,bare-llm_gemma4-26b,glm-5.1,helpfulness,1
question_13,bare-llm_gemma4-26b,glm-5.1,relevance,4
question_13,bare-llm_gemma4-26b,glm-5.1,completeness,3
question_13,bare-llm_gemma4-26b,glm-5.1,specificity,3
question_13,bare-llm_gemma4-26b,glm-5.1,helpfulness,3
question_43,bare-llm_gemma4-26b,glm-5.1,relevance,4
question_43,bare-llm_gemma4-26b,glm-5.1,completeness,4
question_43,bare-llm_gemma4-26b,glm-5.1,specificity,2
question_43,bare-llm_gemma4-26b,glm-5.1,helpfulness,2
question_14,bare-llm_gemma4-26b,glm-5.1,relevance,3
question_14,bare-llm_gemma4-26b,glm-5.1,completeness,2
question_14,bare-llm_gemma4-26b,glm-5.1,specificity,2
question_14,bare-llm_gemma4-26b,glm-5.1,helpfulness,2
question_33,bare-llm_gemma4-26b,glm-5.1,relevance,2
question_33,bare-llm_gemma4-26b,glm-5.1,completeness,2
question_33,bare-llm_gemma4-26b,glm-5.1,specificity,2
question_33,bare-llm_gemma4-26b,glm-5.1,helpfulness,1
question_2,bare-llm_gemma4-26b,glm-5.1,relevance,3
question_2,bare-llm_gemma4-26b,glm-5.1,completeness,2
question_2,bare-llm_gemma4-26b,glm-5.1,specificity,2
question_2,bare-llm_gemma4-26b,glm-5.1,helpfulness,2
question_34,bare-llm_gemma4-26b,glm-5.1,relevance,5
question_34,bare-llm_gemma4-26b,glm-5.1,completeness,5
question_34,bare-llm_gemma4-26b,glm-5.1,specificity,4
question_34,bare-llm_gemma4-26b,glm-5.1,helpfulness,5
question_15,bare-llm_gemma4-26b,glm-5.1,relevance,5
question_15,bare-llm_gemma4-26b,glm-5.1,completeness,5
question_15,bare-llm_gemma4-26b,glm-5.1,specificity,4
question_15,bare-llm_gemma4-26b,glm-5.1,helpfulness,5
question_44,bare-llm_gemma4-26b,glm-5.1,relevance,3
question_44,bare-llm_gemma4-26b,glm-5.1,completeness,3
question_44,bare-llm_gemma4-26b,glm-5.1,specificity,2
question_44,bare-llm_gemma4-26b,glm-5.1,helpfulness,2
question_51,bare-llm_gemma4-26b,glm-5.1,relevance,2
question_51,bare-llm_gemma4-26b,glm-5.1,completeness,1
question_51,bare-llm_gemma4-26b,glm-5.1,specificity,1
question_51,bare-llm_gemma4-26b,glm-5.1,helpfulness,1
question_16,bare-llm_gemma4-26b,glm-5.1,relevance,4
question_16,bare-llm_gemma4-26b,glm-5.1,completeness,4
question_16,bare-llm_gemma4-26b,glm-5.1,specificity,2
question_16,bare-llm_gemma4-26b,glm-5.1,helpfulness,2
question_17,bare-llm_gemma4-26b,glm-5.1,relevance,4
question_17,bare-llm_gemma4-26b,glm-5.1,completeness,3
question_17,bare-llm_gemma4-26b,glm-5.1,specificity,3
question_17,bare-llm_gemma4-26b,glm-5.1,helpfulness,3
question_52,bare-llm_gemma4-26b,glm-5.1,relevance,2
question_52,bare-llm_gemma4-26b,glm-5.1,completeness,1
question_52,bare-llm_gemma4-26b,glm-5.1,specificity,2
question_52,bare-llm_gemma4-26b,glm-5.1,helpfulness,1
question_53,bare-llm_gemma4-26b,glm-5.1,relevance,2
question_53,bare-llm_gemma4-26b,glm-5.1,completeness,2
question_53,bare-llm_gemma4-26b,glm-5.1,specificity,1
question_53,bare-llm_gemma4-26b,glm-5.1,helpfulness,2
question_35,bare-llm_gemma4-26b,glm-5.1,relevance,5
question_35,bare-llm_gemma4-26b,glm-5.1,completeness,5
question_35,bare-llm_gemma4-26b,glm-5.1,specificity,5
question_35,bare-llm_gemma4-26b,glm-5.1,helpfulness,5
question_36,bare-llm_gemma4-26b,glm-5.1,relevance,2
question_36,bare-llm_gemma4-26b,glm-5.1,completeness,2
question_36,bare-llm_gemma4-26b,glm-5.1,specificity,2
question_36,bare-llm_gemma4-26b,glm-5.1,helpfulness,2
question_3,bare-llm_gemma4-26b,glm-5.1,relevance,4
question_3,bare-llm_gemma4-26b,glm-5.1,completeness,4
question_3,bare-llm_gemma4-26b,glm-5.1,specificity,3
question_3,bare-llm_gemma4-26b,glm-5.1,helpfulness,3
question_45,bare-llm_gemma4-26b,glm-5.1,relevance,3
question_45,bare-llm_gemma4-26b,glm-5.1,completeness,4
question_45,bare-llm_gemma4-26b,glm-5.1,specificity,2
question_45,bare-llm_gemma4-26b,glm-5.1,helpfulness,2
question_37,bare-llm_gemma4-26b,glm-5.1,relevance,1
question_37,bare-llm_gemma4-26b,glm-5.1,completeness,1
question_37,bare-llm_gemma4-26b,glm-5.1,specificity,1
question_37,bare-llm_gemma4-26b,glm-5.1,helpfulness,1
question_18,bare-llm_gemma4-26b,glm-5.1,relevance,2
question_18,bare-llm_gemma4-26b,glm-5.1,completeness,1
question_18,bare-llm_gemma4-26b,glm-5.1,specificity,2
question_18,bare-llm_gemma4-26b,glm-5.1,helpfulness,1
question_19,bare-llm_gemma4-26b,glm-5.1,relevance,5
question_19,bare-llm_gemma4-26b,glm-5.1,completeness,4
question_19,bare-llm_gemma4-26b,glm-5.1,specificity,2
question_19,bare-llm_gemma4-26b,glm-5.1,helpfulness,1
question_20,bare-llm_gemma4-26b,glm-5.1,relevance,5
question_20,bare-llm_gemma4-26b,glm-5.1,completeness,5
question_20,bare-llm_gemma4-26b,glm-5.1,specificity,5
question_20,bare-llm_gemma4-26b,glm-5.1,helpfulness,5
question_38,bare-llm_gemma4-26b,glm-5.1,relevance,3
question_38,bare-llm_gemma4-26b,glm-5.1,completeness,3
question_38,bare-llm_gemma4-26b,glm-5.1,specificity,2
question_38,bare-llm_gemma4-26b,glm-5.1,helpfulness,2
question_21,bare-llm_gemma4-26b,glm-5.1,relevance,2
question_21,bare-llm_gemma4-26b,glm-5.1,completeness,2
question_21,bare-llm_gemma4-26b,glm-5.1,specificity,2
question_21,bare-llm_gemma4-26b,glm-5.1,helpfulness,1
question_22,bare-llm_gemma4-26b,glm-5.1,relevance,2
question_22,bare-llm_gemma4-26b,glm-5.1,completeness,1
question_22,bare-llm_gemma4-26b,glm-5.1,specificity,2
question_22,bare-llm_gemma4-26b,glm-5.1,helpfulness,1
question_46,compops-no-tools_gemma4-26b,glm-5.1,relevance,5
question_46,compops-no-tools_gemma4-26b,glm-5.1,completeness,3
question_46,compops-no-tools_gemma4-26b,glm-5.1,specificity,4
question_46,compops-no-tools_gemma4-26b,glm-5.1,helpfulness,4
question_46,compops-no-tools_gemma4-26b,glm-5.1,source_faithfulness,4
question_1,compops-no-tools_gemma4-26b,glm-5.1,relevance,4
question_1,compops-no-tools_gemma4-26b,glm-5.1,completeness,4
question_1,compops-no-tools_gemma4-26b,glm-5.1,specificity,3
question_1,compops-no-tools_gemma4-26b,glm-5.1,helpfulness,3
question_1,compops-no-tools_gemma4-26b,glm-5.1,source_faithfulness,3
question_23,compops-no-tools_gemma4-26b,glm-5.1,relevance,5
question_23,compops-no-tools_gemma4-26b,glm-5.1,completeness,4
question_23,compops-no-tools_gemma4-26b,glm-5.1,specificity,4
question_23,compops-no-tools_gemma4-26b,glm-5.1,helpfulness,4
question_23,compops-no-tools_gemma4-26b,glm-5.1,source_faithfulness,3
question_39,compops-no-tools_gemma4-26b,glm-5.1,relevance,5
question_39,compops-no-tools_gemma4-26b,glm-5.1,completeness,4
question_39,compops-no-tools_gemma4-26b,glm-5.1,specificity,5
question_39,compops-no-tools_gemma4-26b,glm-5.1,helpfulness,5
question_39,compops-no-tools_gemma4-26b,glm-5.1,source_faithfulness,4
question_24,compops-no-tools_gemma4-26b,glm-5.1,relevance,5
question_24,compops-no-tools_gemma4-26b,glm-5.1,completeness,4
question_24,compops-no-tools_gemma4-26b,glm-5.1,specificity,3
question_24,compops-no-tools_gemma4-26b,glm-5.1,helpfulness,3
question_24,compops-no-tools_gemma4-26b,glm-5.1,source_faithfulness,4
question_25,compops-no-tools_gemma4-26b,glm-5.1,relevance,5
question_25,compops-no-tools_gemma4-26b,glm-5.1,completeness,4
question_25,compops-no-tools_gemma4-26b,glm-5.1,specificity,4
question_25,compops-no-tools_gemma4-26b,glm-5.1,helpfulness,4
question_25,compops-no-tools_gemma4-26b,glm-5.1,source_faithfulness,4
question_26,compops-no-tools_gemma4-26b,glm-5.1,relevance,5
question_26,compops-no-tools_gemma4-26b,glm-5.1,completeness,5
question_26,compops-no-tools_gemma4-26b,glm-5.1,specificity,3
question_26,compops-no-tools_gemma4-26b,glm-5.1,helpfulness,4
question_26,compops-no-tools_gemma4-26b,glm-5.1,source_faithfulness,3
question_47,compops-no-tools_gemma4-26b,glm-5.1,relevance,5
question_47,compops-no-tools_gemma4-26b,glm-5.1,completeness,3
question_47,compops-no-tools_gemma4-26b,glm-5.1,specificity,4
question_47,compops-no-tools_gemma4-26b,glm-5.1,helpfulness,3
question_47,compops-no-tools_gemma4-26b,glm-5.1,source_faithfulness,5
question_40,compops-no-tools_gemma4-26b,glm-5.1,relevance,5
question_40,compops-no-tools_gemma4-26b,glm-5.1,completeness,5
question_40,compops-no-tools_gemma4-26b,glm-5.1,specificity,4
question_40,compops-no-tools_gemma4-26b,glm-5.1,helpfulness,4
question_40,compops-no-tools_gemma4-26b,glm-5.1,source_faithfulness,3
question_27,compops-no-tools_gemma4-26b,glm-5.1,relevance,5
question_27,compops-no-tools_gemma4-26b,glm-5.1,completeness,5
question_27,compops-no-tools_gemma4-26b,glm-5.1,specificity,4
question_27,compops-no-tools_gemma4-26b,glm-5.1,helpfulness,4
question_27,compops-no-tools_gemma4-26b,glm-5.1,source_faithfulness,3
question_48,compops-no-tools_gemma4-26b,glm-5.1,relevance,4
question_48,compops-no-tools_gemma4-26b,glm-5.1,completeness,2
question_48,compops-no-tools_gemma4-26b,glm-5.1,specificity,3
question_48,compops-no-tools_gemma4-26b,glm-5.1,helpfulness,3
question_48,compops-no-tools_gemma4-26b,glm-5.1,source_faithfulness,4
question_41,compops-no-tools_gemma4-26b,glm-5.1,relevance,5
question_41,compops-no-tools_gemma4-26b,glm-5.1,completeness,4
question_41,compops-no-tools_gemma4-26b,glm-5.1,specificity,4
question_41,compops-no-tools_gemma4-26b,glm-5.1,helpfulness,4
question_41,compops-no-tools_gemma4-26b,glm-5.1,source_faithfulness,5
question_42,compops-no-tools_gemma4-26b,glm-5.1,relevance,4
question_42,compops-no-tools_gemma4-26b,glm-5.1,completeness,3
question_42,compops-no-tools_gemma4-26b,glm-5.1,specificity,3
question_42,compops-no-tools_gemma4-26b,glm-5.1,helpfulness,3
question_42,compops-no-tools_gemma4-26b,glm-5.1,source_faithfulness,4
question_4,compops-no-tools_gemma4-26b,glm-5.1,relevance,5
question_4,compops-no-tools_gemma4-26b,glm-5.1,completeness,5
question_4,compops-no-tools_gemma4-26b,glm-5.1,specificity,4
question_4,compops-no-tools_gemma4-26b,glm-5.1,helpfulness,5
question_4,compops-no-tools_gemma4-26b,glm-5.1,source_faithfulness,3
question_6,compops-no-tools_gemma4-26b,glm-5.1,relevance,5
question_6,compops-no-tools_gemma4-26b,glm-5.1,completeness,4
question_6,compops-no-tools_gemma4-26b,glm-5.1,specificity,4
question_6,compops-no-tools_gemma4-26b,glm-5.1,helpfulness,3
question_6,compops-no-tools_gemma4-26b,glm-5.1,source_faithfulness,4
question_7,compops-no-tools_gemma4-26b,glm-5.1,relevance,4
question_7,compops-no-tools_gemma4-26b,glm-5.1,completeness,3
question_7,compops-no-tools_gemma4-26b,glm-5.1,specificity,2
question_7,compops-no-tools_gemma4-26b,glm-5.1,helpfulness,2
question_7,compops-no-tools_gemma4-26b,glm-5.1,source_faithfulness,2
question_5,compops-no-tools_gemma4-26b,glm-5.1,relevance,4
question_5,compops-no-tools_gemma4-26b,glm-5.1,completeness,3
question_5,compops-no-tools_gemma4-26b,glm-5.1,specificity,1
question_5,compops-no-tools_gemma4-26b,glm-5.1,helpfulness,1
question_5,compops-no-tools_gemma4-26b,glm-5.1,source_faithfulness,1
question_8,compops-no-tools_gemma4-26b,glm-5.1,relevance,5
question_8,compops-no-tools_gemma4-26b,glm-5.1,completeness,4
question_8,compops-no-tools_gemma4-26b,glm-5.1,specificity,4
question_8,compops-no-tools_gemma4-26b,glm-5.1,helpfulness,4
question_8,compops-no-tools_gemma4-26b,glm-5.1,source_faithfulness,4
question_9,compops-no-tools_gemma4-26b,glm-5.1,relevance,3
question_9,compops-no-tools_gemma4-26b,glm-5.1,completeness,2
question_9,compops-no-tools_gemma4-26b,glm-5.1,specificity,2
question_9,compops-no-tools_gemma4-26b,glm-5.1,helpfulness,2
question_9,compops-no-tools_gemma4-26b,glm-5.1,source_faithfulness,3
question_28,compops-no-tools_gemma4-26b,glm-5.1,relevance,5
question_28,compops-no-tools_gemma4-26b,glm-5.1,completeness,4
question_28,compops-no-tools_gemma4-26b,glm-5.1,specificity,4
question_28,compops-no-tools_gemma4-26b,glm-5.1,helpfulness,4
question_28,compops-no-tools_gemma4-26b,glm-5.1,source_faithfulness,5
question_10,compops-no-tools_gemma4-26b,glm-5.1,relevance,5
question_10,compops-no-tools_gemma4-26b,glm-5.1,completeness,5
question_10,compops-no-tools_gemma4-26b,glm-5.1,specificity,5
question_10,compops-no-tools_gemma4-26b,glm-5.1,helpfulness,5
question_10,compops-no-tools_gemma4-26b,glm-5.1,source_faithfulness,5
question_49,compops-no-tools_gemma4-26b,glm-5.1,relevance,5
question_49,compops-no-tools_gemma4-26b,glm-5.1,completeness,4
question_49,compops-no-tools_gemma4-26b,glm-5.1,specificity,5
question_49,compops-no-tools_gemma4-26b,glm-5.1,helpfulness,4
question_49,compops-no-tools_gemma4-26b,glm-5.1,source_faithfulness,5
question_50,compops-no-tools_gemma4-26b,glm-5.1,relevance,3
question_50,compops-no-tools_gemma4-26b,glm-5.1,completeness,2
question_50,compops-no-tools_gemma4-26b,glm-5.1,specificity,3
question_50,compops-no-tools_gemma4-26b,glm-5.1,helpfulness,2
question_50,compops-no-tools_gemma4-26b,glm-5.1,source_faithfulness,3
question_11,compops-no-tools_gemma4-26b,glm-5.1,relevance,5
question_11,compops-no-tools_gemma4-26b,glm-5.1,completeness,5
question_11,compops-no-tools_gemma4-26b,glm-5.1,specificity,4
question_11,compops-no-tools_gemma4-26b,glm-5.1,helpfulness,4
question_11,compops-no-tools_gemma4-26b,glm-5.1,source_faithfulness,4
question_29,compops-no-tools_gemma4-26b,glm-5.1,relevance,3
question_29,compops-no-tools_gemma4-26b,glm-5.1,completeness,2
question_29,compops-no-tools_gemma4-26b,glm-5.1,specificity,3
question_29,compops-no-tools_gemma4-26b,glm-5.1,helpfulness,2
question_29,compops-no-tools_gemma4-26b,glm-5.1,source_faithfulness,3
question_30,compops-no-tools_gemma4-26b,glm-5.1,relevance,3
question_30,compops-no-tools_gemma4-26b,glm-5.1,completeness,2
question_30,compops-no-tools_gemma4-26b,glm-5.1,specificity,3
question_30,compops-no-tools_gemma4-26b,glm-5.1,helpfulness,2
question_30,compops-no-tools_gemma4-26b,glm-5.1,source_faithfulness,4
question_31,compops-no-tools_gemma4-26b,glm-5.1,relevance,4
question_31,compops-no-tools_gemma4-26b,glm-5.1,completeness,3
question_31,compops-no-tools_gemma4-26b,glm-5.1,specificity,2
question_31,compops-no-tools_gemma4-26b,glm-5.1,helpfulness,3
question_31,compops-no-tools_gemma4-26b,glm-5.1,source_faithfulness,2
question_12,compops-no-tools_gemma4-26b,glm-5.1,relevance,3
question_12,compops-no-tools_gemma4-26b,glm-5.1,completeness,2
question_12,compops-no-tools_gemma4-26b,glm-5.1,specificity,2
question_12,compops-no-tools_gemma4-26b,glm-5.1,helpfulness,2
question_12,compops-no-tools_gemma4-26b,glm-5.1,source_faithfulness,2
question_32,compops-no-tools_gemma4-26b,glm-5.1,relevance,3
question_32,compops-no-tools_gemma4-26b,glm-5.1,completeness,3
question_32,compops-no-tools_gemma4-26b,glm-5.1,specificity,3
question_32,compops-no-tools_gemma4-26b,glm-5.1,helpfulness,3
question_32,compops-no-tools_gemma4-26b,glm-5.1,source_faithfulness,3
question_13,compops-no-tools_gemma4-26b,glm-5.1,relevance,4
question_13,compops-no-tools_gemma4-26b,glm-5.1,completeness,2
question_13,compops-no-tools_gemma4-26b,glm-5.1,specificity,2
question_13,compops-no-tools_gemma4-26b,glm-5.1,helpfulness,2
question_43,compops-no-tools_gemma4-26b,glm-5.1,relevance,3
question_43,compops-no-tools_gemma4-26b,glm-5.1,completeness,2
question_43,compops-no-tools_gemma4-26b,glm-5.1,specificity,2
question_43,compops-no-tools_gemma4-26b,glm-5.1,helpfulness,3
question_43,compops-no-tools_gemma4-26b,glm-5.1,source_faithfulness,2
question_14,compops-no-tools_gemma4-26b,glm-5.1,relevance,4
question_14,compops-no-tools_gemma4-26b,glm-5.1,completeness,3
question_14,compops-no-tools_gemma4-26b,glm-5.1,specificity,2
question_14,compops-no-tools_gemma4-26b,glm-5.1,helpfulness,2
question_14,compops-no-tools_gemma4-26b,glm-5.1,source_faithfulness,2
question_33,compops-no-tools_gemma4-26b,glm-5.1,relevance,5
question_33,compops-no-tools_gemma4-26b,glm-5.1,completeness,5
question_33,compops-no-tools_gemma4-26b,glm-5.1,specificity,5
question_33,compops-no-tools_gemma4-26b,glm-5.1,helpfulness,5
question_33,compops-no-tools_gemma4-26b,glm-5.1,source_faithfulness,5
question_2,compops-no-tools_gemma4-26b,glm-5.1,relevance,5
question_2,compops-no-tools_gemma4-26b,glm-5.1,completeness,4
question_2,compops-no-tools_gemma4-26b,glm-5.1,specificity,4
question_2,compops-no-tools_gemma4-26b,glm-5.1,helpfulness,5
question_2,compops-no-tools_gemma4-26b,glm-5.1,source_faithfulness,4
question_34,compops-no-tools_gemma4-26b,glm-5.1,relevance,5
question_34,compops-no-tools_gemma4-26b,glm-5.1,completeness,5
question_34,compops-no-tools_gemma4-26b,glm-5.1,specificity,4
question_34,compops-no-tools_gemma4-26b,glm-5.1,helpfulness,4
question_34,compops-no-tools_gemma4-26b,glm-5.1,source_faithfulness,3
question_15,compops-no-tools_gemma4-26b,glm-5.1,relevance,5
question_15,compops-no-tools_gemma4-26b,glm-5.1,completeness,5
question_15,compops-no-tools_gemma4-26b,glm-5.1,specificity,4
question_15,compops-no-tools_gemma4-26b,glm-5.1,helpfulness,5
question_15,compops-no-tools_gemma4-26b,glm-5.1,source_faithfulness,4
question_44,compops-no-tools_gemma4-26b,glm-5.1,relevance,5
question_44,compops-no-tools_gemma4-26b,glm-5.1,completeness,4
question_44,compops-no-tools_gemma4-26b,glm-5.1,specificity,3
question_44,compops-no-tools_gemma4-26b,glm-5.1,helpfulness,3
question_44,compops-no-tools_gemma4-26b,glm-5.1,source_faithfulness,4
question_51,compops-no-tools_gemma4-26b,glm-5.1,relevance,5
question_51,compops-no-tools_gemma4-26b,glm-5.1,completeness,3
question_51,compops-no-tools_gemma4-26b,glm-5.1,specificity,3
question_51,compops-no-tools_gemma4-26b,glm-5.1,helpfulness,2
question_51,compops-no-tools_gemma4-26b,glm-5.1,source_faithfulness,4
question_16,compops-no-tools_gemma4-26b,glm-5.1,relevance,5
question_16,compops-no-tools_gemma4-26b,glm-5.1,completeness,5
question_16,compops-no-tools_gemma4-26b,glm-5.1,specificity,5
question_16,compops-no-tools_gemma4-26b,glm-5.1,helpfulness,5
question_16,compops-no-tools_gemma4-26b,glm-5.1,source_faithfulness,5
question_17,compops-no-tools_gemma4-26b,glm-5.1,relevance,5
question_17,compops-no-tools_gemma4-26b,glm-5.1,completeness,3
question_17,compops-no-tools_gemma4-26b,glm-5.1,specificity,4
question_17,compops-no-tools_gemma4-26b,glm-5.1,helpfulness,4
question_17,compops-no-tools_gemma4-26b,glm-5.1,source_faithfulness,3
question_52,compops-no-tools_gemma4-26b,glm-5.1,relevance,5
question_52,compops-no-tools_gemma4-26b,glm-5.1,completeness,4
question_52,compops-no-tools_gemma4-26b,glm-5.1,specificity,3
question_52,compops-no-tools_gemma4-26b,glm-5.1,helpfulness,4
question_52,compops-no-tools_gemma4-26b,glm-5.1,source_faithfulness,3
question_53,compops-no-tools_gemma4-26b,glm-5.1,completeness,4
question_53,compops-no-tools_gemma4-26b,glm-5.1,specificity,5
question_53,compops-no-tools_gemma4-26b,glm-5.1,helpfulness,4
question_53,compops-no-tools_gemma4-26b,glm-5.1,source_faithfulness,4
question_35,compops-no-tools_gemma4-26b,glm-5.1,relevance,5
question_35,compops-no-tools_gemma4-26b,glm-5.1,completeness,5
question_35,compops-no-tools_gemma4-26b,glm-5.1,specificity,5
question_35,compops-no-tools_gemma4-26b,glm-5.1,helpfulness,5
question_35,compops-no-tools_gemma4-26b,glm-5.1,source_faithfulness,4
question_36,compops-no-tools_gemma4-26b,glm-5.1,relevance,5
question_36,compops-no-tools_gemma4-26b,glm-5.1,completeness,4
question_36,compops-no-tools_gemma4-26b,glm-5.1,specificity,5
question_36,compops-no-tools_gemma4-26b,glm-5.1,helpfulness,5
question_36,compops-no-tools_gemma4-26b,glm-5.1,source_faithfulness,5
question_3,compops-no-tools_gemma4-26b,glm-5.1,relevance,2
question_3,compops-no-tools_gemma4-26b,glm-5.1,completeness,2
question_3,compops-no-tools_gemma4-26b,glm-5.1,specificity,3
question_3,compops-no-tools_gemma4-26b,glm-5.1,helpfulness,1
question_3,compops-no-tools_gemma4-26b,glm-5.1,source_faithfulness,3
question_45,compops-no-tools_gemma4-26b,glm-5.1,relevance,5
question_45,compops-no-tools_gemma4-26b,glm-5.1,completeness,5
question_45,compops-no-tools_gemma4-26b,glm-5.1,specificity,5
question_45,compops-no-tools_gemma4-26b,glm-5.1,helpfulness,5
question_45,compops-no-tools_gemma4-26b,glm-5.1,source_faithfulness,4
question_37,compops-no-tools_gemma4-26b,glm-5.1,relevance,5
question_37,compops-no-tools_gemma4-26b,glm-5.1,completeness,5
question_37,compops-no-tools_gemma4-26b,glm-5.1,specificity,3
question_37,compops-no-tools_gemma4-26b,glm-5.1,helpfulness,4
question_37,compops-no-tools_gemma4-26b,glm-5.1,source_faithfulness,3
question_18,compops-no-tools_gemma4-26b,glm-5.1,relevance,3
question_18,compops-no-tools_gemma4-26b,glm-5.1,completeness,2
question_18,compops-no-tools_gemma4-26b,glm-5.1,specificity,3
question_18,compops-no-tools_gemma4-26b,glm-5.1,helpfulness,2
question_18,compops-no-tools_gemma4-26b,glm-5.1,source_faithfulness,3
question_19,compops-no-tools_gemma4-26b,glm-5.1,relevance,5
question_19,compops-no-tools_gemma4-26b,glm-5.1,completeness,5
question_19,compops-no-tools_gemma4-26b,glm-5.1,specificity,4
question_19,compops-no-tools_gemma4-26b,glm-5.1,helpfulness,5
question_19,compops-no-tools_gemma4-26b,glm-5.1,source_faithfulness,4
question_20,compops-no-tools_gemma4-26b,glm-5.1,relevance,3
question_20,compops-no-tools_gemma4-26b,glm-5.1,completeness,2
question_20,compops-no-tools_gemma4-26b,glm-5.1,specificity,3
question_20,compops-no-tools_gemma4-26b,glm-5.1,helpfulness,3
question_20,compops-no-tools_gemma4-26b,glm-5.1,source_faithfulness,2
question_38,compops-no-tools_gemma4-26b,glm-5.1,relevance,5
question_38,compops-no-tools_gemma4-26b,glm-5.1,completeness,4
question_38,compops-no-tools_gemma4-26b,glm-5.1,specificity,4
question_38,compops-no-tools_gemma4-26b,glm-5.1,helpfulness,4
question_38,compops-no-tools_gemma4-26b,glm-5.1,source_faithfulness,4
question_21,compops-no-tools_gemma4-26b,glm-5.1,relevance,2
question_21,compops-no-tools_gemma4-26b,glm-5.1,completeness,2
question_21,compops-no-tools_gemma4-26b,glm-5.1,specificity,2
question_21,compops-no-tools_gemma4-26b,glm-5.1,helpfulness,2
question_21,compops-no-tools_gemma4-26b,glm-5.1,source_faithfulness,3
question_22,compops-no-tools_gemma4-26b,glm-5.1,relevance,3
question_22,compops-no-tools_gemma4-26b,glm-5.1,completeness,2
question_22,compops-no-tools_gemma4-26b,glm-5.1,specificity,2
question_22,compops-no-tools_gemma4-26b,glm-5.1,helpfulness,2
question_22,compops-no-tools_gemma4-26b,glm-5.1,source_faithfulness,2
question_46,compops-tools_gemma4-26b,glm-5.1,relevance,2
question_46,compops-tools_gemma4-26b,glm-5.1,completeness,1
question_46,compops-tools_gemma4-26b,glm-5.1,specificity,2
question_46,compops-tools_gemma4-26b,glm-5.1,helpfulness,1
question_1,compops-tools_gemma4-26b,glm-5.1,relevance,5
question_1,compops-tools_gemma4-26b,glm-5.1,completeness,5
question_1,compops-tools_gemma4-26b,glm-5.1,specificity,4
question_1,compops-tools_gemma4-26b,glm-5.1,helpfulness,5
question_1,compops-tools_gemma4-26b,glm-5.1,source_faithfulness,4
question_23,compops-tools_gemma4-26b,glm-5.1,relevance,5
question_23,compops-tools_gemma4-26b,glm-5.1,completeness,4
question_23,compops-tools_gemma4-26b,glm-5.1,specificity,4
question_23,compops-tools_gemma4-26b,glm-5.1,helpfulness,4
question_23,compops-tools_gemma4-26b,glm-5.1,source_faithfulness,4
question_39,compops-tools_gemma4-26b,glm-5.1,relevance,5
question_39,compops-tools_gemma4-26b,glm-5.1,completeness,3
question_39,compops-tools_gemma4-26b,glm-5.1,specificity,2
question_39,compops-tools_gemma4-26b,glm-5.1,helpfulness,3
question_39,compops-tools_gemma4-26b,glm-5.1,source_faithfulness,2
question_24,compops-tools_gemma4-26b,glm-5.1,relevance,5
question_24,compops-tools_gemma4-26b,glm-5.1,completeness,4
question_24,compops-tools_gemma4-26b,glm-5.1,specificity,3
question_24,compops-tools_gemma4-26b,glm-5.1,helpfulness,3
question_24,compops-tools_gemma4-26b,glm-5.1,source_faithfulness,4
question_25,compops-tools_gemma4-26b,glm-5.1,relevance,5
question_25,compops-tools_gemma4-26b,glm-5.1,completeness,5
question_25,compops-tools_gemma4-26b,glm-5.1,specificity,4
question_25,compops-tools_gemma4-26b,glm-5.1,helpfulness,5
question_25,compops-tools_gemma4-26b,glm-5.1,source_faithfulness,3
question_26,compops-tools_gemma4-26b,glm-5.1,relevance,5
question_26,compops-tools_gemma4-26b,glm-5.1,completeness,4
question_26,compops-tools_gemma4-26b,glm-5.1,specificity,4
question_26,compops-tools_gemma4-26b,glm-5.1,helpfulness,5
question_26,compops-tools_gemma4-26b,glm-5.1,source_faithfulness,3
question_47,compops-tools_gemma4-26b,glm-5.1,relevance,1
question_47,compops-tools_gemma4-26b,glm-5.1,completeness,1
question_47,compops-tools_gemma4-26b,glm-5.1,specificity,1
question_47,compops-tools_gemma4-26b,glm-5.1,helpfulness,1
question_40,compops-tools_gemma4-26b,glm-5.1,relevance,5
question_40,compops-tools_gemma4-26b,glm-5.1,completeness,5
question_40,compops-tools_gemma4-26b,glm-5.1,specificity,5
question_40,compops-tools_gemma4-26b,glm-5.1,helpfulness,5
question_40,compops-tools_gemma4-26b,glm-5.1,source_faithfulness,4
question_27,compops-tools_gemma4-26b,glm-5.1,relevance,5
question_27,compops-tools_gemma4-26b,glm-5.1,completeness,5
question_27,compops-tools_gemma4-26b,glm-5.1,specificity,3
question_27,compops-tools_gemma4-26b,glm-5.1,helpfulness,4
question_27,compops-tools_gemma4-26b,glm-5.1,source_faithfulness,3
question_48,compops-tools_gemma4-26b,glm-5.1,relevance,4
question_48,compops-tools_gemma4-26b,glm-5.1,completeness,3
question_48,compops-tools_gemma4-26b,glm-5.1,specificity,3
question_48,compops-tools_gemma4-26b,glm-5.1,helpfulness,3
question_48,compops-tools_gemma4-26b,glm-5.1,source_faithfulness,4
question_41,compops-tools_gemma4-26b,glm-5.1,relevance,5
question_41,compops-tools_gemma4-26b,glm-5.1,completeness,5
question_41,compops-tools_gemma4-26b,glm-5.1,specificity,4
question_41,compops-tools_gemma4-26b,glm-5.1,helpfulness,5
question_41,compops-tools_gemma4-26b,glm-5.1,source_faithfulness,4
question_42,compops-tools_gemma4-26b,glm-5.1,relevance,4
question_42,compops-tools_gemma4-26b,glm-5.1,completeness,3
question_42,compops-tools_gemma4-26b,glm-5.1,specificity,3
question_42,compops-tools_gemma4-26b,glm-5.1,helpfulness,3
question_42,compops-tools_gemma4-26b,glm-5.1,source_faithfulness,4
question_4,compops-tools_gemma4-26b,glm-5.1,relevance,4
question_4,compops-tools_gemma4-26b,glm-5.1,completeness,3
question_4,compops-tools_gemma4-26b,glm-5.1,specificity,2
question_4,compops-tools_gemma4-26b,glm-5.1,helpfulness,3
question_4,compops-tools_gemma4-26b,glm-5.1,source_faithfulness,2
question_6,compops-tools_gemma4-26b,glm-5.1,relevance,5
question_6,compops-tools_gemma4-26b,glm-5.1,completeness,5
question_6,compops-tools_gemma4-26b,glm-5.1,specificity,2
question_6,compops-tools_gemma4-26b,glm-5.1,helpfulness,2
question_7,compops-tools_gemma4-26b,glm-5.1,relevance,4
question_7,compops-tools_gemma4-26b,glm-5.1,completeness,4
question_7,compops-tools_gemma4-26b,glm-5.1,specificity,2
question_7,compops-tools_gemma4-26b,glm-5.1,helpfulness,2
question_7,compops-tools_gemma4-26b,glm-5.1,source_faithfulness,3
question_5,compops-tools_gemma4-26b,glm-5.1,relevance,1
question_5,compops-tools_gemma4-26b,glm-5.1,completeness,1
question_5,compops-tools_gemma4-26b,glm-5.1,specificity,1
question_5,compops-tools_gemma4-26b,glm-5.1,helpfulness,1
question_5,compops-tools_gemma4-26b,glm-5.1,source_faithfulness,1
question_8,compops-tools_gemma4-26b,glm-5.1,relevance,5
question_8,compops-tools_gemma4-26b,glm-5.1,completeness,5
question_8,compops-tools_gemma4-26b,glm-5.1,specificity,2
question_8,compops-tools_gemma4-26b,glm-5.1,helpfulness,3
question_8,compops-tools_gemma4-26b,glm-5.1,source_faithfulness,2
question_9,compops-tools_gemma4-26b,glm-5.1,relevance,3
question_9,compops-tools_gemma4-26b,glm-5.1,completeness,2
question_9,compops-tools_gemma4-26b,glm-5.1,specificity,3
question_9,compops-tools_gemma4-26b,glm-5.1,helpfulness,2
question_9,compops-tools_gemma4-26b,glm-5.1,source_faithfulness,4
question_28,compops-tools_gemma4-26b,glm-5.1,relevance,5
question_28,compops-tools_gemma4-26b,glm-5.1,completeness,4
question_28,compops-tools_gemma4-26b,glm-5.1,specificity,4
question_28,compops-tools_gemma4-26b,glm-5.1,helpfulness,4
question_28,compops-tools_gemma4-26b,glm-5.1,source_faithfulness,4
question_10,compops-tools_gemma4-26b,glm-5.1,relevance,5
question_10,compops-tools_gemma4-26b,glm-5.1,completeness,5
question_10,compops-tools_gemma4-26b,glm-5.1,specificity,4
question_10,compops-tools_gemma4-26b,glm-5.1,helpfulness,4
question_10,compops-tools_gemma4-26b,glm-5.1,source_faithfulness,3
question_49,compops-tools_gemma4-26b,glm-5.1,relevance,5
question_49,compops-tools_gemma4-26b,glm-5.1,completeness,4
question_49,compops-tools_gemma4-26b,glm-5.1,specificity,4
question_49,compops-tools_gemma4-26b,glm-5.1,helpfulness,4
question_49,compops-tools_gemma4-26b,glm-5.1,source_faithfulness,4
question_50,compops-tools_gemma4-26b,glm-5.1,relevance,3
question_50,compops-tools_gemma4-26b,glm-5.1,completeness,2
question_50,compops-tools_gemma4-26b,glm-5.1,specificity,4
question_50,compops-tools_gemma4-26b,glm-5.1,helpfulness,3
question_50,compops-tools_gemma4-26b,glm-5.1,source_faithfulness,3
question_11,compops-tools_gemma4-26b,glm-5.1,relevance,5
question_11,compops-tools_gemma4-26b,glm-5.1,completeness,5
question_11,compops-tools_gemma4-26b,glm-5.1,specificity,4
question_11,compops-tools_gemma4-26b,glm-5.1,helpfulness,5
question_11,compops-tools_gemma4-26b,glm-5.1,source_faithfulness,4
question_29,compops-tools_gemma4-26b,glm-5.1,relevance,5
question_29,compops-tools_gemma4-26b,glm-5.1,completeness,4
question_29,compops-tools_gemma4-26b,glm-5.1,specificity,2
question_29,compops-tools_gemma4-26b,glm-5.1,helpfulness,3
question_29,compops-tools_gemma4-26b,glm-5.1,source_faithfulness,1
question_30,compops-tools_gemma4-26b,glm-5.1,relevance,5
question_30,compops-tools_gemma4-26b,glm-5.1,completeness,4
question_30,compops-tools_gemma4-26b,glm-5.1,specificity,3
question_30,compops-tools_gemma4-26b,glm-5.1,helpfulness,4
question_30,compops-tools_gemma4-26b,glm-5.1,source_faithfulness,4
question_31,compops-tools_gemma4-26b,glm-5.1,relevance,5
question_31,compops-tools_gemma4-26b,glm-5.1,completeness,5
question_31,compops-tools_gemma4-26b,glm-5.1,specificity,3
question_31,compops-tools_gemma4-26b,glm-5.1,helpfulness,4
question_31,compops-tools_gemma4-26b,glm-5.1,source_faithfulness,3
question_12,compops-tools_gemma4-26b,glm-5.1,relevance,4
question_12,compops-tools_gemma4-26b,glm-5.1,completeness,3
question_12,compops-tools_gemma4-26b,glm-5.1,specificity,2
question_12,compops-tools_gemma4-26b,glm-5.1,helpfulness,3
question_12,compops-tools_gemma4-26b,glm-5.1,source_faithfulness,2
question_32,compops-tools_gemma4-26b,glm-5.1,relevance,5
question_32,compops-tools_gemma4-26b,glm-5.1,completeness,5
question_32,compops-tools_gemma4-26b,glm-5.1,specificity,3
question_32,compops-tools_gemma4-26b,glm-5.1,helpfulness,4
question_32,compops-tools_gemma4-26b,glm-5.1,source_faithfulness,2
question_13,compops-tools_gemma4-26b,glm-5.1,relevance,4
question_13,compops-tools_gemma4-26b,glm-5.1,completeness,3
question_13,compops-tools_gemma4-26b,glm-5.1,specificity,3
question_13,compops-tools_gemma4-26b,glm-5.1,helpfulness,3
question_43,compops-tools_gemma4-26b,glm-5.1,relevance,5
question_43,compops-tools_gemma4-26b,glm-5.1,completeness,5
question_43,compops-tools_gemma4-26b,glm-5.1,specificity,5
question_43,compops-tools_gemma4-26b,glm-5.1,helpfulness,4
question_43,compops-tools_gemma4-26b,glm-5.1,source_faithfulness,4
question_14,compops-tools_gemma4-26b,glm-5.1,relevance,3
question_14,compops-tools_gemma4-26b,glm-5.1,completeness,2
question_14,compops-tools_gemma4-26b,glm-5.1,specificity,2
question_14,compops-tools_gemma4-26b,glm-5.1,helpfulness,2
question_14,compops-tools_gemma4-26b,glm-5.1,source_faithfulness,1
question_33,compops-tools_gemma4-26b,glm-5.1,relevance,5
question_33,compops-tools_gemma4-26b,glm-5.1,completeness,4
question_33,compops-tools_gemma4-26b,glm-5.1,specificity,3
question_33,compops-tools_gemma4-26b,glm-5.1,helpfulness,3
question_33,compops-tools_gemma4-26b,glm-5.1,source_faithfulness,4
question_2,compops-tools_gemma4-26b,glm-5.1,relevance,4
question_2,compops-tools_gemma4-26b,glm-5.1,completeness,3
question_2,compops-tools_gemma4-26b,glm-5.1,specificity,3
question_2,compops-tools_gemma4-26b,glm-5.1,helpfulness,3
question_2,compops-tools_gemma4-26b,glm-5.1,source_faithfulness,3
question_34,compops-tools_gemma4-26b,glm-5.1,relevance,5
question_34,compops-tools_gemma4-26b,glm-5.1,completeness,5
question_34,compops-tools_gemma4-26b,glm-5.1,specificity,4
question_34,compops-tools_gemma4-26b,glm-5.1,helpfulness,4
question_34,compops-tools_gemma4-26b,glm-5.1,source_faithfulness,4
question_15,compops-tools_gemma4-26b,glm-5.1,relevance,5
question_15,compops-tools_gemma4-26b,glm-5.1,completeness,5
question_15,compops-tools_gemma4-26b,glm-5.1,specificity,5
question_15,compops-tools_gemma4-26b,glm-5.1,helpfulness,5
question_15,compops-tools_gemma4-26b,glm-5.1,source_faithfulness,5
question_44,compops-tools_gemma4-26b,glm-5.1,relevance,5
question_44,compops-tools_gemma4-26b,glm-5.1,completeness,5
question_44,compops-tools_gemma4-26b,glm-5.1,specificity,2
question_44,compops-tools_gemma4-26b,glm-5.1,helpfulness,4
question_44,compops-tools_gemma4-26b,glm-5.1,source_faithfulness,5
question_51,compops-tools_gemma4-26b,glm-5.1,relevance,3
question_51,compops-tools_gemma4-26b,glm-5.1,completeness,3
question_51,compops-tools_gemma4-26b,glm-5.1,specificity,2
question_51,compops-tools_gemma4-26b,glm-5.1,helpfulness,2
question_51,compops-tools_gemma4-26b,glm-5.1,source_faithfulness,2
question_16,compops-tools_gemma4-26b,glm-5.1,relevance,5
question_16,compops-tools_gemma4-26b,glm-5.1,completeness,5
question_16,compops-tools_gemma4-26b,glm-5.1,specificity,4
question_16,compops-tools_gemma4-26b,glm-5.1,helpfulness,5
question_16,compops-tools_gemma4-26b,glm-5.1,source_faithfulness,3
question_17,compops-tools_gemma4-26b,glm-5.1,relevance,5
question_17,compops-tools_gemma4-26b,glm-5.1,completeness,4
question_17,compops-tools_gemma4-26b,glm-5.1,specificity,4
question_17,compops-tools_gemma4-26b,glm-5.1,helpfulness,4
question_17,compops-tools_gemma4-26b,glm-5.1,source_faithfulness,4
question_52,compops-tools_gemma4-26b,glm-5.1,relevance,5
question_52,compops-tools_gemma4-26b,glm-5.1,completeness,5
question_52,compops-tools_gemma4-26b,glm-5.1,specificity,5
question_52,compops-tools_gemma4-26b,glm-5.1,helpfulness,5
question_52,compops-tools_gemma4-26b,glm-5.1,source_faithfulness,5
question_53,compops-tools_gemma4-26b,glm-5.1,relevance,5
question_53,compops-tools_gemma4-26b,glm-5.1,completeness,3
question_53,compops-tools_gemma4-26b,glm-5.1,specificity,4
question_53,compops-tools_gemma4-26b,glm-5.1,helpfulness,3
question_35,compops-tools_gemma4-26b,glm-5.1,relevance,5
question_35,compops-tools_gemma4-26b,glm-5.1,completeness,5
question_35,compops-tools_gemma4-26b,glm-5.1,specificity,4
question_35,compops-tools_gemma4-26b,glm-5.1,helpfulness,5
question_35,compops-tools_gemma4-26b,glm-5.1,source_faithfulness,3
question_36,compops-tools_gemma4-26b,glm-5.1,relevance,5
question_36,compops-tools_gemma4-26b,glm-5.1,completeness,4
question_36,compops-tools_gemma4-26b,glm-5.1,specificity,4
question_36,compops-tools_gemma4-26b,glm-5.1,helpfulness,4
question_36,compops-tools_gemma4-26b,glm-5.1,source_faithfulness,4
question_3,compops-tools_gemma4-26b,glm-5.1,relevance,5
question_3,compops-tools_gemma4-26b,glm-5.1,completeness,3
question_3,compops-tools_gemma4-26b,glm-5.1,specificity,4
question_3,compops-tools_gemma4-26b,glm-5.1,helpfulness,3
question_3,compops-tools_gemma4-26b,glm-5.1,source_faithfulness,4
question_45,compops-tools_gemma4-26b,glm-5.1,relevance,5
question_45,compops-tools_gemma4-26b,glm-5.1,completeness,5
question_45,compops-tools_gemma4-26b,glm-5.1,specificity,4
question_45,compops-tools_gemma4-26b,glm-5.1,helpfulness,4
question_45,compops-tools_gemma4-26b,glm-5.1,source_faithfulness,4
question_37,compops-tools_gemma4-26b,glm-5.1,relevance,4
question_37,compops-tools_gemma4-26b,glm-5.1,completeness,2
question_37,compops-tools_gemma4-26b,glm-5.1,specificity,2
question_37,compops-tools_gemma4-26b,glm-5.1,helpfulness,3
question_37,compops-tools_gemma4-26b,glm-5.1,source_faithfulness,5
question_18,compops-tools_gemma4-26b,glm-5.1,relevance,4
question_18,compops-tools_gemma4-26b,glm-5.1,completeness,4
question_18,compops-tools_gemma4-26b,glm-5.1,specificity,2
question_18,compops-tools_gemma4-26b,glm-5.1,helpfulness,2
question_18,compops-tools_gemma4-26b,glm-5.1,source_faithfulness,2
question_19,compops-tools_gemma4-26b,glm-5.1,relevance,5
question_19,compops-tools_gemma4-26b,glm-5.1,completeness,5
question_19,compops-tools_gemma4-26b,glm-5.1,specificity,4
question_19,compops-tools_gemma4-26b,glm-5.1,helpfulness,4
question_19,compops-tools_gemma4-26b,glm-5.1,source_faithfulness,5
question_20,compops-tools_gemma4-26b,glm-5.1,relevance,3
question_20,compops-tools_gemma4-26b,glm-5.1,completeness,2
question_20,compops-tools_gemma4-26b,glm-5.1,specificity,2
question_20,compops-tools_gemma4-26b,glm-5.1,helpfulness,2
question_20,compops-tools_gemma4-26b,glm-5.1,source_faithfulness,3
question_38,compops-tools_gemma4-26b,glm-5.1,relevance,5
question_38,compops-tools_gemma4-26b,glm-5.1,completeness,3
question_38,compops-tools_gemma4-26b,glm-5.1,specificity,2
question_38,compops-tools_gemma4-26b,glm-5.1,helpfulness,3
question_38,compops-tools_gemma4-26b,glm-5.1,source_faithfulness,2
question_21,compops-tools_gemma4-26b,glm-5.1,relevance,4
question_21,compops-tools_gemma4-26b,glm-5.1,completeness,2
question_21,compops-tools_gemma4-26b,glm-5.1,specificity,4
question_21,compops-tools_gemma4-26b,glm-5.1,helpfulness,2
question_21,compops-tools_gemma4-26b,glm-5.1,source_faithfulness,3
question_22,compops-tools_gemma4-26b,glm-5.1,relevance,5
question_22,compops-tools_gemma4-26b,glm-5.1,completeness,4
question_22,compops-tools_gemma4-26b,glm-5.1,specificity,2
question_22,compops-tools_gemma4-26b,glm-5.1,helpfulness,3
question_22,compops-tools_gemma4-26b,glm-5.1,source_faithfulness,1
question_46,compops_gemma4-26b,glm-5.1,relevance,5
question_46,compops_gemma4-26b,glm-5.1,completeness,4
question_46,compops_gemma4-26b,glm-5.1,specificity,4
question_46,compops_gemma4-26b,glm-5.1,helpfulness,4
question_46,compops_gemma4-26b,glm-5.1,source_faithfulness,4
question_1,compops_gemma4-26b,glm-5.1,relevance,5
question_1,compops_gemma4-26b,glm-5.1,completeness,4
question_1,compops_gemma4-26b,glm-5.1,specificity,2
question_1,compops_gemma4-26b,glm-5.1,helpfulness,3
question_1,compops_gemma4-26b,glm-5.1,source_faithfulness,2
question_23,compops_gemma4-26b,glm-5.1,relevance,5
question_23,compops_gemma4-26b,glm-5.1,completeness,4
question_23,compops_gemma4-26b,glm-5.1,specificity,4
question_23,compops_gemma4-26b,glm-5.1,helpfulness,4
question_23,compops_gemma4-26b,glm-5.1,source_faithfulness,3
question_39,compops_gemma4-26b,glm-5.1,relevance,5
question_39,compops_gemma4-26b,glm-5.1,completeness,4
question_39,compops_gemma4-26b,glm-5.1,specificity,5
question_39,compops_gemma4-26b,glm-5.1,helpfulness,4
question_39,compops_gemma4-26b,glm-5.1,source_faithfulness,4
question_24,compops_gemma4-26b,glm-5.1,relevance,5
question_24,compops_gemma4-26b,glm-5.1,completeness,4
question_24,compops_gemma4-26b,glm-5.1,specificity,3
question_24,compops_gemma4-26b,glm-5.1,helpfulness,3
question_24,compops_gemma4-26b,glm-5.1,source_faithfulness,4
question_25,compops_gemma4-26b,glm-5.1,relevance,5
question_25,compops_gemma4-26b,glm-5.1,completeness,5
question_25,compops_gemma4-26b,glm-5.1,specificity,4
question_25,compops_gemma4-26b,glm-5.1,helpfulness,5
question_25,compops_gemma4-26b,glm-5.1,source_faithfulness,3
question_26,compops_gemma4-26b,glm-5.1,relevance,4
question_26,compops_gemma4-26b,glm-5.1,completeness,4
question_26,compops_gemma4-26b,glm-5.1,specificity,3
question_26,compops_gemma4-26b,glm-5.1,helpfulness,3
question_26,compops_gemma4-26b,glm-5.1,source_faithfulness,3
question_47,compops_gemma4-26b,glm-5.1,relevance,5
question_47,compops_gemma4-26b,glm-5.1,completeness,5
question_47,compops_gemma4-26b,glm-5.1,specificity,4
question_47,compops_gemma4-26b,glm-5.1,helpfulness,4
question_47,compops_gemma4-26b,glm-5.1,source_faithfulness,3
question_40,compops_gemma4-26b,glm-5.1,relevance,5
question_40,compops_gemma4-26b,glm-5.1,completeness,5
question_40,compops_gemma4-26b,glm-5.1,specificity,4
question_40,compops_gemma4-26b,glm-5.1,helpfulness,5
question_40,compops_gemma4-26b,glm-5.1,source_faithfulness,3
question_27,compops_gemma4-26b,glm-5.1,relevance,5
question_27,compops_gemma4-26b,glm-5.1,completeness,5
question_27,compops_gemma4-26b,glm-5.1,specificity,2
question_27,compops_gemma4-26b,glm-5.1,helpfulness,3
question_27,compops_gemma4-26b,glm-5.1,source_faithfulness,2
question_48,compops_gemma4-26b,glm-5.1,relevance,4
question_48,compops_gemma4-26b,glm-5.1,completeness,2
question_48,compops_gemma4-26b,glm-5.1,specificity,3
question_48,compops_gemma4-26b,glm-5.1,helpfulness,3
question_48,compops_gemma4-26b,glm-5.1,source_faithfulness,4
question_41,compops_gemma4-26b,glm-5.1,relevance,5
question_41,compops_gemma4-26b,glm-5.1,completeness,5
question_41,compops_gemma4-26b,glm-5.1,specificity,3
question_41,compops_gemma4-26b,glm-5.1,helpfulness,4
question_41,compops_gemma4-26b,glm-5.1,source_faithfulness,3
question_42,compops_gemma4-26b,glm-5.1,relevance,4
question_42,compops_gemma4-26b,glm-5.1,completeness,3
question_42,compops_gemma4-26b,glm-5.1,specificity,3
question_42,compops_gemma4-26b,glm-5.1,helpfulness,3
question_42,compops_gemma4-26b,glm-5.1,source_faithfulness,5
question_4,compops_gemma4-26b,glm-5.1,relevance,5
question_4,compops_gemma4-26b,glm-5.1,completeness,5
question_4,compops_gemma4-26b,glm-5.1,specificity,4
question_4,compops_gemma4-26b,glm-5.1,helpfulness,4
question_4,compops_gemma4-26b,glm-5.1,source_faithfulness,3
question_6,compops_gemma4-26b,glm-5.1,relevance,2
question_6,compops_gemma4-26b,glm-5.1,completeness,2
question_6,compops_gemma4-26b,glm-5.1,specificity,2
question_6,compops_gemma4-26b,glm-5.1,helpfulness,1
question_7,compops_gemma4-26b,glm-5.1,relevance,4
question_7,compops_gemma4-26b,glm-5.1,completeness,2
question_7,compops_gemma4-26b,glm-5.1,specificity,2
question_7,compops_gemma4-26b,glm-5.1,helpfulness,2
question_7,compops_gemma4-26b,glm-5.1,source_faithfulness,4
question_5,compops_gemma4-26b,glm-5.1,relevance,4
question_5,compops_gemma4-26b,glm-5.1,completeness,2
question_5,compops_gemma4-26b,glm-5.1,specificity,2
question_5,compops_gemma4-26b,glm-5.1,helpfulness,2
question_5,compops_gemma4-26b,glm-5.1,source_faithfulness,1
question_8,compops_gemma4-26b,glm-5.1,relevance,5
question_8,compops_gemma4-26b,glm-5.1,completeness,5
question_8,compops_gemma4-26b,glm-5.1,specificity,5
question_8,compops_gemma4-26b,glm-5.1,helpfulness,5
question_8,compops_gemma4-26b,glm-5.1,source_faithfulness,4
question_9,compops_gemma4-26b,glm-5.1,relevance,1
question_9,compops_gemma4-26b,glm-5.1,completeness,1
question_9,compops_gemma4-26b,glm-5.1,specificity,1
question_9,compops_gemma4-26b,glm-5.1,helpfulness,1
question_28,compops_gemma4-26b,glm-5.1,relevance,5
question_28,compops_gemma4-26b,glm-5.1,completeness,4
question_28,compops_gemma4-26b,glm-5.1,specificity,4
question_28,compops_gemma4-26b,glm-5.1,helpfulness,4
question_28,compops_gemma4-26b,glm-5.1,source_faithfulness,3
question_10,compops_gemma4-26b,glm-5.1,relevance,5
question_10,compops_gemma4-26b,glm-5.1,completeness,5
question_10,compops_gemma4-26b,glm-5.1,specificity,5
question_10,compops_gemma4-26b,glm-5.1,helpfulness,5
question_10,compops_gemma4-26b,glm-5.1,source_faithfulness,4
question_49,compops_gemma4-26b,glm-5.1,relevance,5
question_49,compops_gemma4-26b,glm-5.1,completeness,3
question_49,compops_gemma4-26b,glm-5.1,specificity,4
question_49,compops_gemma4-26b,glm-5.1,helpfulness,3
question_49,compops_gemma4-26b,glm-5.1,source_faithfulness,4
question_11,compops_gemma4-26b,glm-5.1,relevance,5
question_11,compops_gemma4-26b,glm-5.1,completeness,5
question_11,compops_gemma4-26b,glm-5.1,specificity,4
question_11,compops_gemma4-26b,glm-5.1,helpfulness,5
question_11,compops_gemma4-26b,glm-5.1,source_faithfulness,4
question_29,compops_gemma4-26b,glm-5.1,relevance,4
question_29,compops_gemma4-26b,glm-5.1,completeness,3
question_29,compops_gemma4-26b,glm-5.1,specificity,3
question_29,compops_gemma4-26b,glm-5.1,helpfulness,3
question_29,compops_gemma4-26b,glm-5.1,source_faithfulness,4
question_30,compops_gemma4-26b,glm-5.1,relevance,5
question_30,compops_gemma4-26b,glm-5.1,completeness,4
question_30,compops_gemma4-26b,glm-5.1,specificity,4
question_30,compops_gemma4-26b,glm-5.1,helpfulness,4
question_30,compops_gemma4-26b,glm-5.1,source_faithfulness,4
question_31,compops_gemma4-26b,glm-5.1,relevance,5
question_31,compops_gemma4-26b,glm-5.1,completeness,4
question_31,compops_gemma4-26b,glm-5.1,specificity,3
question_31,compops_gemma4-26b,glm-5.1,helpfulness,4
question_31,compops_gemma4-26b,glm-5.1,source_faithfulness,3
question_12,compops_gemma4-26b,glm-5.1,relevance,4
question_12,compops_gemma4-26b,glm-5.1,completeness,3
question_12,compops_gemma4-26b,glm-5.1,specificity,3
question_12,compops_gemma4-26b,glm-5.1,helpfulness,3
question_12,compops_gemma4-26b,glm-5.1,source_faithfulness,3
question_32,compops_gemma4-26b,glm-5.1,relevance,5
question_32,compops_gemma4-26b,glm-5.1,completeness,4
question_32,compops_gemma4-26b,glm-5.1,specificity,2
question_32,compops_gemma4-26b,glm-5.1,helpfulness,3
question_32,compops_gemma4-26b,glm-5.1,source_faithfulness,3
question_13,compops_gemma4-26b,glm-5.1,relevance,5
question_13,compops_gemma4-26b,glm-5.1,completeness,4
question_13,compops_gemma4-26b,glm-5.1,specificity,4
question_13,compops_gemma4-26b,glm-5.1,helpfulness,4
question_43,compops_gemma4-26b,glm-5.1,relevance,5
question_43,compops_gemma4-26b,glm-5.1,completeness,5
question_43,compops_gemma4-26b,glm-5.1,specificity,4
question_43,compops_gemma4-26b,glm-5.1,helpfulness,5
question_43,compops_gemma4-26b,glm-5.1,source_faithfulness,4
question_14,compops_gemma4-26b,glm-5.1,relevance,4
question_14,compops_gemma4-26b,glm-5.1,completeness,3
question_14,compops_gemma4-26b,glm-5.1,specificity,2
question_14,compops_gemma4-26b,glm-5.1,helpfulness,3
question_14,compops_gemma4-26b,glm-5.1,source_faithfulness,2
question_33,compops_gemma4-26b,glm-5.1,relevance,4
question_33,compops_gemma4-26b,glm-5.1,completeness,3
question_33,compops_gemma4-26b,glm-5.1,specificity,3
question_33,compops_gemma4-26b,glm-5.1,helpfulness,3
question_33,compops_gemma4-26b,glm-5.1,source_faithfulness,4
question_2,compops_gemma4-26b,glm-5.1,relevance,5
question_2,compops_gemma4-26b,glm-5.1,completeness,3
question_2,compops_gemma4-26b,glm-5.1,specificity,3
question_2,compops_gemma4-26b,glm-5.1,helpfulness,3
question_2,compops_gemma4-26b,glm-5.1,source_faithfulness,3
question_34,compops_gemma4-26b,glm-5.1,relevance,5
question_34,compops_gemma4-26b,glm-5.1,completeness,5
question_34,compops_gemma4-26b,glm-5.1,specificity,4
question_34,compops_gemma4-26b,glm-5.1,helpfulness,5
question_34,compops_gemma4-26b,glm-5.1,source_faithfulness,4
question_15,compops_gemma4-26b,glm-5.1,relevance,5
question_15,compops_gemma4-26b,glm-5.1,completeness,5
question_15,compops_gemma4-26b,glm-5.1,specificity,4
question_15,compops_gemma4-26b,glm-5.1,helpfulness,5
question_15,compops_gemma4-26b,glm-5.1,source_faithfulness,5
question_44,compops_gemma4-26b,glm-5.1,relevance,5
question_44,compops_gemma4-26b,glm-5.1,completeness,3
question_44,compops_gemma4-26b,glm-5.1,specificity,2
question_44,compops_gemma4-26b,glm-5.1,source_faithfulness,2
question_51,compops_gemma4-26b,glm-5.1,relevance,2
question_51,compops_gemma4-26b,glm-5.1,completeness,2
question_51,compops_gemma4-26b,glm-5.1,specificity,2
question_51,compops_gemma4-26b,glm-5.1,helpfulness,2
question_51,compops_gemma4-26b,glm-5.1,source_faithfulness,2
question_16,compops_gemma4-26b,glm-5.1,relevance,5
question_16,compops_gemma4-26b,glm-5.1,completeness,5
question_16,compops_gemma4-26b,glm-5.1,specificity,5
question_16,compops_gemma4-26b,glm-5.1,helpfulness,5
question_16,compops_gemma4-26b,glm-5.1,source_faithfulness,4
question_17,compops_gemma4-26b,glm-5.1,relevance,5
question_17,compops_gemma4-26b,glm-5.1,completeness,5
question_17,compops_gemma4-26b,glm-5.1,specificity,4
question_17,compops_gemma4-26b,glm-5.1,helpfulness,5
question_17,compops_gemma4-26b,glm-5.1,source_faithfulness,3
question_52,compops_gemma4-26b,glm-5.1,relevance,5
question_52,compops_gemma4-26b,glm-5.1,completeness,5
question_52,compops_gemma4-26b,glm-5.1,specificity,5
question_52,compops_gemma4-26b,glm-5.1,helpfulness,5
question_52,compops_gemma4-26b,glm-5.1,source_faithfulness,4
question_53,compops_gemma4-26b,glm-5.1,relevance,5
question_53,compops_gemma4-26b,glm-5.1,completeness,4
question_53,compops_gemma4-26b,glm-5.1,specificity,5
question_53,compops_gemma4-26b,glm-5.1,helpfulness,4
question_53,compops_gemma4-26b,glm-5.1,source_faithfulness,4
question_35,compops_gemma4-26b,glm-5.1,relevance,5
question_35,compops_gemma4-26b,glm-5.1,completeness,5
question_35,compops_gemma4-26b,glm-5.1,specificity,5
question_35,compops_gemma4-26b,glm-5.1,helpfulness,5
question_35,compops_gemma4-26b,glm-5.1,source_faithfulness,5
question_36,compops_gemma4-26b,glm-5.1,relevance,5
question_36,compops_gemma4-26b,glm-5.1,completeness,4
question_36,compops_gemma4-26b,glm-5.1,specificity,4
question_36,compops_gemma4-26b,glm-5.1,helpfulness,4
question_36,compops_gemma4-26b,glm-5.1,source_faithfulness,4
question_3,compops_gemma4-26b,glm-5.1,relevance,4
question_3,compops_gemma4-26b,glm-5.1,completeness,3
question_3,compops_gemma4-26b,glm-5.1,specificity,3
question_3,compops_gemma4-26b,glm-5.1,helpfulness,3
question_3,compops_gemma4-26b,glm-5.1,source_faithfulness,3
question_45,compops_gemma4-26b,glm-5.1,relevance,5
question_45,compops_gemma4-26b,glm-5.1,completeness,5
question_45,compops_gemma4-26b,glm-5.1,specificity,4
question_45,compops_gemma4-26b,glm-5.1,helpfulness,4
question_45,compops_gemma4-26b,glm-5.1,source_faithfulness,4
question_37,compops_gemma4-26b,glm-5.1,relevance,5
question_37,compops_gemma4-26b,glm-5.1,completeness,4
question_37,compops_gemma4-26b,glm-5.1,specificity,2
question_37,compops_gemma4-26b,glm-5.1,helpfulness,3
question_37,compops_gemma4-26b,glm-5.1,source_faithfulness,3
question_18,compops_gemma4-26b,glm-5.1,relevance,3
question_18,compops_gemma4-26b,glm-5.1,completeness,2
question_18,compops_gemma4-26b,glm-5.1,specificity,2
question_18,compops_gemma4-26b,glm-5.1,helpfulness,2
question_18,compops_gemma4-26b,glm-5.1,source_faithfulness,2
question_19,compops_gemma4-26b,glm-5.1,relevance,4
question_19,compops_gemma4-26b,glm-5.1,completeness,2
question_19,compops_gemma4-26b,glm-5.1,specificity,2
question_19,compops_gemma4-26b,glm-5.1,helpfulness,2
question_19,compops_gemma4-26b,glm-5.1,source_faithfulness,4
question_20,compops_gemma4-26b,glm-5.1,relevance,4
question_20,compops_gemma4-26b,glm-5.1,completeness,3
question_20,compops_gemma4-26b,glm-5.1,specificity,3
question_20,compops_gemma4-26b,glm-5.1,helpfulness,3
question_20,compops_gemma4-26b,glm-5.1,source_faithfulness,2
question_38,compops_gemma4-26b,glm-5.1,relevance,5
question_38,compops_gemma4-26b,glm-5.1,completeness,4
question_38,compops_gemma4-26b,glm-5.1,specificity,2
question_38,compops_gemma4-26b,glm-5.1,helpfulness,3
question_38,compops_gemma4-26b,glm-5.1,source_faithfulness,2
question_21,compops_gemma4-26b,glm-5.1,relevance,3
question_21,compops_gemma4-26b,glm-5.1,completeness,2
question_21,compops_gemma4-26b,glm-5.1,specificity,3
question_21,compops_gemma4-26b,glm-5.1,helpfulness,2
question_21,compops_gemma4-26b,glm-5.1,source_faithfulness,4
question_22,compops_gemma4-26b,glm-5.1,relevance,5
question_22,compops_gemma4-26b,glm-5.1,completeness,3
question_22,compops_gemma4-26b,glm-5.1,specificity,2
question_22,compops_gemma4-26b,glm-5.1,helpfulness,3
question_22,compops_gemma4-26b,glm-5.1,source_faithfulness,4
question_46,copilot-no-tools_gemma4-26b,glm-5.1,relevance,5
question_46,copilot-no-tools_gemma4-26b,glm-5.1,completeness,4
question_46,copilot-no-tools_gemma4-26b,glm-5.1,specificity,5
question_46,copilot-no-tools_gemma4-26b,glm-5.1,helpfulness,5
question_46,copilot-no-tools_gemma4-26b,glm-5.1,source_faithfulness,5
question_1,copilot-no-tools_gemma4-26b,glm-5.1,relevance,5
question_1,copilot-no-tools_gemma4-26b,glm-5.1,completeness,4
question_1,copilot-no-tools_gemma4-26b,glm-5.1,specificity,3
question_1,copilot-no-tools_gemma4-26b,glm-5.1,helpfulness,3
question_1,copilot-no-tools_gemma4-26b,glm-5.1,source_faithfulness,2
question_23,copilot-no-tools_gemma4-26b,glm-5.1,relevance,5
question_23,copilot-no-tools_gemma4-26b,glm-5.1,completeness,4
question_23,copilot-no-tools_gemma4-26b,glm-5.1,specificity,3
question_23,copilot-no-tools_gemma4-26b,glm-5.1,helpfulness,4
question_23,copilot-no-tools_gemma4-26b,glm-5.1,source_faithfulness,3
question_39,copilot-no-tools_gemma4-26b,glm-5.1,relevance,5
question_39,copilot-no-tools_gemma4-26b,glm-5.1,completeness,3
question_39,copilot-no-tools_gemma4-26b,glm-5.1,specificity,4
question_39,copilot-no-tools_gemma4-26b,glm-5.1,helpfulness,4
question_39,copilot-no-tools_gemma4-26b,glm-5.1,source_faithfulness,3
question_24,copilot-no-tools_gemma4-26b,glm-5.1,relevance,5
question_24,copilot-no-tools_gemma4-26b,glm-5.1,completeness,4
question_24,copilot-no-tools_gemma4-26b,glm-5.1,specificity,3
question_24,copilot-no-tools_gemma4-26b,glm-5.1,helpfulness,3
question_24,copilot-no-tools_gemma4-26b,glm-5.1,source_faithfulness,4
question_25,copilot-no-tools_gemma4-26b,glm-5.1,relevance,5
question_25,copilot-no-tools_gemma4-26b,glm-5.1,completeness,4
question_25,copilot-no-tools_gemma4-26b,glm-5.1,specificity,4
question_25,copilot-no-tools_gemma4-26b,glm-5.1,helpfulness,4
question_25,copilot-no-tools_gemma4-26b,glm-5.1,source_faithfulness,3
question_26,copilot-no-tools_gemma4-26b,glm-5.1,relevance,5
question_26,copilot-no-tools_gemma4-26b,glm-5.1,completeness,4
question_26,copilot-no-tools_gemma4-26b,glm-5.1,specificity,2
question_26,copilot-no-tools_gemma4-26b,glm-5.1,helpfulness,3
question_26,copilot-no-tools_gemma4-26b,glm-5.1,source_faithfulness,2
question_47,copilot-no-tools_gemma4-26b,glm-5.1,relevance,5
question_47,copilot-no-tools_gemma4-26b,glm-5.1,completeness,4
question_47,copilot-no-tools_gemma4-26b,glm-5.1,specificity,5
question_47,copilot-no-tools_gemma4-26b,glm-5.1,helpfulness,4
question_47,copilot-no-tools_gemma4-26b,glm-5.1,source_faithfulness,5
question_40,copilot-no-tools_gemma4-26b,glm-5.1,relevance,5
question_40,copilot-no-tools_gemma4-26b,glm-5.1,completeness,5
question_40,copilot-no-tools_gemma4-26b,glm-5.1,specificity,5
question_40,copilot-no-tools_gemma4-26b,glm-5.1,helpfulness,5
question_40,copilot-no-tools_gemma4-26b,glm-5.1,source_faithfulness,5
question_27,copilot-no-tools_gemma4-26b,glm-5.1,relevance,5
question_27,copilot-no-tools_gemma4-26b,glm-5.1,completeness,4
question_27,copilot-no-tools_gemma4-26b,glm-5.1,specificity,4
question_27,copilot-no-tools_gemma4-26b,glm-5.1,helpfulness,4
question_27,copilot-no-tools_gemma4-26b,glm-5.1,source_faithfulness,3
question_48,copilot-no-tools_gemma4-26b,glm-5.1,relevance,4
question_48,copilot-no-tools_gemma4-26b,glm-5.1,completeness,4
question_48,copilot-no-tools_gemma4-26b,glm-5.1,specificity,4
question_48,copilot-no-tools_gemma4-26b,glm-5.1,helpfulness,4
question_48,copilot-no-tools_gemma4-26b,glm-5.1,source_faithfulness,4
question_41,copilot-no-tools_gemma4-26b,glm-5.1,relevance,5
question_41,copilot-no-tools_gemma4-26b,glm-5.1,completeness,5
question_41,copilot-no-tools_gemma4-26b,glm-5.1,specificity,4
question_41,copilot-no-tools_gemma4-26b,glm-5.1,helpfulness,5
question_41,copilot-no-tools_gemma4-26b,glm-5.1,source_faithfulness,5
question_42,copilot-no-tools_gemma4-26b,glm-5.1,relevance,5
question_42,copilot-no-tools_gemma4-26b,glm-5.1,completeness,3
question_42,copilot-no-tools_gemma4-26b,glm-5.1,specificity,4
question_42,copilot-no-tools_gemma4-26b,glm-5.1,helpfulness,3
question_42,copilot-no-tools_gemma4-26b,glm-5.1,source_faithfulness,4
question_4,copilot-no-tools_gemma4-26b,glm-5.1,relevance,5
question_4,copilot-no-tools_gemma4-26b,glm-5.1,completeness,5
question_4,copilot-no-tools_gemma4-26b,glm-5.1,specificity,3
question_4,copilot-no-tools_gemma4-26b,glm-5.1,helpfulness,4
question_4,copilot-no-tools_gemma4-26b,glm-5.1,source_faithfulness,3
question_6,copilot-no-tools_gemma4-26b,glm-5.1,relevance,5
question_6,copilot-no-tools_gemma4-26b,glm-5.1,completeness,2
question_6,copilot-no-tools_gemma4-26b,glm-5.1,specificity,3
question_6,copilot-no-tools_gemma4-26b,glm-5.1,helpfulness,2
question_6,copilot-no-tools_gemma4-26b,glm-5.1,source_faithfulness,3
question_5,copilot-no-tools_gemma4-26b,glm-5.1,relevance,5
question_5,copilot-no-tools_gemma4-26b,glm-5.1,completeness,5
question_5,copilot-no-tools_gemma4-26b,glm-5.1,specificity,2
question_5,copilot-no-tools_gemma4-26b,glm-5.1,helpfulness,1
question_5,copilot-no-tools_gemma4-26b,glm-5.1,source_faithfulness,1
question_8,copilot-no-tools_gemma4-26b,glm-5.1,relevance,5
question_8,copilot-no-tools_gemma4-26b,glm-5.1,completeness,5
question_8,copilot-no-tools_gemma4-26b,glm-5.1,specificity,4
question_8,copilot-no-tools_gemma4-26b,glm-5.1,helpfulness,4
question_8,copilot-no-tools_gemma4-26b,glm-5.1,source_faithfulness,4
question_28,copilot-no-tools_gemma4-26b,glm-5.1,relevance,5
question_28,copilot-no-tools_gemma4-26b,glm-5.1,completeness,4
question_28,copilot-no-tools_gemma4-26b,glm-5.1,specificity,4
question_28,copilot-no-tools_gemma4-26b,glm-5.1,helpfulness,4
question_28,copilot-no-tools_gemma4-26b,glm-5.1,source_faithfulness,4
question_10,copilot-no-tools_gemma4-26b,glm-5.1,relevance,5
question_10,copilot-no-tools_gemma4-26b,glm-5.1,completeness,4
question_10,copilot-no-tools_gemma4-26b,glm-5.1,specificity,4
question_10,copilot-no-tools_gemma4-26b,glm-5.1,helpfulness,4
question_10,copilot-no-tools_gemma4-26b,glm-5.1,source_faithfulness,3
question_49,copilot-no-tools_gemma4-26b,glm-5.1,relevance,5
question_49,copilot-no-tools_gemma4-26b,glm-5.1,completeness,5
question_49,copilot-no-tools_gemma4-26b,glm-5.1,specificity,5
question_49,copilot-no-tools_gemma4-26b,glm-5.1,helpfulness,5
question_49,copilot-no-tools_gemma4-26b,glm-5.1,source_faithfulness,5
question_50,copilot-no-tools_gemma4-26b,glm-5.1,relevance,5
question_50,copilot-no-tools_gemma4-26b,glm-5.1,completeness,3
question_50,copilot-no-tools_gemma4-26b,glm-5.1,specificity,4
question_50,copilot-no-tools_gemma4-26b,glm-5.1,helpfulness,3
question_50,copilot-no-tools_gemma4-26b,glm-5.1,source_faithfulness,4
question_11,copilot-no-tools_gemma4-26b,glm-5.1,relevance,5
question_11,copilot-no-tools_gemma4-26b,glm-5.1,completeness,4
question_11,copilot-no-tools_gemma4-26b,glm-5.1,specificity,4
question_11,copilot-no-tools_gemma4-26b,glm-5.1,helpfulness,4
question_11,copilot-no-tools_gemma4-26b,glm-5.1,source_faithfulness,3
question_29,copilot-no-tools_gemma4-26b,glm-5.1,relevance,5
question_29,copilot-no-tools_gemma4-26b,glm-5.1,completeness,4
question_29,copilot-no-tools_gemma4-26b,glm-5.1,specificity,4
question_29,copilot-no-tools_gemma4-26b,glm-5.1,helpfulness,4
question_29,copilot-no-tools_gemma4-26b,glm-5.1,source_faithfulness,4
question_30,copilot-no-tools_gemma4-26b,glm-5.1,relevance,5
question_30,copilot-no-tools_gemma4-26b,glm-5.1,completeness,3
question_30,copilot-no-tools_gemma4-26b,glm-5.1,specificity,4
question_30,copilot-no-tools_gemma4-26b,glm-5.1,helpfulness,4
question_30,copilot-no-tools_gemma4-26b,glm-5.1,source_faithfulness,4
question_31,copilot-no-tools_gemma4-26b,glm-5.1,relevance,5
question_31,copilot-no-tools_gemma4-26b,glm-5.1,completeness,5
question_31,copilot-no-tools_gemma4-26b,glm-5.1,specificity,3
question_31,copilot-no-tools_gemma4-26b,glm-5.1,helpfulness,4
question_31,copilot-no-tools_gemma4-26b,glm-5.1,source_faithfulness,4
question_12,copilot-no-tools_gemma4-26b,glm-5.1,relevance,3
question_12,copilot-no-tools_gemma4-26b,glm-5.1,completeness,2
question_12,copilot-no-tools_gemma4-26b,glm-5.1,specificity,2
question_12,copilot-no-tools_gemma4-26b,glm-5.1,helpfulness,2
question_12,copilot-no-tools_gemma4-26b,glm-5.1,source_faithfulness,3
question_32,copilot-no-tools_gemma4-26b,glm-5.1,relevance,3
question_32,copilot-no-tools_gemma4-26b,glm-5.1,completeness,3
question_32,copilot-no-tools_gemma4-26b,glm-5.1,specificity,3
question_32,copilot-no-tools_gemma4-26b,glm-5.1,helpfulness,3
question_32,copilot-no-tools_gemma4-26b,glm-5.1,source_faithfulness,2
question_13,copilot-no-tools_gemma4-26b,glm-5.1,relevance,3
question_13,copilot-no-tools_gemma4-26b,glm-5.1,completeness,2
question_13,copilot-no-tools_gemma4-26b,glm-5.1,specificity,3
question_13,copilot-no-tools_gemma4-26b,glm-5.1,helpfulness,2
question_43,copilot-no-tools_gemma4-26b,glm-5.1,relevance,5
question_43,copilot-no-tools_gemma4-26b,glm-5.1,completeness,4
question_43,copilot-no-tools_gemma4-26b,glm-5.1,specificity,5
question_43,copilot-no-tools_gemma4-26b,glm-5.1,helpfulness,4
question_43,copilot-no-tools_gemma4-26b,glm-5.1,source_faithfulness,4
question_14,copilot-no-tools_gemma4-26b,glm-5.1,relevance,3
question_14,copilot-no-tools_gemma4-26b,glm-5.1,completeness,2
question_14,copilot-no-tools_gemma4-26b,glm-5.1,specificity,2
question_14,copilot-no-tools_gemma4-26b,glm-5.1,helpfulness,2
question_14,copilot-no-tools_gemma4-26b,glm-5.1,source_faithfulness,2
question_33,copilot-no-tools_gemma4-26b,glm-5.1,relevance,5
question_33,copilot-no-tools_gemma4-26b,glm-5.1,completeness,3
question_33,copilot-no-tools_gemma4-26b,glm-5.1,specificity,3
question_33,copilot-no-tools_gemma4-26b,glm-5.1,helpfulness,3
question_33,copilot-no-tools_gemma4-26b,glm-5.1,source_faithfulness,3
question_2,copilot-no-tools_gemma4-26b,glm-5.1,relevance,4
question_2,copilot-no-tools_gemma4-26b,glm-5.1,completeness,3
question_2,copilot-no-tools_gemma4-26b,glm-5.1,specificity,2
question_2,copilot-no-tools_gemma4-26b,glm-5.1,helpfulness,2
question_2,copilot-no-tools_gemma4-26b,glm-5.1,source_faithfulness,3
question_34,copilot-no-tools_gemma4-26b,glm-5.1,relevance,5
question_34,copilot-no-tools_gemma4-26b,glm-5.1,completeness,5
question_34,copilot-no-tools_gemma4-26b,glm-5.1,specificity,4
question_34,copilot-no-tools_gemma4-26b,glm-5.1,helpfulness,4
question_34,copilot-no-tools_gemma4-26b,glm-5.1,source_faithfulness,4
question_15,copilot-no-tools_gemma4-26b,glm-5.1,relevance,5
question_15,copilot-no-tools_gemma4-26b,glm-5.1,completeness,5
question_15,copilot-no-tools_gemma4-26b,glm-5.1,specificity,5
question_15,copilot-no-tools_gemma4-26b,glm-5.1,helpfulness,5
question_15,copilot-no-tools_gemma4-26b,glm-5.1,source_faithfulness,4
question_44,copilot-no-tools_gemma4-26b,glm-5.1,relevance,4
question_44,copilot-no-tools_gemma4-26b,glm-5.1,completeness,3
question_44,copilot-no-tools_gemma4-26b,glm-5.1,specificity,2
question_44,copilot-no-tools_gemma4-26b,glm-5.1,helpfulness,3
question_44,copilot-no-tools_gemma4-26b,glm-5.1,source_faithfulness,3
question_51,copilot-no-tools_gemma4-26b,glm-5.1,relevance,2
question_51,copilot-no-tools_gemma4-26b,glm-5.1,completeness,2
question_51,copilot-no-tools_gemma4-26b,glm-5.1,specificity,3
question_51,copilot-no-tools_gemma4-26b,glm-5.1,helpfulness,2
question_51,copilot-no-tools_gemma4-26b,glm-5.1,source_faithfulness,3
question_16,copilot-no-tools_gemma4-26b,glm-5.1,relevance,5
question_16,copilot-no-tools_gemma4-26b,glm-5.1,completeness,5
question_16,copilot-no-tools_gemma4-26b,glm-5.1,specificity,2
question_16,copilot-no-tools_gemma4-26b,glm-5.1,helpfulness,2
question_16,copilot-no-tools_gemma4-26b,glm-5.1,source_faithfulness,2
question_17,copilot-no-tools_gemma4-26b,glm-5.1,relevance,5
question_17,copilot-no-tools_gemma4-26b,glm-5.1,completeness,5
question_17,copilot-no-tools_gemma4-26b,glm-5.1,specificity,4
question_17,copilot-no-tools_gemma4-26b,glm-5.1,helpfulness,5
question_17,copilot-no-tools_gemma4-26b,glm-5.1,source_faithfulness,5
question_52,copilot-no-tools_gemma4-26b,glm-5.1,relevance,5
question_52,copilot-no-tools_gemma4-26b,glm-5.1,completeness,4
question_52,copilot-no-tools_gemma4-26b,glm-5.1,specificity,2
question_52,copilot-no-tools_gemma4-26b,glm-5.1,helpfulness,3
question_52,copilot-no-tools_gemma4-26b,glm-5.1,source_faithfulness,3
question_53,copilot-no-tools_gemma4-26b,glm-5.1,relevance,5
question_53,copilot-no-tools_gemma4-26b,glm-5.1,completeness,4
question_53,copilot-no-tools_gemma4-26b,glm-5.1,specificity,5
question_53,copilot-no-tools_gemma4-26b,glm-5.1,helpfulness,5
question_53,copilot-no-tools_gemma4-26b,glm-5.1,source_faithfulness,4
question_35,copilot-no-tools_gemma4-26b,glm-5.1,relevance,5
question_35,copilot-no-tools_gemma4-26b,glm-5.1,completeness,5
question_35,copilot-no-tools_gemma4-26b,glm-5.1,specificity,4
question_35,copilot-no-tools_gemma4-26b,glm-5.1,helpfulness,5
question_35,copilot-no-tools_gemma4-26b,glm-5.1,source_faithfulness,3
question_36,copilot-no-tools_gemma4-26b,glm-5.1,relevance,5
question_36,copilot-no-tools_gemma4-26b,glm-5.1,completeness,4
question_36,copilot-no-tools_gemma4-26b,glm-5.1,specificity,5
question_36,copilot-no-tools_gemma4-26b,glm-5.1,helpfulness,5
question_36,copilot-no-tools_gemma4-26b,glm-5.1,source_faithfulness,4
question_3,copilot-no-tools_gemma4-26b,glm-5.1,relevance,4
question_3,copilot-no-tools_gemma4-26b,glm-5.1,completeness,3
question_3,copilot-no-tools_gemma4-26b,glm-5.1,specificity,4
question_3,copilot-no-tools_gemma4-26b,glm-5.1,helpfulness,3
question_3,copilot-no-tools_gemma4-26b,glm-5.1,source_faithfulness,4
question_45,copilot-no-tools_gemma4-26b,glm-5.1,relevance,5
question_45,copilot-no-tools_gemma4-26b,glm-5.1,completeness,5
question_45,copilot-no-tools_gemma4-26b,glm-5.1,specificity,5
question_45,copilot-no-tools_gemma4-26b,glm-5.1,helpfulness,5
question_45,copilot-no-tools_gemma4-26b,glm-5.1,source_faithfulness,4
question_37,copilot-no-tools_gemma4-26b,glm-5.1,relevance,4
question_37,copilot-no-tools_gemma4-26b,glm-5.1,completeness,3
question_37,copilot-no-tools_gemma4-26b,glm-5.1,specificity,3
question_37,copilot-no-tools_gemma4-26b,glm-5.1,helpfulness,3
question_37,copilot-no-tools_gemma4-26b,glm-5.1,source_faithfulness,3
question_18,copilot-no-tools_gemma4-26b,glm-5.1,relevance,5
question_18,copilot-no-tools_gemma4-26b,glm-5.1,completeness,3
question_18,copilot-no-tools_gemma4-26b,glm-5.1,specificity,3
question_18,copilot-no-tools_gemma4-26b,glm-5.1,helpfulness,3
question_18,copilot-no-tools_gemma4-26b,glm-5.1,source_faithfulness,3
question_19,copilot-no-tools_gemma4-26b,glm-5.1,relevance,4
question_19,copilot-no-tools_gemma4-26b,glm-5.1,completeness,4
question_19,copilot-no-tools_gemma4-26b,glm-5.1,specificity,2
question_19,copilot-no-tools_gemma4-26b,glm-5.1,helpfulness,1
question_19,copilot-no-tools_gemma4-26b,glm-5.1,source_faithfulness,1
question_20,copilot-no-tools_gemma4-26b,glm-5.1,relevance,3
question_20,copilot-no-tools_gemma4-26b,glm-5.1,completeness,2
question_20,copilot-no-tools_gemma4-26b,glm-5.1,specificity,2
question_20,copilot-no-tools_gemma4-26b,glm-5.1,helpfulness,2
question_20,copilot-no-tools_gemma4-26b,glm-5.1,source_faithfulness,3
question_38,copilot-no-tools_gemma4-26b,glm-5.1,relevance,5
question_38,copilot-no-tools_gemma4-26b,glm-5.1,completeness,3
question_38,copilot-no-tools_gemma4-26b,glm-5.1,specificity,3
question_38,copilot-no-tools_gemma4-26b,glm-5.1,helpfulness,3
question_38,copilot-no-tools_gemma4-26b,glm-5.1,source_faithfulness,4
question_21,copilot-no-tools_gemma4-26b,glm-5.1,relevance,4
question_21,copilot-no-tools_gemma4-26b,glm-5.1,completeness,2
question_21,copilot-no-tools_gemma4-26b,glm-5.1,specificity,3
question_21,copilot-no-tools_gemma4-26b,glm-5.1,helpfulness,2
question_21,copilot-no-tools_gemma4-26b,glm-5.1,source_faithfulness,3
question_22,copilot-no-tools_gemma4-26b,glm-5.1,relevance,4
question_22,copilot-no-tools_gemma4-26b,glm-5.1,completeness,3
question_22,copilot-no-tools_gemma4-26b,glm-5.1,specificity,2
question_22,copilot-no-tools_gemma4-26b,glm-5.1,helpfulness,3
question_22,copilot-no-tools_gemma4-26b,glm-5.1,source_faithfulness,3
question_46,copilot_gemma4-26b,glm-5.1,relevance,4
question_46,copilot_gemma4-26b,glm-5.1,completeness,3
question_46,copilot_gemma4-26b,glm-5.1,specificity,3
question_46,copilot_gemma4-26b,glm-5.1,helpfulness,3
question_46,copilot_gemma4-26b,glm-5.1,source_faithfulness,3
question_1,copilot_gemma4-26b,glm-5.1,relevance,3
question_1,copilot_gemma4-26b,glm-5.1,completeness,3
question_1,copilot_gemma4-26b,glm-5.1,specificity,2
question_1,copilot_gemma4-26b,glm-5.1,helpfulness,2
question_1,copilot_gemma4-26b,glm-5.1,source_faithfulness,1
question_23,copilot_gemma4-26b,glm-5.1,relevance,5
question_23,copilot_gemma4-26b,glm-5.1,completeness,5
question_23,copilot_gemma4-26b,glm-5.1,specificity,4
question_23,copilot_gemma4-26b,glm-5.1,helpfulness,4
question_23,copilot_gemma4-26b,glm-5.1,source_faithfulness,3
question_39,copilot_gemma4-26b,glm-5.1,relevance,5
question_39,copilot_gemma4-26b,glm-5.1,completeness,5
question_39,copilot_gemma4-26b,glm-5.1,specificity,5
question_39,copilot_gemma4-26b,glm-5.1,helpfulness,5
question_39,copilot_gemma4-26b,glm-5.1,source_faithfulness,4
question_24,copilot_gemma4-26b,glm-5.1,relevance,5
question_24,copilot_gemma4-26b,glm-5.1,completeness,4
question_24,copilot_gemma4-26b,glm-5.1,specificity,3
question_24,copilot_gemma4-26b,glm-5.1,helpfulness,3
question_24,copilot_gemma4-26b,glm-5.1,source_faithfulness,5
question_25,copilot_gemma4-26b,glm-5.1,relevance,5
question_25,copilot_gemma4-26b,glm-5.1,completeness,5
question_25,copilot_gemma4-26b,glm-5.1,specificity,5
question_25,copilot_gemma4-26b,glm-5.1,helpfulness,5
question_25,copilot_gemma4-26b,glm-5.1,source_faithfulness,5
question_26,copilot_gemma4-26b,glm-5.1,relevance,4
question_26,copilot_gemma4-26b,glm-5.1,completeness,4
question_26,copilot_gemma4-26b,glm-5.1,specificity,3
question_26,copilot_gemma4-26b,glm-5.1,helpfulness,4
question_26,copilot_gemma4-26b,glm-5.1,source_faithfulness,3
question_47,copilot_gemma4-26b,glm-5.1,relevance,2
question_47,copilot_gemma4-26b,glm-5.1,completeness,2
question_47,copilot_gemma4-26b,glm-5.1,specificity,2
question_47,copilot_gemma4-26b,glm-5.1,helpfulness,2
question_47,copilot_gemma4-26b,glm-5.1,source_faithfulness,2
question_40,copilot_gemma4-26b,glm-5.1,relevance,5
question_40,copilot_gemma4-26b,glm-5.1,completeness,5
question_40,copilot_gemma4-26b,glm-5.1,specificity,4
question_40,copilot_gemma4-26b,glm-5.1,helpfulness,4
question_40,copilot_gemma4-26b,glm-5.1,source_faithfulness,3
question_27,copilot_gemma4-26b,glm-5.1,relevance,5
question_27,copilot_gemma4-26b,glm-5.1,completeness,4
question_27,copilot_gemma4-26b,glm-5.1,specificity,4
question_27,copilot_gemma4-26b,glm-5.1,helpfulness,4
question_27,copilot_gemma4-26b,glm-5.1,source_faithfulness,4
question_48,copilot_gemma4-26b,glm-5.1,relevance,4
question_48,copilot_gemma4-26b,glm-5.1,completeness,3
question_48,copilot_gemma4-26b,glm-5.1,specificity,3
question_48,copilot_gemma4-26b,glm-5.1,helpfulness,3
question_48,copilot_gemma4-26b,glm-5.1,source_faithfulness,4
question_41,copilot_gemma4-26b,glm-5.1,relevance,5
question_41,copilot_gemma4-26b,glm-5.1,completeness,5
question_41,copilot_gemma4-26b,glm-5.1,specificity,4
question_41,copilot_gemma4-26b,glm-5.1,helpfulness,5
question_41,copilot_gemma4-26b,glm-5.1,source_faithfulness,4
question_42,copilot_gemma4-26b,glm-5.1,relevance,5
question_42,copilot_gemma4-26b,glm-5.1,completeness,4
question_42,copilot_gemma4-26b,glm-5.1,specificity,4
question_42,copilot_gemma4-26b,glm-5.1,helpfulness,4
question_42,copilot_gemma4-26b,glm-5.1,source_faithfulness,5
question_4,copilot_gemma4-26b,glm-5.1,relevance,5
question_4,copilot_gemma4-26b,glm-5.1,completeness,5
question_4,copilot_gemma4-26b,glm-5.1,specificity,5
question_4,copilot_gemma4-26b,glm-5.1,helpfulness,5
question_4,copilot_gemma4-26b,glm-5.1,source_faithfulness,5
question_6,copilot_gemma4-26b,glm-5.1,relevance,3
question_6,copilot_gemma4-26b,glm-5.1,completeness,2
question_6,copilot_gemma4-26b,glm-5.1,specificity,2
question_6,copilot_gemma4-26b,glm-5.1,helpfulness,2
question_7,copilot_gemma4-26b,glm-5.1,relevance,4
question_7,copilot_gemma4-26b,glm-5.1,completeness,4
question_7,copilot_gemma4-26b,glm-5.1,specificity,2
question_7,copilot_gemma4-26b,glm-5.1,helpfulness,3
question_7,copilot_gemma4-26b,glm-5.1,source_faithfulness,2
question_5,copilot_gemma4-26b,glm-5.1,relevance,5
question_5,copilot_gemma4-26b,glm-5.1,completeness,5
question_5,copilot_gemma4-26b,glm-5.1,specificity,5
question_5,copilot_gemma4-26b,glm-5.1,helpfulness,5
question_5,copilot_gemma4-26b,glm-5.1,source_faithfulness,4
question_8,copilot_gemma4-26b,glm-5.1,relevance,5
question_8,copilot_gemma4-26b,glm-5.1,completeness,5
question_8,copilot_gemma4-26b,glm-5.1,specificity,2
question_8,copilot_gemma4-26b,glm-5.1,helpfulness,4
question_8,copilot_gemma4-26b,glm-5.1,source_faithfulness,3
question_28,copilot_gemma4-26b,glm-5.1,relevance,5
question_28,copilot_gemma4-26b,glm-5.1,completeness,4
question_28,copilot_gemma4-26b,glm-5.1,specificity,2
question_28,copilot_gemma4-26b,glm-5.1,helpfulness,3
question_28,copilot_gemma4-26b,glm-5.1,source_faithfulness,2
question_10,copilot_gemma4-26b,glm-5.1,relevance,5
question_10,copilot_gemma4-26b,glm-5.1,completeness,5
question_10,copilot_gemma4-26b,glm-5.1,specificity,5
question_10,copilot_gemma4-26b,glm-5.1,helpfulness,5
question_10,copilot_gemma4-26b,glm-5.1,source_faithfulness,4
question_49,copilot_gemma4-26b,glm-5.1,relevance,5
question_49,copilot_gemma4-26b,glm-5.1,completeness,5
question_49,copilot_gemma4-26b,glm-5.1,specificity,5
question_49,copilot_gemma4-26b,glm-5.1,helpfulness,5
question_49,copilot_gemma4-26b,glm-5.1,source_faithfulness,4
question_50,copilot_gemma4-26b,glm-5.1,relevance,2
question_50,copilot_gemma4-26b,glm-5.1,completeness,2
question_50,copilot_gemma4-26b,glm-5.1,specificity,2
question_50,copilot_gemma4-26b,glm-5.1,helpfulness,2
question_50,copilot_gemma4-26b,glm-5.1,source_faithfulness,3
question_11,copilot_gemma4-26b,glm-5.1,relevance,5
question_11,copilot_gemma4-26b,glm-5.1,completeness,5
question_11,copilot_gemma4-26b,glm-5.1,specificity,4
question_11,copilot_gemma4-26b,glm-5.1,helpfulness,4
question_11,copilot_gemma4-26b,glm-5.1,source_faithfulness,4
question_30,copilot_gemma4-26b,glm-5.1,relevance,5
question_30,copilot_gemma4-26b,glm-5.1,completeness,5
question_30,copilot_gemma4-26b,glm-5.1,specificity,4
question_30,copilot_gemma4-26b,glm-5.1,helpfulness,5
question_30,copilot_gemma4-26b,glm-5.1,source_faithfulness,5
question_31,copilot_gemma4-26b,glm-5.1,relevance,4
question_31,copilot_gemma4-26b,glm-5.1,completeness,3
question_31,copilot_gemma4-26b,glm-5.1,specificity,2
question_31,copilot_gemma4-26b,glm-5.1,helpfulness,3
question_31,copilot_gemma4-26b,glm-5.1,source_faithfulness,5
question_12,copilot_gemma4-26b,glm-5.1,relevance,4
question_12,copilot_gemma4-26b,glm-5.1,completeness,3
question_12,copilot_gemma4-26b,glm-5.1,specificity,3
question_12,copilot_gemma4-26b,glm-5.1,helpfulness,3
question_12,copilot_gemma4-26b,glm-5.1,source_faithfulness,3
question_32,copilot_gemma4-26b,glm-5.1,relevance,4
question_32,copilot_gemma4-26b,glm-5.1,completeness,3
question_32,copilot_gemma4-26b,glm-5.1,specificity,2
question_32,copilot_gemma4-26b,glm-5.1,helpfulness,3
question_32,copilot_gemma4-26b,glm-5.1,source_faithfulness,2
question_13,copilot_gemma4-26b,glm-5.1,relevance,1
question_13,copilot_gemma4-26b,glm-5.1,completeness,1
question_13,copilot_gemma4-26b,glm-5.1,specificity,2
question_13,copilot_gemma4-26b,glm-5.1,helpfulness,1
question_43,copilot_gemma4-26b,glm-5.1,relevance,5
question_43,copilot_gemma4-26b,glm-5.1,completeness,5
question_43,copilot_gemma4-26b,glm-5.1,specificity,5
question_43,copilot_gemma4-26b,glm-5.1,helpfulness,5
question_43,copilot_gemma4-26b,glm-5.1,source_faithfulness,4
question_14,copilot_gemma4-26b,glm-5.1,relevance,3
question_14,copilot_gemma4-26b,glm-5.1,completeness,2
question_14,copilot_gemma4-26b,glm-5.1,specificity,2
question_14,copilot_gemma4-26b,glm-5.1,helpfulness,2
question_14,copilot_gemma4-26b,glm-5.1,source_faithfulness,2
question_33,copilot_gemma4-26b,glm-5.1,relevance,5
question_33,copilot_gemma4-26b,glm-5.1,completeness,5
question_33,copilot_gemma4-26b,glm-5.1,specificity,4
question_33,copilot_gemma4-26b,glm-5.1,helpfulness,4
question_33,copilot_gemma4-26b,glm-5.1,source_faithfulness,3
question_2,copilot_gemma4-26b,glm-5.1,relevance,5
question_2,copilot_gemma4-26b,glm-5.1,completeness,4
question_2,copilot_gemma4-26b,glm-5.1,specificity,4
question_2,copilot_gemma4-26b,glm-5.1,helpfulness,4
question_2,copilot_gemma4-26b,glm-5.1,source_faithfulness,3
question_34,copilot_gemma4-26b,glm-5.1,relevance,5
question_34,copilot_gemma4-26b,glm-5.1,completeness,5
question_34,copilot_gemma4-26b,glm-5.1,specificity,4
question_34,copilot_gemma4-26b,glm-5.1,helpfulness,4
question_34,copilot_gemma4-26b,glm-5.1,source_faithfulness,4
question_15,copilot_gemma4-26b,glm-5.1,relevance,5
question_15,copilot_gemma4-26b,glm-5.1,completeness,5
question_15,copilot_gemma4-26b,glm-5.1,specificity,5
question_15,copilot_gemma4-26b,glm-5.1,helpfulness,5
question_15,copilot_gemma4-26b,glm-5.1,source_faithfulness,5
question_44,copilot_gemma4-26b,glm-5.1,relevance,4
question_44,copilot_gemma4-26b,glm-5.1,completeness,3
question_44,copilot_gemma4-26b,glm-5.1,specificity,3
question_44,copilot_gemma4-26b,glm-5.1,helpfulness,3
question_44,copilot_gemma4-26b,glm-5.1,source_faithfulness,3
question_51,copilot_gemma4-26b,glm-5.1,relevance,2
question_51,copilot_gemma4-26b,glm-5.1,completeness,2
question_51,copilot_gemma4-26b,glm-5.1,specificity,3
question_51,copilot_gemma4-26b,glm-5.1,helpfulness,2
question_51,copilot_gemma4-26b,glm-5.1,source_faithfulness,4
question_16,copilot_gemma4-26b,glm-5.1,relevance,5
question_16,copilot_gemma4-26b,glm-5.1,completeness,4
question_16,copilot_gemma4-26b,glm-5.1,specificity,3
question_16,copilot_gemma4-26b,glm-5.1,helpfulness,3
question_16,copilot_gemma4-26b,glm-5.1,source_faithfulness,3
question_17,copilot_gemma4-26b,glm-5.1,relevance,4
question_17,copilot_gemma4-26b,glm-5.1,completeness,3
question_17,copilot_gemma4-26b,glm-5.1,specificity,2
question_17,copilot_gemma4-26b,glm-5.1,helpfulness,2
question_17,copilot_gemma4-26b,glm-5.1,source_faithfulness,2
question_52,copilot_gemma4-26b,glm-5.1,relevance,5
question_52,copilot_gemma4-26b,glm-5.1,completeness,4
question_52,copilot_gemma4-26b,glm-5.1,specificity,2
question_52,copilot_gemma4-26b,glm-5.1,helpfulness,3
question_52,copilot_gemma4-26b,glm-5.1,source_faithfulness,2
question_53,copilot_gemma4-26b,glm-5.1,relevance,5
question_53,copilot_gemma4-26b,glm-5.1,completeness,5
question_53,copilot_gemma4-26b,glm-5.1,specificity,5
question_53,copilot_gemma4-26b,glm-5.1,helpfulness,5
question_53,copilot_gemma4-26b,glm-5.1,source_faithfulness,4
question_35,copilot_gemma4-26b,glm-5.1,relevance,5
question_35,copilot_gemma4-26b,glm-5.1,completeness,4
question_35,copilot_gemma4-26b,glm-5.1,specificity,4
question_35,copilot_gemma4-26b,glm-5.1,helpfulness,5
question_35,copilot_gemma4-26b,glm-5.1,source_faithfulness,4
question_36,copilot_gemma4-26b,glm-5.1,relevance,5
question_36,copilot_gemma4-26b,glm-5.1,completeness,5
question_36,copilot_gemma4-26b,glm-5.1,specificity,5
question_36,copilot_gemma4-26b,glm-5.1,helpfulness,4
question_36,copilot_gemma4-26b,glm-5.1,source_faithfulness,4
question_3,copilot_gemma4-26b,glm-5.1,relevance,5
question_3,copilot_gemma4-26b,glm-5.1,completeness,4
question_3,copilot_gemma4-26b,glm-5.1,specificity,4
question_3,copilot_gemma4-26b,glm-5.1,helpfulness,4
question_3,copilot_gemma4-26b,glm-5.1,source_faithfulness,4
question_45,copilot_gemma4-26b,glm-5.1,relevance,5
question_45,copilot_gemma4-26b,glm-5.1,completeness,5
question_45,copilot_gemma4-26b,glm-5.1,specificity,5
question_45,copilot_gemma4-26b,glm-5.1,helpfulness,5
question_45,copilot_gemma4-26b,glm-5.1,source_faithfulness,4
question_37,copilot_gemma4-26b,glm-5.1,relevance,5
question_37,copilot_gemma4-26b,glm-5.1,completeness,5
question_37,copilot_gemma4-26b,glm-5.1,specificity,4
question_37,copilot_gemma4-26b,glm-5.1,helpfulness,4
question_37,copilot_gemma4-26b,glm-5.1,source_faithfulness,3
question_18,copilot_gemma4-26b,glm-5.1,relevance,3
question_18,copilot_gemma4-26b,glm-5.1,completeness,2
question_18,copilot_gemma4-26b,glm-5.1,specificity,3
question_18,copilot_gemma4-26b,glm-5.1,helpfulness,2
question_18,copilot_gemma4-26b,glm-5.1,source_faithfulness,5
question_19,copilot_gemma4-26b,glm-5.1,relevance,5
question_19,copilot_gemma4-26b,glm-5.1,completeness,3
question_19,copilot_gemma4-26b,glm-5.1,specificity,3
question_19,copilot_gemma4-26b,glm-5.1,helpfulness,3
question_19,copilot_gemma4-26b,glm-5.1,source_faithfulness,4
question_20,copilot_gemma4-26b,glm-5.1,relevance,3
question_20,copilot_gemma4-26b,glm-5.1,completeness,2
question_20,copilot_gemma4-26b,glm-5.1,specificity,2
question_20,copilot_gemma4-26b,glm-5.1,helpfulness,3
question_20,copilot_gemma4-26b,glm-5.1,source_faithfulness,3
question_38,copilot_gemma4-26b,glm-5.1,relevance,5
question_38,copilot_gemma4-26b,glm-5.1,completeness,4
question_38,copilot_gemma4-26b,glm-5.1,specificity,4
question_38,copilot_gemma4-26b,glm-5.1,helpfulness,4
question_38,copilot_gemma4-26b,glm-5.1,source_faithfulness,3
question_21,copilot_gemma4-26b,glm-5.1,relevance,4
question_21,copilot_gemma4-26b,glm-5.1,completeness,2
question_21,copilot_gemma4-26b,glm-5.1,specificity,4
question_21,copilot_gemma4-26b,glm-5.1,helpfulness,2
question_21,copilot_gemma4-26b,glm-5.1,source_faithfulness,4
question_22,copilot_gemma4-26b,glm-5.1,relevance,4
question_22,copilot_gemma4-26b,glm-5.1,completeness,3
question_22,copilot_gemma4-26b,glm-5.1,specificity,2
question_22,copilot_gemma4-26b,glm-5.1,helpfulness,3
question_22,copilot_gemma4-26b,glm-5.1,source_faithfulness,2
question_46,rag-only_gemma4-26b,glm-5.1,relevance,5
question_46,rag-only_gemma4-26b,glm-5.1,completeness,3
question_46,rag-only_gemma4-26b,glm-5.1,specificity,3
question_46,rag-only_gemma4-26b,glm-5.1,helpfulness,3
question_46,rag-only_gemma4-26b,glm-5.1,source_faithfulness,5
question_1,rag-only_gemma4-26b,glm-5.1,relevance,2
question_1,rag-only_gemma4-26b,glm-5.1,completeness,1
question_1,rag-only_gemma4-26b,glm-5.1,specificity,1
question_1,rag-only_gemma4-26b,glm-5.1,helpfulness,1
question_1,rag-only_gemma4-26b,glm-5.1,source_faithfulness,5
question_23,rag-only_gemma4-26b,glm-5.1,relevance,5
question_23,rag-only_gemma4-26b,glm-5.1,completeness,5
question_23,rag-only_gemma4-26b,glm-5.1,specificity,5
question_23,rag-only_gemma4-26b,glm-5.1,helpfulness,5
question_23,rag-only_gemma4-26b,glm-5.1,source_faithfulness,5
question_39,rag-only_gemma4-26b,glm-5.1,relevance,2
question_39,rag-only_gemma4-26b,glm-5.1,completeness,1
question_39,rag-only_gemma4-26b,glm-5.1,specificity,1
question_39,rag-only_gemma4-26b,glm-5.1,helpfulness,2
question_24,rag-only_gemma4-26b,glm-5.1,relevance,5
question_24,rag-only_gemma4-26b,glm-5.1,completeness,2
question_24,rag-only_gemma4-26b,glm-5.1,specificity,1
question_24,rag-only_gemma4-26b,glm-5.1,helpfulness,2
question_24,rag-only_gemma4-26b,glm-5.1,source_faithfulness,5
question_25,rag-only_gemma4-26b,glm-5.1,relevance,5
question_25,rag-only_gemma4-26b,glm-5.1,completeness,4
question_25,rag-only_gemma4-26b,glm-5.1,specificity,4
question_25,rag-only_gemma4-26b,glm-5.1,helpfulness,5
question_25,rag-only_gemma4-26b,glm-5.1,source_faithfulness,3
question_26,rag-only_gemma4-26b,glm-5.1,relevance,5
question_26,rag-only_gemma4-26b,glm-5.1,completeness,4
question_26,rag-only_gemma4-26b,glm-5.1,specificity,5
question_26,rag-only_gemma4-26b,glm-5.1,helpfulness,5
question_26,rag-only_gemma4-26b,glm-5.1,source_faithfulness,4
question_47,rag-only_gemma4-26b,glm-5.1,relevance,5
question_47,rag-only_gemma4-26b,glm-5.1,completeness,4
question_47,rag-only_gemma4-26b,glm-5.1,specificity,5
question_47,rag-only_gemma4-26b,glm-5.1,helpfulness,4
question_47,rag-only_gemma4-26b,glm-5.1,source_faithfulness,5
question_40,rag-only_gemma4-26b,glm-5.1,relevance,5
question_40,rag-only_gemma4-26b,glm-5.1,completeness,5
question_40,rag-only_gemma4-26b,glm-5.1,specificity,4
question_40,rag-only_gemma4-26b,glm-5.1,helpfulness,5
question_40,rag-only_gemma4-26b,glm-5.1,source_faithfulness,4
question_27,rag-only_gemma4-26b,glm-5.1,relevance,3
question_27,rag-only_gemma4-26b,glm-5.1,completeness,2
question_27,rag-only_gemma4-26b,glm-5.1,specificity,3
question_27,rag-only_gemma4-26b,glm-5.1,helpfulness,2
question_27,rag-only_gemma4-26b,glm-5.1,source_faithfulness,5
question_48,rag-only_gemma4-26b,glm-5.1,relevance,4
question_48,rag-only_gemma4-26b,glm-5.1,completeness,3
question_48,rag-only_gemma4-26b,glm-5.1,specificity,4
question_48,rag-only_gemma4-26b,glm-5.1,helpfulness,3
question_48,rag-only_gemma4-26b,glm-5.1,source_faithfulness,5
question_41,rag-only_gemma4-26b,glm-5.1,relevance,5
question_41,rag-only_gemma4-26b,glm-5.1,completeness,4
question_41,rag-only_gemma4-26b,glm-5.1,specificity,4
question_41,rag-only_gemma4-26b,glm-5.1,helpfulness,4
question_41,rag-only_gemma4-26b,glm-5.1,source_faithfulness,4
question_42,rag-only_gemma4-26b,glm-5.1,relevance,2
question_42,rag-only_gemma4-26b,glm-5.1,completeness,1
question_42,rag-only_gemma4-26b,glm-5.1,specificity,1
question_42,rag-only_gemma4-26b,glm-5.1,helpfulness,2
question_42,rag-only_gemma4-26b,glm-5.1,source_faithfulness,5
question_4,rag-only_gemma4-26b,glm-5.1,relevance,5
question_4,rag-only_gemma4-26b,glm-5.1,completeness,5
question_4,rag-only_gemma4-26b,glm-5.1,specificity,5
question_4,rag-only_gemma4-26b,glm-5.1,helpfulness,5
question_4,rag-only_gemma4-26b,glm-5.1,source_faithfulness,4
question_6,rag-only_gemma4-26b,glm-5.1,relevance,5
question_6,rag-only_gemma4-26b,glm-5.1,completeness,5
question_6,rag-only_gemma4-26b,glm-5.1,specificity,4
question_6,rag-only_gemma4-26b,glm-5.1,helpfulness,4
question_6,rag-only_gemma4-26b,glm-5.1,source_faithfulness,5
question_7,rag-only_gemma4-26b,glm-5.1,relevance,3
question_7,rag-only_gemma4-26b,glm-5.1,completeness,1
question_7,rag-only_gemma4-26b,glm-5.1,specificity,1
question_7,rag-only_gemma4-26b,glm-5.1,helpfulness,1
question_7,rag-only_gemma4-26b,glm-5.1,source_faithfulness,5
question_5,rag-only_gemma4-26b,glm-5.1,relevance,4
question_5,rag-only_gemma4-26b,glm-5.1,completeness,1
question_5,rag-only_gemma4-26b,glm-5.1,specificity,1
question_5,rag-only_gemma4-26b,glm-5.1,helpfulness,2
question_5,rag-only_gemma4-26b,glm-5.1,source_faithfulness,5
question_8,rag-only_gemma4-26b,glm-5.1,relevance,5
question_8,rag-only_gemma4-26b,glm-5.1,completeness,5
question_8,rag-only_gemma4-26b,glm-5.1,specificity,4
question_8,rag-only_gemma4-26b,glm-5.1,helpfulness,4
question_8,rag-only_gemma4-26b,glm-5.1,source_faithfulness,5
question_9,rag-only_gemma4-26b,glm-5.1,relevance,5
question_9,rag-only_gemma4-26b,glm-5.1,completeness,4
question_9,rag-only_gemma4-26b,glm-5.1,specificity,4
question_9,rag-only_gemma4-26b,glm-5.1,helpfulness,3
question_9,rag-only_gemma4-26b,glm-5.1,source_faithfulness,4
question_28,rag-only_gemma4-26b,glm-5.1,relevance,4
question_28,rag-only_gemma4-26b,glm-5.1,completeness,3
question_28,rag-only_gemma4-26b,glm-5.1,specificity,3
question_28,rag-only_gemma4-26b,glm-5.1,helpfulness,3
question_28,rag-only_gemma4-26b,glm-5.1,source_faithfulness,5
question_10,rag-only_gemma4-26b,glm-5.1,relevance,5
question_10,rag-only_gemma4-26b,glm-5.1,completeness,5
question_10,rag-only_gemma4-26b,glm-5.1,specificity,5
question_10,rag-only_gemma4-26b,glm-5.1,helpfulness,5
question_10,rag-only_gemma4-26b,glm-5.1,source_faithfulness,4
question_49,rag-only_gemma4-26b,glm-5.1,relevance,5
question_49,rag-only_gemma4-26b,glm-5.1,completeness,3
question_49,rag-only_gemma4-26b,glm-5.1,specificity,3
question_49,rag-only_gemma4-26b,glm-5.1,helpfulness,3
question_49,rag-only_gemma4-26b,glm-5.1,source_faithfulness,5
question_50,rag-only_gemma4-26b,glm-5.1,relevance,5
question_50,rag-only_gemma4-26b,glm-5.1,completeness,4
question_50,rag-only_gemma4-26b,glm-5.1,specificity,3
question_50,rag-only_gemma4-26b,glm-5.1,helpfulness,3
question_50,rag-only_gemma4-26b,glm-5.1,source_faithfulness,5
question_11,rag-only_gemma4-26b,glm-5.1,relevance,5
question_11,rag-only_gemma4-26b,glm-5.1,completeness,5
question_11,rag-only_gemma4-26b,glm-5.1,specificity,5
question_11,rag-only_gemma4-26b,glm-5.1,helpfulness,5
question_11,rag-only_gemma4-26b,glm-5.1,source_faithfulness,4
question_29,rag-only_gemma4-26b,glm-5.1,relevance,5
question_29,rag-only_gemma4-26b,glm-5.1,completeness,5
question_29,rag-only_gemma4-26b,glm-5.1,specificity,5
question_29,rag-only_gemma4-26b,glm-5.1,helpfulness,5
question_29,rag-only_gemma4-26b,glm-5.1,source_faithfulness,5
question_31,rag-only_gemma4-26b,glm-5.1,relevance,4
question_31,rag-only_gemma4-26b,glm-5.1,completeness,2
question_31,rag-only_gemma4-26b,glm-5.1,specificity,2
question_31,rag-only_gemma4-26b,glm-5.1,helpfulness,2
question_31,rag-only_gemma4-26b,glm-5.1,source_faithfulness,5
question_12,rag-only_gemma4-26b,glm-5.1,relevance,4
question_12,rag-only_gemma4-26b,glm-5.1,completeness,3
question_12,rag-only_gemma4-26b,glm-5.1,specificity,3
question_12,rag-only_gemma4-26b,glm-5.1,helpfulness,3
question_12,rag-only_gemma4-26b,glm-5.1,source_faithfulness,5
question_32,rag-only_gemma4-26b,glm-5.1,relevance,2
question_32,rag-only_gemma4-26b,glm-5.1,completeness,2
question_32,rag-only_gemma4-26b,glm-5.1,specificity,3
question_32,rag-only_gemma4-26b,glm-5.1,helpfulness,2
question_32,rag-only_gemma4-26b,glm-5.1,source_faithfulness,4
question_13,rag-only_gemma4-26b,glm-5.1,relevance,3
question_13,rag-only_gemma4-26b,glm-5.1,completeness,2
question_13,rag-only_gemma4-26b,glm-5.1,specificity,2
question_13,rag-only_gemma4-26b,glm-5.1,helpfulness,2
question_43,rag-only_gemma4-26b,glm-5.1,relevance,5
question_43,rag-only_gemma4-26b,glm-5.1,completeness,5
question_43,rag-only_gemma4-26b,glm-5.1,specificity,5
question_43,rag-only_gemma4-26b,glm-5.1,helpfulness,5
question_43,rag-only_gemma4-26b,glm-5.1,source_faithfulness,5
question_14,rag-only_gemma4-26b,glm-5.1,relevance,1
question_14,rag-only_gemma4-26b,glm-5.1,completeness,1
question_14,rag-only_gemma4-26b,glm-5.1,specificity,1
question_14,rag-only_gemma4-26b,glm-5.1,helpfulness,1
question_14,rag-only_gemma4-26b,glm-5.1,source_faithfulness,5
question_33,rag-only_gemma4-26b,glm-5.1,relevance,5
question_33,rag-only_gemma4-26b,glm-5.1,completeness,4
question_33,rag-only_gemma4-26b,glm-5.1,specificity,4
question_33,rag-only_gemma4-26b,glm-5.1,helpfulness,4
question_33,rag-only_gemma4-26b,glm-5.1,source_faithfulness,4
question_2,rag-only_gemma4-26b,glm-5.1,relevance,5
question_2,rag-only_gemma4-26b,glm-5.1,completeness,3
question_2,rag-only_gemma4-26b,glm-5.1,specificity,3
question_2,rag-only_gemma4-26b,glm-5.1,helpfulness,3
question_2,rag-only_gemma4-26b,glm-5.1,source_faithfulness,4
question_34,rag-only_gemma4-26b,glm-5.1,relevance,5
question_34,rag-only_gemma4-26b,glm-5.1,completeness,4
question_34,rag-only_gemma4-26b,glm-5.1,specificity,4
question_34,rag-only_gemma4-26b,glm-5.1,helpfulness,4
question_34,rag-only_gemma4-26b,glm-5.1,source_faithfulness,3
question_15,rag-only_gemma4-26b,glm-5.1,relevance,5
question_15,rag-only_gemma4-26b,glm-5.1,completeness,5
question_15,rag-only_gemma4-26b,glm-5.1,specificity,4
question_15,rag-only_gemma4-26b,glm-5.1,helpfulness,5
question_15,rag-only_gemma4-26b,glm-5.1,source_faithfulness,3
question_44,rag-only_gemma4-26b,glm-5.1,relevance,5
question_44,rag-only_gemma4-26b,glm-5.1,completeness,4
question_44,rag-only_gemma4-26b,glm-5.1,specificity,5
question_44,rag-only_gemma4-26b,glm-5.1,helpfulness,4
question_44,rag-only_gemma4-26b,glm-5.1,source_faithfulness,5
question_51,rag-only_gemma4-26b,glm-5.1,relevance,5
question_51,rag-only_gemma4-26b,glm-5.1,completeness,1
question_51,rag-only_gemma4-26b,glm-5.1,specificity,1
question_51,rag-only_gemma4-26b,glm-5.1,helpfulness,2
question_51,rag-only_gemma4-26b,glm-5.1,source_faithfulness,5
question_17,rag-only_gemma4-26b,glm-5.1,relevance,4
question_17,rag-only_gemma4-26b,glm-5.1,completeness,3
question_17,rag-only_gemma4-26b,glm-5.1,specificity,3
question_17,rag-only_gemma4-26b,glm-5.1,helpfulness,3
question_17,rag-only_gemma4-26b,glm-5.1,source_faithfulness,4
question_52,rag-only_gemma4-26b,glm-5.1,relevance,5
question_52,rag-only_gemma4-26b,glm-5.1,completeness,5
question_52,rag-only_gemma4-26b,glm-5.1,specificity,4
question_52,rag-only_gemma4-26b,glm-5.1,helpfulness,4
question_52,rag-only_gemma4-26b,glm-5.1,source_faithfulness,4
question_53,rag-only_gemma4-26b,glm-5.1,relevance,4
question_53,rag-only_gemma4-26b,glm-5.1,completeness,4
question_53,rag-only_gemma4-26b,glm-5.1,specificity,4
question_53,rag-only_gemma4-26b,glm-5.1,helpfulness,4
question_53,rag-only_gemma4-26b,glm-5.1,source_faithfulness,5
question_35,rag-only_gemma4-26b,glm-5.1,relevance,5
question_35,rag-only_gemma4-26b,glm-5.1,completeness,5
question_35,rag-only_gemma4-26b,glm-5.1,specificity,5
question_35,rag-only_gemma4-26b,glm-5.1,helpfulness,5
question_35,rag-only_gemma4-26b,glm-5.1,source_faithfulness,5
question_36,rag-only_gemma4-26b,glm-5.1,relevance,5
question_36,rag-only_gemma4-26b,glm-5.1,completeness,4
question_36,rag-only_gemma4-26b,glm-5.1,specificity,4
question_36,rag-only_gemma4-26b,glm-5.1,helpfulness,4
question_36,rag-only_gemma4-26b,glm-5.1,source_faithfulness,3
question_3,rag-only_gemma4-26b,glm-5.1,relevance,5
question_3,rag-only_gemma4-26b,glm-5.1,completeness,5
question_3,rag-only_gemma4-26b,glm-5.1,specificity,3
question_3,rag-only_gemma4-26b,glm-5.1,helpfulness,4
question_3,rag-only_gemma4-26b,glm-5.1,source_faithfulness,3
question_45,rag-only_gemma4-26b,glm-5.1,relevance,5
question_45,rag-only_gemma4-26b,glm-5.1,completeness,5
question_45,rag-only_gemma4-26b,glm-5.1,specificity,5
question_45,rag-only_gemma4-26b,glm-5.1,helpfulness,5
question_45,rag-only_gemma4-26b,glm-5.1,source_faithfulness,5
question_37,rag-only_gemma4-26b,glm-5.1,relevance,5
question_37,rag-only_gemma4-26b,glm-5.1,completeness,5
question_37,rag-only_gemma4-26b,glm-5.1,specificity,5
question_37,rag-only_gemma4-26b,glm-5.1,helpfulness,5
question_37,rag-only_gemma4-26b,glm-5.1,source_faithfulness,5
question_18,rag-only_gemma4-26b,glm-5.1,relevance,5
question_18,rag-only_gemma4-26b,glm-5.1,completeness,5
question_18,rag-only_gemma4-26b,glm-5.1,specificity,5
question_18,rag-only_gemma4-26b,glm-5.1,helpfulness,5
question_18,rag-only_gemma4-26b,glm-5.1,source_faithfulness,4
question_19,rag-only_gemma4-26b,glm-5.1,relevance,5
question_19,rag-only_gemma4-26b,glm-5.1,completeness,3
question_19,rag-only_gemma4-26b,glm-5.1,specificity,3
question_19,rag-only_gemma4-26b,glm-5.1,helpfulness,3
question_19,rag-only_gemma4-26b,glm-5.1,source_faithfulness,5
question_20,rag-only_gemma4-26b,glm-5.1,relevance,5
question_20,rag-only_gemma4-26b,glm-5.1,completeness,2
question_20,rag-only_gemma4-26b,glm-5.1,specificity,2
question_20,rag-only_gemma4-26b,glm-5.1,helpfulness,2
question_20,rag-only_gemma4-26b,glm-5.1,source_faithfulness,5
question_38,rag-only_gemma4-26b,glm-5.1,relevance,5
question_38,rag-only_gemma4-26b,glm-5.1,completeness,1
question_38,rag-only_gemma4-26b,glm-5.1,specificity,1
question_38,rag-only_gemma4-26b,glm-5.1,helpfulness,2
question_38,rag-only_gemma4-26b,glm-5.1,source_faithfulness,5
question_21,rag-only_gemma4-26b,glm-5.1,relevance,3
question_21,rag-only_gemma4-26b,glm-5.1,completeness,2
question_21,rag-only_gemma4-26b,glm-5.1,specificity,2
question_21,rag-only_gemma4-26b,glm-5.1,helpfulness,2
question_21,rag-only_gemma4-26b,glm-5.1,source_faithfulness,5
question_22,rag-only_gemma4-26b,glm-5.1,relevance,2
question_22,rag-only_gemma4-26b,glm-5.1,completeness,1
question_22,rag-only_gemma4-26b,glm-5.1,specificity,1
question_22,rag-only_gemma4-26b,glm-5.1,helpfulness,2
question_46,benchmarking-gemma4-off-bare-llm-20260416_105737,glm-5.1,relevance,4
question_46,benchmarking-gemma4-off-bare-llm-20260416_105737,glm-5.1,completeness,4
question_46,benchmarking-gemma4-off-bare-llm-20260416_105737,glm-5.1,specificity,2
question_46,benchmarking-gemma4-off-bare-llm-20260416_105737,glm-5.1,helpfulness,2
question_1,benchmarking-gemma4-off-bare-llm-20260416_105737,glm-5.1,relevance,5
question_1,benchmarking-gemma4-off-bare-llm-20260416_105737,glm-5.1,completeness,4
question_1,benchmarking-gemma4-off-bare-llm-20260416_105737,glm-5.1,specificity,3
question_1,benchmarking-gemma4-off-bare-llm-20260416_105737,glm-5.1,helpfulness,4
question_23,benchmarking-gemma4-off-bare-llm-20260416_105737,glm-5.1,relevance,2
question_23,benchmarking-gemma4-off-bare-llm-20260416_105737,glm-5.1,completeness,2
question_23,benchmarking-gemma4-off-bare-llm-20260416_105737,glm-5.1,specificity,2
question_23,benchmarking-gemma4-off-bare-llm-20260416_105737,glm-5.1,helpfulness,1
question_39,benchmarking-gemma4-off-bare-llm-20260416_105737,glm-5.1,relevance,2
question_39,benchmarking-gemma4-off-bare-llm-20260416_105737,glm-5.1,completeness,1
question_39,benchmarking-gemma4-off-bare-llm-20260416_105737,glm-5.1,specificity,1
question_39,benchmarking-gemma4-off-bare-llm-20260416_105737,glm-5.1,helpfulness,1
question_24,benchmarking-gemma4-off-bare-llm-20260416_105737,glm-5.1,relevance,3
question_24,benchmarking-gemma4-off-bare-llm-20260416_105737,glm-5.1,completeness,2
question_24,benchmarking-gemma4-off-bare-llm-20260416_105737,glm-5.1,specificity,2
question_24,benchmarking-gemma4-off-bare-llm-20260416_105737,glm-5.1,helpfulness,2
question_25,benchmarking-gemma4-off-bare-llm-20260416_105737,glm-5.1,relevance,2
question_25,benchmarking-gemma4-off-bare-llm-20260416_105737,glm-5.1,completeness,2
question_25,benchmarking-gemma4-off-bare-llm-20260416_105737,glm-5.1,specificity,2
question_25,benchmarking-gemma4-off-bare-llm-20260416_105737,glm-5.1,helpfulness,1
question_26,benchmarking-gemma4-off-bare-llm-20260416_105737,glm-5.1,relevance,2
question_26,benchmarking-gemma4-off-bare-llm-20260416_105737,glm-5.1,completeness,1
question_26,benchmarking-gemma4-off-bare-llm-20260416_105737,glm-5.1,specificity,2
question_26,benchmarking-gemma4-off-bare-llm-20260416_105737,glm-5.1,helpfulness,1
question_47,benchmarking-gemma4-off-bare-llm-20260416_105737,glm-5.1,relevance,3
question_47,benchmarking-gemma4-off-bare-llm-20260416_105737,glm-5.1,completeness,2
question_47,benchmarking-gemma4-off-bare-llm-20260416_105737,glm-5.1,specificity,2
question_47,benchmarking-gemma4-off-bare-llm-20260416_105737,glm-5.1,helpfulness,2
question_40,benchmarking-gemma4-off-bare-llm-20260416_105737,glm-5.1,relevance,2
question_40,benchmarking-gemma4-off-bare-llm-20260416_105737,glm-5.1,completeness,1
question_40,benchmarking-gemma4-off-bare-llm-20260416_105737,glm-5.1,specificity,1
question_40,benchmarking-gemma4-off-bare-llm-20260416_105737,glm-5.1,helpfulness,1
question_27,benchmarking-gemma4-off-bare-llm-20260416_105737,glm-5.1,relevance,2
question_27,benchmarking-gemma4-off-bare-llm-20260416_105737,glm-5.1,completeness,1
question_27,benchmarking-gemma4-off-bare-llm-20260416_105737,glm-5.1,specificity,1
question_27,benchmarking-gemma4-off-bare-llm-20260416_105737,glm-5.1,helpfulness,1
question_48,benchmarking-gemma4-off-bare-llm-20260416_105737,glm-5.1,relevance,4
question_48,benchmarking-gemma4-off-bare-llm-20260416_105737,glm-5.1,completeness,2
question_48,benchmarking-gemma4-off-bare-llm-20260416_105737,glm-5.1,specificity,2
question_48,benchmarking-gemma4-off-bare-llm-20260416_105737,glm-5.1,helpfulness,2
question_41,benchmarking-gemma4-off-bare-llm-20260416_105737,glm-5.1,relevance,1
question_41,benchmarking-gemma4-off-bare-llm-20260416_105737,glm-5.1,completeness,1
question_41,benchmarking-gemma4-off-bare-llm-20260416_105737,glm-5.1,specificity,1
question_41,benchmarking-gemma4-off-bare-llm-20260416_105737,glm-5.1,helpfulness,1
question_42,benchmarking-gemma4-off-bare-llm-20260416_105737,glm-5.1,relevance,2
question_42,benchmarking-gemma4-off-bare-llm-20260416_105737,glm-5.1,completeness,2
question_42,benchmarking-gemma4-off-bare-llm-20260416_105737,glm-5.1,specificity,2
question_42,benchmarking-gemma4-off-bare-llm-20260416_105737,glm-5.1,helpfulness,1
question_4,benchmarking-gemma4-off-bare-llm-20260416_105737,glm-5.1,relevance,3
question_4,benchmarking-gemma4-off-bare-llm-20260416_105737,glm-5.1,completeness,2
question_4,benchmarking-gemma4-off-bare-llm-20260416_105737,glm-5.1,specificity,2
question_4,benchmarking-gemma4-off-bare-llm-20260416_105737,glm-5.1,helpfulness,2
question_6,benchmarking-gemma4-off-bare-llm-20260416_105737,glm-5.1,relevance,4
question_6,benchmarking-gemma4-off-bare-llm-20260416_105737,glm-5.1,completeness,2
question_6,benchmarking-gemma4-off-bare-llm-20260416_105737,glm-5.1,specificity,2
question_6,benchmarking-gemma4-off-bare-llm-20260416_105737,glm-5.1,helpfulness,2
question_7,benchmarking-gemma4-off-bare-llm-20260416_105737,glm-5.1,relevance,4
question_7,benchmarking-gemma4-off-bare-llm-20260416_105737,glm-5.1,completeness,3
question_7,benchmarking-gemma4-off-bare-llm-20260416_105737,glm-5.1,specificity,2
question_7,benchmarking-gemma4-off-bare-llm-20260416_105737,glm-5.1,helpfulness,2
question_5,benchmarking-gemma4-off-bare-llm-20260416_105737,glm-5.1,relevance,4
question_5,benchmarking-gemma4-off-bare-llm-20260416_105737,glm-5.1,completeness,2
question_5,benchmarking-gemma4-off-bare-llm-20260416_105737,glm-5.1,specificity,2
question_5,benchmarking-gemma4-off-bare-llm-20260416_105737,glm-5.1,helpfulness,3
question_8,benchmarking-gemma4-off-bare-llm-20260416_105737,glm-5.1,relevance,4
question_8,benchmarking-gemma4-off-bare-llm-20260416_105737,glm-5.1,completeness,2
question_8,benchmarking-gemma4-off-bare-llm-20260416_105737,glm-5.1,specificity,2
question_8,benchmarking-gemma4-off-bare-llm-20260416_105737,glm-5.1,helpfulness,2
question_9,benchmarking-gemma4-off-bare-llm-20260416_105737,glm-5.1,relevance,4
question_9,benchmarking-gemma4-off-bare-llm-20260416_105737,glm-5.1,completeness,2
question_9,benchmarking-gemma4-off-bare-llm-20260416_105737,glm-5.1,specificity,4
question_9,benchmarking-gemma4-off-bare-llm-20260416_105737,glm-5.1,helpfulness,4
question_28,benchmarking-gemma4-off-bare-llm-20260416_105737,glm-5.1,relevance,2
question_28,benchmarking-gemma4-off-bare-llm-20260416_105737,glm-5.1,completeness,1
question_28,benchmarking-gemma4-off-bare-llm-20260416_105737,glm-5.1,specificity,1
question_28,benchmarking-gemma4-off-bare-llm-20260416_105737,glm-5.1,helpfulness,1
question_10,benchmarking-gemma4-off-bare-llm-20260416_105737,glm-5.1,relevance,2
question_10,benchmarking-gemma4-off-bare-llm-20260416_105737,glm-5.1,completeness,1
question_10,benchmarking-gemma4-off-bare-llm-20260416_105737,glm-5.1,specificity,2
question_10,benchmarking-gemma4-off-bare-llm-20260416_105737,glm-5.1,helpfulness,1
question_49,benchmarking-gemma4-off-bare-llm-20260416_105737,glm-5.1,relevance,3
question_49,benchmarking-gemma4-off-bare-llm-20260416_105737,glm-5.1,completeness,2
question_49,benchmarking-gemma4-off-bare-llm-20260416_105737,glm-5.1,specificity,3
question_49,benchmarking-gemma4-off-bare-llm-20260416_105737,glm-5.1,helpfulness,2
question_50,benchmarking-gemma4-off-bare-llm-20260416_105737,glm-5.1,relevance,2
question_50,benchmarking-gemma4-off-bare-llm-20260416_105737,glm-5.1,completeness,1
question_50,benchmarking-gemma4-off-bare-llm-20260416_105737,glm-5.1,specificity,1
question_50,benchmarking-gemma4-off-bare-llm-20260416_105737,glm-5.1,helpfulness,1
question_11,benchmarking-gemma4-off-bare-llm-20260416_105737,glm-5.1,relevance,1
question_11,benchmarking-gemma4-off-bare-llm-20260416_105737,glm-5.1,completeness,1
question_11,benchmarking-gemma4-off-bare-llm-20260416_105737,glm-5.1,specificity,2
question_11,benchmarking-gemma4-off-bare-llm-20260416_105737,glm-5.1,helpfulness,1
question_29,benchmarking-gemma4-off-bare-llm-20260416_105737,glm-5.1,relevance,3
question_29,benchmarking-gemma4-off-bare-llm-20260416_105737,glm-5.1,completeness,2
question_29,benchmarking-gemma4-off-bare-llm-20260416_105737,glm-5.1,specificity,2
question_29,benchmarking-gemma4-off-bare-llm-20260416_105737,glm-5.1,helpfulness,2
question_30,benchmarking-gemma4-off-bare-llm-20260416_105737,glm-5.1,relevance,2
question_30,benchmarking-gemma4-off-bare-llm-20260416_105737,glm-5.1,completeness,2
question_30,benchmarking-gemma4-off-bare-llm-20260416_105737,glm-5.1,specificity,2
question_30,benchmarking-gemma4-off-bare-llm-20260416_105737,glm-5.1,helpfulness,2
question_31,benchmarking-gemma4-off-bare-llm-20260416_105737,glm-5.1,relevance,1
question_31,benchmarking-gemma4-off-bare-llm-20260416_105737,glm-5.1,completeness,1
question_31,benchmarking-gemma4-off-bare-llm-20260416_105737,glm-5.1,specificity,1
question_31,benchmarking-gemma4-off-bare-llm-20260416_105737,glm-5.1,helpfulness,1
question_12,benchmarking-gemma4-off-bare-llm-20260416_105737,glm-5.1,relevance,2
question_12,benchmarking-gemma4-off-bare-llm-20260416_105737,glm-5.1,completeness,2
question_12,benchmarking-gemma4-off-bare-llm-20260416_105737,glm-5.1,specificity,2
question_12,benchmarking-gemma4-off-bare-llm-20260416_105737,glm-5.1,helpfulness,2
question_32,benchmarking-gemma4-off-bare-llm-20260416_105737,glm-5.1,relevance,1
question_32,benchmarking-gemma4-off-bare-llm-20260416_105737,glm-5.1,completeness,1
question_32,benchmarking-gemma4-off-bare-llm-20260416_105737,glm-5.1,specificity,1
question_32,benchmarking-gemma4-off-bare-llm-20260416_105737,glm-5.1,helpfulness,1
question_13,benchmarking-gemma4-off-bare-llm-20260416_105737,glm-5.1,relevance,5
question_13,benchmarking-gemma4-off-bare-llm-20260416_105737,glm-5.1,completeness,3
question_13,benchmarking-gemma4-off-bare-llm-20260416_105737,glm-5.1,specificity,2
question_13,benchmarking-gemma4-off-bare-llm-20260416_105737,glm-5.1,helpfulness,2
question_43,benchmarking-gemma4-off-bare-llm-20260416_105737,glm-5.1,relevance,5
question_43,benchmarking-gemma4-off-bare-llm-20260416_105737,glm-5.1,completeness,5
question_43,benchmarking-gemma4-off-bare-llm-20260416_105737,glm-5.1,specificity,4
question_43,benchmarking-gemma4-off-bare-llm-20260416_105737,glm-5.1,helpfulness,4
question_14,benchmarking-gemma4-off-bare-llm-20260416_105737,glm-5.1,relevance,3
question_14,benchmarking-gemma4-off-bare-llm-20260416_105737,glm-5.1,completeness,2
question_14,benchmarking-gemma4-off-bare-llm-20260416_105737,glm-5.1,specificity,2
question_14,benchmarking-gemma4-off-bare-llm-20260416_105737,glm-5.1,helpfulness,2
question_33,benchmarking-gemma4-off-bare-llm-20260416_105737,glm-5.1,relevance,2
question_33,benchmarking-gemma4-off-bare-llm-20260416_105737,glm-5.1,completeness,2
question_33,benchmarking-gemma4-off-bare-llm-20260416_105737,glm-5.1,specificity,2
question_33,benchmarking-gemma4-off-bare-llm-20260416_105737,glm-5.1,helpfulness,1
question_2,benchmarking-gemma4-off-bare-llm-20260416_105737,glm-5.1,relevance,2
question_2,benchmarking-gemma4-off-bare-llm-20260416_105737,glm-5.1,completeness,2
question_2,benchmarking-gemma4-off-bare-llm-20260416_105737,glm-5.1,specificity,2
question_2,benchmarking-gemma4-off-bare-llm-20260416_105737,glm-5.1,helpfulness,2
question_34,benchmarking-gemma4-off-bare-llm-20260416_105737,glm-5.1,relevance,5
question_34,benchmarking-gemma4-off-bare-llm-20260416_105737,glm-5.1,completeness,5
question_34,benchmarking-gemma4-off-bare-llm-20260416_105737,glm-5.1,specificity,4
question_34,benchmarking-gemma4-off-bare-llm-20260416_105737,glm-5.1,helpfulness,5
question_15,benchmarking-gemma4-off-bare-llm-20260416_105737,glm-5.1,relevance,5
question_15,benchmarking-gemma4-off-bare-llm-20260416_105737,glm-5.1,completeness,4
question_15,benchmarking-gemma4-off-bare-llm-20260416_105737,glm-5.1,specificity,2
question_15,benchmarking-gemma4-off-bare-llm-20260416_105737,glm-5.1,helpfulness,2
question_44,benchmarking-gemma4-off-bare-llm-20260416_105737,glm-5.1,relevance,3
question_44,benchmarking-gemma4-off-bare-llm-20260416_105737,glm-5.1,completeness,2
question_44,benchmarking-gemma4-off-bare-llm-20260416_105737,glm-5.1,specificity,2
question_44,benchmarking-gemma4-off-bare-llm-20260416_105737,glm-5.1,helpfulness,2
question_51,benchmarking-gemma4-off-bare-llm-20260416_105737,glm-5.1,relevance,2
question_51,benchmarking-gemma4-off-bare-llm-20260416_105737,glm-5.1,completeness,1
question_51,benchmarking-gemma4-off-bare-llm-20260416_105737,glm-5.1,specificity,2
question_51,benchmarking-gemma4-off-bare-llm-20260416_105737,glm-5.1,helpfulness,2
question_16,benchmarking-gemma4-off-bare-llm-20260416_105737,glm-5.1,relevance,4
question_16,benchmarking-gemma4-off-bare-llm-20260416_105737,glm-5.1,completeness,4
question_16,benchmarking-gemma4-off-bare-llm-20260416_105737,glm-5.1,specificity,2
question_16,benchmarking-gemma4-off-bare-llm-20260416_105737,glm-5.1,helpfulness,2
question_17,benchmarking-gemma4-off-bare-llm-20260416_105737,glm-5.1,relevance,5
question_17,benchmarking-gemma4-off-bare-llm-20260416_105737,glm-5.1,completeness,3
question_17,benchmarking-gemma4-off-bare-llm-20260416_105737,glm-5.1,specificity,3
question_17,benchmarking-gemma4-off-bare-llm-20260416_105737,glm-5.1,helpfulness,3
question_52,benchmarking-gemma4-off-bare-llm-20260416_105737,glm-5.1,relevance,2
question_52,benchmarking-gemma4-off-bare-llm-20260416_105737,glm-5.1,completeness,2
question_52,benchmarking-gemma4-off-bare-llm-20260416_105737,glm-5.1,specificity,2
question_52,benchmarking-gemma4-off-bare-llm-20260416_105737,glm-5.1,helpfulness,1
question_53,benchmarking-gemma4-off-bare-llm-20260416_105737,glm-5.1,relevance,3
question_53,benchmarking-gemma4-off-bare-llm-20260416_105737,glm-5.1,completeness,3
question_53,benchmarking-gemma4-off-bare-llm-20260416_105737,glm-5.1,specificity,2
question_53,benchmarking-gemma4-off-bare-llm-20260416_105737,glm-5.1,helpfulness,2
question_35,benchmarking-gemma4-off-bare-llm-20260416_105737,glm-5.1,relevance,5
question_35,benchmarking-gemma4-off-bare-llm-20260416_105737,glm-5.1,completeness,5
question_35,benchmarking-gemma4-off-bare-llm-20260416_105737,glm-5.1,specificity,5
question_35,benchmarking-gemma4-off-bare-llm-20260416_105737,glm-5.1,helpfulness,4
question_36,benchmarking-gemma4-off-bare-llm-20260416_105737,glm-5.1,relevance,3
question_36,benchmarking-gemma4-off-bare-llm-20260416_105737,glm-5.1,completeness,3
question_36,benchmarking-gemma4-off-bare-llm-20260416_105737,glm-5.1,specificity,2
question_36,benchmarking-gemma4-off-bare-llm-20260416_105737,glm-5.1,helpfulness,2
question_3,benchmarking-gemma4-off-bare-llm-20260416_105737,glm-5.1,relevance,3
question_3,benchmarking-gemma4-off-bare-llm-20260416_105737,glm-5.1,completeness,3
question_3,benchmarking-gemma4-off-bare-llm-20260416_105737,glm-5.1,specificity,2
question_3,benchmarking-gemma4-off-bare-llm-20260416_105737,glm-5.1,helpfulness,2
question_45,benchmarking-gemma4-off-bare-llm-20260416_105737,glm-5.1,relevance,3
question_45,benchmarking-gemma4-off-bare-llm-20260416_105737,glm-5.1,completeness,4
question_45,benchmarking-gemma4-off-bare-llm-20260416_105737,glm-5.1,specificity,2
question_45,benchmarking-gemma4-off-bare-llm-20260416_105737,glm-5.1,helpfulness,2
question_37,benchmarking-gemma4-off-bare-llm-20260416_105737,glm-5.1,relevance,2
question_37,benchmarking-gemma4-off-bare-llm-20260416_105737,glm-5.1,completeness,2
question_37,benchmarking-gemma4-off-bare-llm-20260416_105737,glm-5.1,specificity,1
question_37,benchmarking-gemma4-off-bare-llm-20260416_105737,glm-5.1,helpfulness,1
question_18,benchmarking-gemma4-off-bare-llm-20260416_105737,glm-5.1,relevance,2
question_18,benchmarking-gemma4-off-bare-llm-20260416_105737,glm-5.1,completeness,1
question_18,benchmarking-gemma4-off-bare-llm-20260416_105737,glm-5.1,specificity,1
question_18,benchmarking-gemma4-off-bare-llm-20260416_105737,glm-5.1,helpfulness,1
question_19,benchmarking-gemma4-off-bare-llm-20260416_105737,glm-5.1,relevance,4
question_19,benchmarking-gemma4-off-bare-llm-20260416_105737,glm-5.1,completeness,4
question_19,benchmarking-gemma4-off-bare-llm-20260416_105737,glm-5.1,specificity,2
question_19,benchmarking-gemma4-off-bare-llm-20260416_105737,glm-5.1,helpfulness,1
question_20,benchmarking-gemma4-off-bare-llm-20260416_105737,glm-5.1,relevance,5
question_20,benchmarking-gemma4-off-bare-llm-20260416_105737,glm-5.1,completeness,4
question_20,benchmarking-gemma4-off-bare-llm-20260416_105737,glm-5.1,specificity,2
question_20,benchmarking-gemma4-off-bare-llm-20260416_105737,glm-5.1,helpfulness,3
question_38,benchmarking-gemma4-off-bare-llm-20260416_105737,glm-5.1,relevance,2
question_38,benchmarking-gemma4-off-bare-llm-20260416_105737,glm-5.1,completeness,2
question_38,benchmarking-gemma4-off-bare-llm-20260416_105737,glm-5.1,specificity,2
question_38,benchmarking-gemma4-off-bare-llm-20260416_105737,glm-5.1,helpfulness,1
question_21,benchmarking-gemma4-off-bare-llm-20260416_105737,glm-5.1,relevance,3
question_21,benchmarking-gemma4-off-bare-llm-20260416_105737,glm-5.1,completeness,2
question_21,benchmarking-gemma4-off-bare-llm-20260416_105737,glm-5.1,specificity,2
question_21,benchmarking-gemma4-off-bare-llm-20260416_105737,glm-5.1,helpfulness,2
question_22,benchmarking-gemma4-off-bare-llm-20260416_105737,glm-5.1,relevance,2
question_22,benchmarking-gemma4-off-bare-llm-20260416_105737,glm-5.1,completeness,2
question_22,benchmarking-gemma4-off-bare-llm-20260416_105737,glm-5.1,specificity,2
question_22,benchmarking-gemma4-off-bare-llm-20260416_105737,glm-5.1,helpfulness,1
question_46,benchmarking-gemma4-off-multi-20260416_101751,glm-5.1,relevance,5
question_46,benchmarking-gemma4-off-multi-20260416_101751,glm-5.1,completeness,3
question_46,benchmarking-gemma4-off-multi-20260416_101751,glm-5.1,specificity,3
question_46,benchmarking-gemma4-off-multi-20260416_101751,glm-5.1,helpfulness,4
question_46,benchmarking-gemma4-off-multi-20260416_101751,glm-5.1,source_faithfulness,3
question_1,benchmarking-gemma4-off-multi-20260416_101751,glm-5.1,relevance,5
question_1,benchmarking-gemma4-off-multi-20260416_101751,glm-5.1,completeness,5
question_1,benchmarking-gemma4-off-multi-20260416_101751,glm-5.1,specificity,4
question_1,benchmarking-gemma4-off-multi-20260416_101751,glm-5.1,helpfulness,4
question_23,benchmarking-gemma4-off-multi-20260416_101751,glm-5.1,relevance,5
question_23,benchmarking-gemma4-off-multi-20260416_101751,glm-5.1,completeness,3
question_23,benchmarking-gemma4-off-multi-20260416_101751,glm-5.1,specificity,3
question_23,benchmarking-gemma4-off-multi-20260416_101751,glm-5.1,helpfulness,3
question_23,benchmarking-gemma4-off-multi-20260416_101751,glm-5.1,source_faithfulness,2
question_39,benchmarking-gemma4-off-multi-20260416_101751,glm-5.1,relevance,5
question_39,benchmarking-gemma4-off-multi-20260416_101751,glm-5.1,completeness,4
question_39,benchmarking-gemma4-off-multi-20260416_101751,glm-5.1,specificity,4
question_39,benchmarking-gemma4-off-multi-20260416_101751,glm-5.1,helpfulness,4
question_39,benchmarking-gemma4-off-multi-20260416_101751,glm-5.1,source_faithfulness,3
question_24,benchmarking-gemma4-off-multi-20260416_101751,glm-5.1,relevance,5
question_24,benchmarking-gemma4-off-multi-20260416_101751,glm-5.1,completeness,3
question_24,benchmarking-gemma4-off-multi-20260416_101751,glm-5.1,specificity,3
question_24,benchmarking-gemma4-off-multi-20260416_101751,glm-5.1,helpfulness,3
question_24,benchmarking-gemma4-off-multi-20260416_101751,glm-5.1,source_faithfulness,5
question_25,benchmarking-gemma4-off-multi-20260416_101751,glm-5.1,relevance,5
question_25,benchmarking-gemma4-off-multi-20260416_101751,glm-5.1,completeness,4
question_25,benchmarking-gemma4-off-multi-20260416_101751,glm-5.1,specificity,5
question_25,benchmarking-gemma4-off-multi-20260416_101751,glm-5.1,helpfulness,5
question_25,benchmarking-gemma4-off-multi-20260416_101751,glm-5.1,source_faithfulness,4
question_26,benchmarking-gemma4-off-multi-20260416_101751,glm-5.1,relevance,4
question_26,benchmarking-gemma4-off-multi-20260416_101751,glm-5.1,completeness,4
question_26,benchmarking-gemma4-off-multi-20260416_101751,glm-5.1,specificity,2
question_26,benchmarking-gemma4-off-multi-20260416_101751,glm-5.1,helpfulness,3
question_26,benchmarking-gemma4-off-multi-20260416_101751,glm-5.1,source_faithfulness,3
question_47,benchmarking-gemma4-off-multi-20260416_101751,glm-5.1,relevance,5
question_47,benchmarking-gemma4-off-multi-20260416_101751,glm-5.1,completeness,5
question_47,benchmarking-gemma4-off-multi-20260416_101751,glm-5.1,specificity,5
question_47,benchmarking-gemma4-off-multi-20260416_101751,glm-5.1,helpfulness,5
question_47,benchmarking-gemma4-off-multi-20260416_101751,glm-5.1,source_faithfulness,5
question_40,benchmarking-gemma4-off-multi-20260416_101751,glm-5.1,relevance,5
question_40,benchmarking-gemma4-off-multi-20260416_101751,glm-5.1,completeness,5
question_40,benchmarking-gemma4-off-multi-20260416_101751,glm-5.1,specificity,5
question_40,benchmarking-gemma4-off-multi-20260416_101751,glm-5.1,helpfulness,5
question_40,benchmarking-gemma4-off-multi-20260416_101751,glm-5.1,source_faithfulness,4
question_27,benchmarking-gemma4-off-multi-20260416_101751,glm-5.1,relevance,5
question_27,benchmarking-gemma4-off-multi-20260416_101751,glm-5.1,completeness,5
question_27,benchmarking-gemma4-off-multi-20260416_101751,glm-5.1,specificity,4
question_27,benchmarking-gemma4-off-multi-20260416_101751,glm-5.1,helpfulness,4
question_27,benchmarking-gemma4-off-multi-20260416_101751,glm-5.1,source_faithfulness,4
question_48,benchmarking-gemma4-off-multi-20260416_101751,glm-5.1,relevance,4
question_48,benchmarking-gemma4-off-multi-20260416_101751,glm-5.1,completeness,3
question_48,benchmarking-gemma4-off-multi-20260416_101751,glm-5.1,specificity,3
question_48,benchmarking-gemma4-off-multi-20260416_101751,glm-5.1,helpfulness,3
question_48,benchmarking-gemma4-off-multi-20260416_101751,glm-5.1,source_faithfulness,4
question_41,benchmarking-gemma4-off-multi-20260416_101751,glm-5.1,relevance,5
question_41,benchmarking-gemma4-off-multi-20260416_101751,glm-5.1,completeness,3
question_41,benchmarking-gemma4-off-multi-20260416_101751,glm-5.1,specificity,3
question_41,benchmarking-gemma4-off-multi-20260416_101751,glm-5.1,helpfulness,3
question_41,benchmarking-gemma4-off-multi-20260416_101751,glm-5.1,source_faithfulness,3
question_42,benchmarking-gemma4-off-multi-20260416_101751,glm-5.1,relevance,5
question_42,benchmarking-gemma4-off-multi-20260416_101751,glm-5.1,completeness,4
question_42,benchmarking-gemma4-off-multi-20260416_101751,glm-5.1,specificity,5
question_42,benchmarking-gemma4-off-multi-20260416_101751,glm-5.1,helpfulness,4
question_42,benchmarking-gemma4-off-multi-20260416_101751,glm-5.1,source_faithfulness,4
question_4,benchmarking-gemma4-off-multi-20260416_101751,glm-5.1,relevance,5
question_4,benchmarking-gemma4-off-multi-20260416_101751,glm-5.1,completeness,5
question_4,benchmarking-gemma4-off-multi-20260416_101751,glm-5.1,specificity,5
question_4,benchmarking-gemma4-off-multi-20260416_101751,glm-5.1,helpfulness,5
question_4,benchmarking-gemma4-off-multi-20260416_101751,glm-5.1,source_faithfulness,4
question_6,benchmarking-gemma4-off-multi-20260416_101751,glm-5.1,relevance,5
question_6,benchmarking-gemma4-off-multi-20260416_101751,glm-5.1,completeness,4
question_6,benchmarking-gemma4-off-multi-20260416_101751,glm-5.1,specificity,2
question_6,benchmarking-gemma4-off-multi-20260416_101751,glm-5.1,helpfulness,3
question_6,benchmarking-gemma4-off-multi-20260416_101751,glm-5.1,source_faithfulness,3
question_7,benchmarking-gemma4-off-multi-20260416_101751,glm-5.1,relevance,4
question_7,benchmarking-gemma4-off-multi-20260416_101751,glm-5.1,completeness,3
question_7,benchmarking-gemma4-off-multi-20260416_101751,glm-5.1,specificity,2
question_7,benchmarking-gemma4-off-multi-20260416_101751,glm-5.1,helpfulness,2
question_7,benchmarking-gemma4-off-multi-20260416_101751,glm-5.1,source_faithfulness,2
question_5,benchmarking-gemma4-off-multi-20260416_101751,glm-5.1,relevance,3
question_5,benchmarking-gemma4-off-multi-20260416_101751,glm-5.1,completeness,2
question_5,benchmarking-gemma4-off-multi-20260416_101751,glm-5.1,specificity,2
question_5,benchmarking-gemma4-off-multi-20260416_101751,glm-5.1,helpfulness,2
question_5,benchmarking-gemma4-off-multi-20260416_101751,glm-5.1,source_faithfulness,1
question_8,benchmarking-gemma4-off-multi-20260416_101751,glm-5.1,relevance,5
question_8,benchmarking-gemma4-off-multi-20260416_101751,glm-5.1,completeness,5
question_8,benchmarking-gemma4-off-multi-20260416_101751,glm-5.1,specificity,5
question_8,benchmarking-gemma4-off-multi-20260416_101751,glm-5.1,helpfulness,5
question_8,benchmarking-gemma4-off-multi-20260416_101751,glm-5.1,source_faithfulness,5
question_9,benchmarking-gemma4-off-multi-20260416_101751,glm-5.1,relevance,1
question_9,benchmarking-gemma4-off-multi-20260416_101751,glm-5.1,completeness,1
question_9,benchmarking-gemma4-off-multi-20260416_101751,glm-5.1,specificity,1
question_9,benchmarking-gemma4-off-multi-20260416_101751,glm-5.1,helpfulness,1
question_9,benchmarking-gemma4-off-multi-20260416_101751,glm-5.1,source_faithfulness,2
question_28,benchmarking-gemma4-off-multi-20260416_101751,glm-5.1,relevance,5
question_28,benchmarking-gemma4-off-multi-20260416_101751,glm-5.1,completeness,4
question_28,benchmarking-gemma4-off-multi-20260416_101751,glm-5.1,specificity,4
question_28,benchmarking-gemma4-off-multi-20260416_101751,glm-5.1,helpfulness,4
question_28,benchmarking-gemma4-off-multi-20260416_101751,glm-5.1,source_faithfulness,3
question_10,benchmarking-gemma4-off-multi-20260416_101751,glm-5.1,relevance,5
question_10,benchmarking-gemma4-off-multi-20260416_101751,glm-5.1,completeness,4
question_10,benchmarking-gemma4-off-multi-20260416_101751,glm-5.1,specificity,5
question_10,benchmarking-gemma4-off-multi-20260416_101751,glm-5.1,helpfulness,5
question_10,benchmarking-gemma4-off-multi-20260416_101751,glm-5.1,source_faithfulness,4
question_49,benchmarking-gemma4-off-multi-20260416_101751,glm-5.1,relevance,2
question_49,benchmarking-gemma4-off-multi-20260416_101751,glm-5.1,completeness,2
question_49,benchmarking-gemma4-off-multi-20260416_101751,glm-5.1,specificity,2
question_49,benchmarking-gemma4-off-multi-20260416_101751,glm-5.1,helpfulness,2
question_49,benchmarking-gemma4-off-multi-20260416_101751,glm-5.1,source_faithfulness,4
question_50,benchmarking-gemma4-off-multi-20260416_101751,glm-5.1,relevance,5
question_50,benchmarking-gemma4-off-multi-20260416_101751,glm-5.1,completeness,4
question_50,benchmarking-gemma4-off-multi-20260416_101751,glm-5.1,specificity,4
question_50,benchmarking-gemma4-off-multi-20260416_101751,glm-5.1,helpfulness,4
question_50,benchmarking-gemma4-off-multi-20260416_101751,glm-5.1,source_faithfulness,4
question_11,benchmarking-gemma4-off-multi-20260416_101751,glm-5.1,relevance,5
question_11,benchmarking-gemma4-off-multi-20260416_101751,glm-5.1,completeness,5
question_11,benchmarking-gemma4-off-multi-20260416_101751,glm-5.1,specificity,5
question_11,benchmarking-gemma4-off-multi-20260416_101751,glm-5.1,helpfulness,5
question_11,benchmarking-gemma4-off-multi-20260416_101751,glm-5.1,source_faithfulness,5
question_29,benchmarking-gemma4-off-multi-20260416_101751,glm-5.1,relevance,4
question_29,benchmarking-gemma4-off-multi-20260416_101751,glm-5.1,completeness,4
question_29,benchmarking-gemma4-off-multi-20260416_101751,glm-5.1,specificity,4
question_29,benchmarking-gemma4-off-multi-20260416_101751,glm-5.1,helpfulness,4
question_29,benchmarking-gemma4-off-multi-20260416_101751,glm-5.1,source_faithfulness,4
question_30,benchmarking-gemma4-off-multi-20260416_101751,glm-5.1,relevance,5
question_30,benchmarking-gemma4-off-multi-20260416_101751,glm-5.1,completeness,4
question_30,benchmarking-gemma4-off-multi-20260416_101751,glm-5.1,specificity,4
question_30,benchmarking-gemma4-off-multi-20260416_101751,glm-5.1,helpfulness,4
question_30,benchmarking-gemma4-off-multi-20260416_101751,glm-5.1,source_faithfulness,3
question_31,benchmarking-gemma4-off-multi-20260416_101751,glm-5.1,relevance,5
question_31,benchmarking-gemma4-off-multi-20260416_101751,glm-5.1,completeness,4
question_31,benchmarking-gemma4-off-multi-20260416_101751,glm-5.1,specificity,3
question_31,benchmarking-gemma4-off-multi-20260416_101751,glm-5.1,helpfulness,4
question_31,benchmarking-gemma4-off-multi-20260416_101751,glm-5.1,source_faithfulness,3
question_12,benchmarking-gemma4-off-multi-20260416_101751,glm-5.1,relevance,5
question_12,benchmarking-gemma4-off-multi-20260416_101751,glm-5.1,completeness,3
question_12,benchmarking-gemma4-off-multi-20260416_101751,glm-5.1,specificity,3
question_12,benchmarking-gemma4-off-multi-20260416_101751,glm-5.1,helpfulness,3
question_12,benchmarking-gemma4-off-multi-20260416_101751,glm-5.1,source_faithfulness,3
question_32,benchmarking-gemma4-off-multi-20260416_101751,glm-5.1,relevance,5
question_32,benchmarking-gemma4-off-multi-20260416_101751,glm-5.1,completeness,4
question_32,benchmarking-gemma4-off-multi-20260416_101751,glm-5.1,specificity,3
question_32,benchmarking-gemma4-off-multi-20260416_101751,glm-5.1,helpfulness,4
question_32,benchmarking-gemma4-off-multi-20260416_101751,glm-5.1,source_faithfulness,3
question_13,benchmarking-gemma4-off-multi-20260416_101751,glm-5.1,relevance,4
question_13,benchmarking-gemma4-off-multi-20260416_101751,glm-5.1,completeness,3
question_13,benchmarking-gemma4-off-multi-20260416_101751,glm-5.1,specificity,3
question_13,benchmarking-gemma4-off-multi-20260416_101751,glm-5.1,helpfulness,3
question_43,benchmarking-gemma4-off-multi-20260416_101751,glm-5.1,relevance,5
question_43,benchmarking-gemma4-off-multi-20260416_101751,glm-5.1,completeness,5
question_43,benchmarking-gemma4-off-multi-20260416_101751,glm-5.1,specificity,5
question_43,benchmarking-gemma4-off-multi-20260416_101751,glm-5.1,helpfulness,4
question_43,benchmarking-gemma4-off-multi-20260416_101751,glm-5.1,source_faithfulness,4
question_33,benchmarking-gemma4-off-multi-20260416_101751,glm-5.1,relevance,5
question_33,benchmarking-gemma4-off-multi-20260416_101751,glm-5.1,completeness,4
question_33,benchmarking-gemma4-off-multi-20260416_101751,glm-5.1,specificity,4
question_33,benchmarking-gemma4-off-multi-20260416_101751,glm-5.1,helpfulness,4
question_33,benchmarking-gemma4-off-multi-20260416_101751,glm-5.1,source_faithfulness,4
question_2,benchmarking-gemma4-off-multi-20260416_101751,glm-5.1,relevance,5
question_2,benchmarking-gemma4-off-multi-20260416_101751,glm-5.1,completeness,3
question_2,benchmarking-gemma4-off-multi-20260416_101751,glm-5.1,specificity,3
question_2,benchmarking-gemma4-off-multi-20260416_101751,glm-5.1,helpfulness,3
question_2,benchmarking-gemma4-off-multi-20260416_101751,glm-5.1,source_faithfulness,4
question_34,benchmarking-gemma4-off-multi-20260416_101751,glm-5.1,relevance,5
question_34,benchmarking-gemma4-off-multi-20260416_101751,glm-5.1,completeness,5
question_34,benchmarking-gemma4-off-multi-20260416_101751,glm-5.1,specificity,4
question_34,benchmarking-gemma4-off-multi-20260416_101751,glm-5.1,helpfulness,5
question_34,benchmarking-gemma4-off-multi-20260416_101751,glm-5.1,source_faithfulness,4
question_15,benchmarking-gemma4-off-multi-20260416_101751,glm-5.1,relevance,5
question_15,benchmarking-gemma4-off-multi-20260416_101751,glm-5.1,completeness,5
question_15,benchmarking-gemma4-off-multi-20260416_101751,glm-5.1,specificity,5
question_15,benchmarking-gemma4-off-multi-20260416_101751,glm-5.1,helpfulness,5
question_15,benchmarking-gemma4-off-multi-20260416_101751,glm-5.1,source_faithfulness,5
question_44,benchmarking-gemma4-off-multi-20260416_101751,glm-5.1,relevance,5
question_44,benchmarking-gemma4-off-multi-20260416_101751,glm-5.1,completeness,3
question_44,benchmarking-gemma4-off-multi-20260416_101751,glm-5.1,specificity,2
question_44,benchmarking-gemma4-off-multi-20260416_101751,glm-5.1,helpfulness,3
question_44,benchmarking-gemma4-off-multi-20260416_101751,glm-5.1,source_faithfulness,2
question_51,benchmarking-gemma4-off-multi-20260416_101751,glm-5.1,relevance,3
question_51,benchmarking-gemma4-off-multi-20260416_101751,glm-5.1,completeness,2
question_51,benchmarking-gemma4-off-multi-20260416_101751,glm-5.1,specificity,3
question_51,benchmarking-gemma4-off-multi-20260416_101751,glm-5.1,helpfulness,2
question_51,benchmarking-gemma4-off-multi-20260416_101751,glm-5.1,source_faithfulness,4
question_16,benchmarking-gemma4-off-multi-20260416_101751,glm-5.1,relevance,5
question_16,benchmarking-gemma4-off-multi-20260416_101751,glm-5.1,completeness,5
question_16,benchmarking-gemma4-off-multi-20260416_101751,glm-5.1,specificity,4
question_16,benchmarking-gemma4-off-multi-20260416_101751,glm-5.1,helpfulness,5
question_16,benchmarking-gemma4-off-multi-20260416_101751,glm-5.1,source_faithfulness,3
question_17,benchmarking-gemma4-off-multi-20260416_101751,glm-5.1,relevance,4
question_17,benchmarking-gemma4-off-multi-20260416_101751,glm-5.1,completeness,3
question_17,benchmarking-gemma4-off-multi-20260416_101751,glm-5.1,specificity,4
question_17,benchmarking-gemma4-off-multi-20260416_101751,glm-5.1,helpfulness,3
question_17,benchmarking-gemma4-off-multi-20260416_101751,glm-5.1,source_faithfulness,3
question_52,benchmarking-gemma4-off-multi-20260416_101751,glm-5.1,relevance,5
question_52,benchmarking-gemma4-off-multi-20260416_101751,glm-5.1,completeness,5
question_52,benchmarking-gemma4-off-multi-20260416_101751,glm-5.1,specificity,5
question_52,benchmarking-gemma4-off-multi-20260416_101751,glm-5.1,helpfulness,5
question_52,benchmarking-gemma4-off-multi-20260416_101751,glm-5.1,source_faithfulness,4
question_35,benchmarking-gemma4-off-multi-20260416_101751,glm-5.1,relevance,5
question_35,benchmarking-gemma4-off-multi-20260416_101751,glm-5.1,completeness,5
question_35,benchmarking-gemma4-off-multi-20260416_101751,glm-5.1,specificity,5
question_35,benchmarking-gemma4-off-multi-20260416_101751,glm-5.1,helpfulness,5
question_35,benchmarking-gemma4-off-multi-20260416_101751,glm-5.1,source_faithfulness,4
question_36,benchmarking-gemma4-off-multi-20260416_101751,glm-5.1,relevance,5
question_36,benchmarking-gemma4-off-multi-20260416_101751,glm-5.1,completeness,5
question_36,benchmarking-gemma4-off-multi-20260416_101751,glm-5.1,specificity,4
question_36,benchmarking-gemma4-off-multi-20260416_101751,glm-5.1,helpfulness,4
question_36,benchmarking-gemma4-off-multi-20260416_101751,glm-5.1,source_faithfulness,4
question_3,benchmarking-gemma4-off-multi-20260416_101751,glm-5.1,relevance,5
question_3,benchmarking-gemma4-off-multi-20260416_101751,glm-5.1,completeness,4
question_3,benchmarking-gemma4-off-multi-20260416_101751,glm-5.1,specificity,4
question_3,benchmarking-gemma4-off-multi-20260416_101751,glm-5.1,helpfulness,4
question_3,benchmarking-gemma4-off-multi-20260416_101751,glm-5.1,source_faithfulness,3
question_45,benchmarking-gemma4-off-multi-20260416_101751,glm-5.1,relevance,5
question_45,benchmarking-gemma4-off-multi-20260416_101751,glm-5.1,completeness,4
question_45,benchmarking-gemma4-off-multi-20260416_101751,glm-5.1,specificity,3
question_45,benchmarking-gemma4-off-multi-20260416_101751,glm-5.1,helpfulness,3
question_45,benchmarking-gemma4-off-multi-20260416_101751,glm-5.1,source_faithfulness,3
question_37,benchmarking-gemma4-off-multi-20260416_101751,glm-5.1,completeness,4
question_37,benchmarking-gemma4-off-multi-20260416_101751,glm-5.1,specificity,4
question_37,benchmarking-gemma4-off-multi-20260416_101751,glm-5.1,helpfulness,4
question_37,benchmarking-gemma4-off-multi-20260416_101751,glm-5.1,source_faithfulness,4
question_18,benchmarking-gemma4-off-multi-20260416_101751,glm-5.1,relevance,2
question_18,benchmarking-gemma4-off-multi-20260416_101751,glm-5.1,completeness,1
question_18,benchmarking-gemma4-off-multi-20260416_101751,glm-5.1,specificity,2
question_18,benchmarking-gemma4-off-multi-20260416_101751,glm-5.1,helpfulness,1
question_18,benchmarking-gemma4-off-multi-20260416_101751,glm-5.1,source_faithfulness,3
question_19,benchmarking-gemma4-off-multi-20260416_101751,glm-5.1,relevance,5
question_19,benchmarking-gemma4-off-multi-20260416_101751,glm-5.1,completeness,5
question_19,benchmarking-gemma4-off-multi-20260416_101751,glm-5.1,specificity,5
question_19,benchmarking-gemma4-off-multi-20260416_101751,glm-5.1,helpfulness,5
question_19,benchmarking-gemma4-off-multi-20260416_101751,glm-5.1,source_faithfulness,4
question_20,benchmarking-gemma4-off-multi-20260416_101751,glm-5.1,relevance,3
question_20,benchmarking-gemma4-off-multi-20260416_101751,glm-5.1,completeness,2
question_20,benchmarking-gemma4-off-multi-20260416_101751,glm-5.1,specificity,2
question_20,benchmarking-gemma4-off-multi-20260416_101751,glm-5.1,helpfulness,2
question_20,benchmarking-gemma4-off-multi-20260416_101751,glm-5.1,source_faithfulness,2
question_38,benchmarking-gemma4-off-multi-20260416_101751,glm-5.1,relevance,5
question_38,benchmarking-gemma4-off-multi-20260416_101751,glm-5.1,completeness,5
question_38,benchmarking-gemma4-off-multi-20260416_101751,glm-5.1,specificity,4
question_38,benchmarking-gemma4-off-multi-20260416_101751,glm-5.1,helpfulness,4
question_38,benchmarking-gemma4-off-multi-20260416_101751,glm-5.1,source_faithfulness,3
question_21,benchmarking-gemma4-off-multi-20260416_101751,glm-5.1,relevance,5
question_21,benchmarking-gemma4-off-multi-20260416_101751,glm-5.1,completeness,4
question_21,benchmarking-gemma4-off-multi-20260416_101751,glm-5.1,specificity,4
question_21,benchmarking-gemma4-off-multi-20260416_101751,glm-5.1,helpfulness,4
question_21,benchmarking-gemma4-off-multi-20260416_101751,glm-5.1,source_faithfulness,4
question_22,benchmarking-gemma4-off-multi-20260416_101751,glm-5.1,relevance,5
question_22,benchmarking-gemma4-off-multi-20260416_101751,glm-5.1,completeness,4
question_22,benchmarking-gemma4-off-multi-20260416_101751,glm-5.1,specificity,3
question_22,benchmarking-gemma4-off-multi-20260416_101751,glm-5.1,helpfulness,4
question_22,benchmarking-gemma4-off-multi-20260416_101751,glm-5.1,source_faithfulness,3
question_46,benchmarking-gemma4-on-opt-rerun-20260416_053838,glm-5.1,relevance,5
question_46,benchmarking-gemma4-on-opt-rerun-20260416_053838,glm-5.1,completeness,5
question_46,benchmarking-gemma4-on-opt-rerun-20260416_053838,glm-5.1,specificity,4
question_46,benchmarking-gemma4-on-opt-rerun-20260416_053838,glm-5.1,helpfulness,4
question_46,benchmarking-gemma4-on-opt-rerun-20260416_053838,glm-5.1,source_faithfulness,4
question_1,benchmarking-gemma4-on-opt-rerun-20260416_053838,glm-5.1,relevance,5
question_1,benchmarking-gemma4-on-opt-rerun-20260416_053838,glm-5.1,completeness,4
question_1,benchmarking-gemma4-on-opt-rerun-20260416_053838,glm-5.1,specificity,3
question_1,benchmarking-gemma4-on-opt-rerun-20260416_053838,glm-5.1,helpfulness,3
question_1,benchmarking-gemma4-on-opt-rerun-20260416_053838,glm-5.1,source_faithfulness,2
question_23,benchmarking-gemma4-on-opt-rerun-20260416_053838,glm-5.1,relevance,3
question_23,benchmarking-gemma4-on-opt-rerun-20260416_053838,glm-5.1,completeness,3
question_23,benchmarking-gemma4-on-opt-rerun-20260416_053838,glm-5.1,specificity,2
question_23,benchmarking-gemma4-on-opt-rerun-20260416_053838,glm-5.1,helpfulness,2
question_23,benchmarking-gemma4-on-opt-rerun-20260416_053838,glm-5.1,source_faithfulness,1
question_39,benchmarking-gemma4-on-opt-rerun-20260416_053838,glm-5.1,relevance,5
question_39,benchmarking-gemma4-on-opt-rerun-20260416_053838,glm-5.1,completeness,4
question_39,benchmarking-gemma4-on-opt-rerun-20260416_053838,glm-5.1,specificity,4
question_39,benchmarking-gemma4-on-opt-rerun-20260416_053838,glm-5.1,helpfulness,4
question_39,benchmarking-gemma4-on-opt-rerun-20260416_053838,glm-5.1,source_faithfulness,4
question_24,benchmarking-gemma4-on-opt-rerun-20260416_053838,glm-5.1,relevance,5
question_24,benchmarking-gemma4-on-opt-rerun-20260416_053838,glm-5.1,completeness,5
question_24,benchmarking-gemma4-on-opt-rerun-20260416_053838,glm-5.1,specificity,2
question_24,benchmarking-gemma4-on-opt-rerun-20260416_053838,glm-5.1,helpfulness,3
question_25,benchmarking-gemma4-on-opt-rerun-20260416_053838,glm-5.1,relevance,5
question_25,benchmarking-gemma4-on-opt-rerun-20260416_053838,glm-5.1,completeness,4
question_25,benchmarking-gemma4-on-opt-rerun-20260416_053838,glm-5.1,specificity,4
question_25,benchmarking-gemma4-on-opt-rerun-20260416_053838,glm-5.1,helpfulness,4
question_25,benchmarking-gemma4-on-opt-rerun-20260416_053838,glm-5.1,source_faithfulness,3
question_26,benchmarking-gemma4-on-opt-rerun-20260416_053838,glm-5.1,relevance,5
question_26,benchmarking-gemma4-on-opt-rerun-20260416_053838,glm-5.1,completeness,5
question_26,benchmarking-gemma4-on-opt-rerun-20260416_053838,glm-5.1,specificity,4
question_26,benchmarking-gemma4-on-opt-rerun-20260416_053838,glm-5.1,helpfulness,5
question_26,benchmarking-gemma4-on-opt-rerun-20260416_053838,glm-5.1,source_faithfulness,4
question_47,benchmarking-gemma4-on-opt-rerun-20260416_053838,glm-5.1,relevance,2
question_47,benchmarking-gemma4-on-opt-rerun-20260416_053838,glm-5.1,completeness,1
question_47,benchmarking-gemma4-on-opt-rerun-20260416_053838,glm-5.1,specificity,1
question_47,benchmarking-gemma4-on-opt-rerun-20260416_053838,glm-5.1,helpfulness,1
question_47,benchmarking-gemma4-on-opt-rerun-20260416_053838,glm-5.1,source_faithfulness,3
question_40,benchmarking-gemma4-on-opt-rerun-20260416_053838,glm-5.1,relevance,5
question_40,benchmarking-gemma4-on-opt-rerun-20260416_053838,glm-5.1,completeness,5
question_40,benchmarking-gemma4-on-opt-rerun-20260416_053838,glm-5.1,specificity,4
question_40,benchmarking-gemma4-on-opt-rerun-20260416_053838,glm-5.1,helpfulness,4
question_40,benchmarking-gemma4-on-opt-rerun-20260416_053838,glm-5.1,source_faithfulness,4
question_27,benchmarking-gemma4-on-opt-rerun-20260416_053838,glm-5.1,relevance,5
question_27,benchmarking-gemma4-on-opt-rerun-20260416_053838,glm-5.1,completeness,4
question_27,benchmarking-gemma4-on-opt-rerun-20260416_053838,glm-5.1,specificity,4
question_27,benchmarking-gemma4-on-opt-rerun-20260416_053838,glm-5.1,helpfulness,4
question_27,benchmarking-gemma4-on-opt-rerun-20260416_053838,glm-5.1,source_faithfulness,4
question_48,benchmarking-gemma4-on-opt-rerun-20260416_053838,glm-5.1,relevance,4
question_48,benchmarking-gemma4-on-opt-rerun-20260416_053838,glm-5.1,completeness,3
question_48,benchmarking-gemma4-on-opt-rerun-20260416_053838,glm-5.1,specificity,3
question_48,benchmarking-gemma4-on-opt-rerun-20260416_053838,glm-5.1,helpfulness,3
question_48,benchmarking-gemma4-on-opt-rerun-20260416_053838,glm-5.1,source_faithfulness,4
question_41,benchmarking-gemma4-on-opt-rerun-20260416_053838,glm-5.1,relevance,5
question_41,benchmarking-gemma4-on-opt-rerun-20260416_053838,glm-5.1,completeness,4
question_41,benchmarking-gemma4-on-opt-rerun-20260416_053838,glm-5.1,specificity,3
question_41,benchmarking-gemma4-on-opt-rerun-20260416_053838,glm-5.1,helpfulness,4
question_41,benchmarking-gemma4-on-opt-rerun-20260416_053838,glm-5.1,source_faithfulness,3
question_42,benchmarking-gemma4-on-opt-rerun-20260416_053838,glm-5.1,relevance,4
question_42,benchmarking-gemma4-on-opt-rerun-20260416_053838,glm-5.1,completeness,2
question_42,benchmarking-gemma4-on-opt-rerun-20260416_053838,glm-5.1,specificity,2
question_42,benchmarking-gemma4-on-opt-rerun-20260416_053838,glm-5.1,helpfulness,2
question_42,benchmarking-gemma4-on-opt-rerun-20260416_053838,glm-5.1,source_faithfulness,4
question_4,benchmarking-gemma4-on-opt-rerun-20260416_053838,glm-5.1,relevance,5
question_4,benchmarking-gemma4-on-opt-rerun-20260416_053838,glm-5.1,completeness,5
question_4,benchmarking-gemma4-on-opt-rerun-20260416_053838,glm-5.1,specificity,4
question_4,benchmarking-gemma4-on-opt-rerun-20260416_053838,glm-5.1,helpfulness,5
question_4,benchmarking-gemma4-on-opt-rerun-20260416_053838,glm-5.1,source_faithfulness,4
question_6,benchmarking-gemma4-on-opt-rerun-20260416_053838,glm-5.1,relevance,5
question_6,benchmarking-gemma4-on-opt-rerun-20260416_053838,glm-5.1,completeness,5
question_6,benchmarking-gemma4-on-opt-rerun-20260416_053838,glm-5.1,specificity,2
question_6,benchmarking-gemma4-on-opt-rerun-20260416_053838,glm-5.1,helpfulness,3
question_7,benchmarking-gemma4-on-opt-rerun-20260416_053838,glm-5.1,relevance,4
question_7,benchmarking-gemma4-on-opt-rerun-20260416_053838,glm-5.1,completeness,4
question_7,benchmarking-gemma4-on-opt-rerun-20260416_053838,glm-5.1,specificity,2
question_7,benchmarking-gemma4-on-opt-rerun-20260416_053838,glm-5.1,helpfulness,2
question_7,benchmarking-gemma4-on-opt-rerun-20260416_053838,glm-5.1,source_faithfulness,2
question_5,benchmarking-gemma4-on-opt-rerun-20260416_053838,glm-5.1,relevance,5
question_5,benchmarking-gemma4-on-opt-rerun-20260416_053838,glm-5.1,completeness,5
question_5,benchmarking-gemma4-on-opt-rerun-20260416_053838,glm-5.1,specificity,5
question_5,benchmarking-gemma4-on-opt-rerun-20260416_053838,glm-5.1,helpfulness,5
question_5,benchmarking-gemma4-on-opt-rerun-20260416_053838,glm-5.1,source_faithfulness,4
question_8,benchmarking-gemma4-on-opt-rerun-20260416_053838,glm-5.1,relevance,5
question_8,benchmarking-gemma4-on-opt-rerun-20260416_053838,glm-5.1,completeness,5
question_8,benchmarking-gemma4-on-opt-rerun-20260416_053838,glm-5.1,specificity,5
question_8,benchmarking-gemma4-on-opt-rerun-20260416_053838,glm-5.1,helpfulness,5
question_8,benchmarking-gemma4-on-opt-rerun-20260416_053838,glm-5.1,source_faithfulness,3
question_9,benchmarking-gemma4-on-opt-rerun-20260416_053838,glm-5.1,relevance,4
question_9,benchmarking-gemma4-on-opt-rerun-20260416_053838,glm-5.1,completeness,2
question_9,benchmarking-gemma4-on-opt-rerun-20260416_053838,glm-5.1,specificity,2
question_9,benchmarking-gemma4-on-opt-rerun-20260416_053838,glm-5.1,helpfulness,2
question_9,benchmarking-gemma4-on-opt-rerun-20260416_053838,glm-5.1,source_faithfulness,4
question_28,benchmarking-gemma4-on-opt-rerun-20260416_053838,glm-5.1,relevance,5
question_28,benchmarking-gemma4-on-opt-rerun-20260416_053838,glm-5.1,completeness,4
question_28,benchmarking-gemma4-on-opt-rerun-20260416_053838,glm-5.1,specificity,4
question_28,benchmarking-gemma4-on-opt-rerun-20260416_053838,glm-5.1,helpfulness,4
question_28,benchmarking-gemma4-on-opt-rerun-20260416_053838,glm-5.1,source_faithfulness,4
question_10,benchmarking-gemma4-on-opt-rerun-20260416_053838,glm-5.1,relevance,5
question_10,benchmarking-gemma4-on-opt-rerun-20260416_053838,glm-5.1,completeness,4
question_10,benchmarking-gemma4-on-opt-rerun-20260416_053838,glm-5.1,specificity,4
question_10,benchmarking-gemma4-on-opt-rerun-20260416_053838,glm-5.1,helpfulness,4
question_10,benchmarking-gemma4-on-opt-rerun-20260416_053838,glm-5.1,source_faithfulness,4
question_49,benchmarking-gemma4-on-opt-rerun-20260416_053838,glm-5.1,relevance,5
question_49,benchmarking-gemma4-on-opt-rerun-20260416_053838,glm-5.1,completeness,4
question_49,benchmarking-gemma4-on-opt-rerun-20260416_053838,glm-5.1,specificity,5
question_49,benchmarking-gemma4-on-opt-rerun-20260416_053838,glm-5.1,helpfulness,4
question_49,benchmarking-gemma4-on-opt-rerun-20260416_053838,glm-5.1,source_faithfulness,5
question_50,benchmarking-gemma4-on-opt-rerun-20260416_053838,glm-5.1,relevance,2
question_50,benchmarking-gemma4-on-opt-rerun-20260416_053838,glm-5.1,completeness,2
question_50,benchmarking-gemma4-on-opt-rerun-20260416_053838,glm-5.1,specificity,2
question_50,benchmarking-gemma4-on-opt-rerun-20260416_053838,glm-5.1,helpfulness,2
question_50,benchmarking-gemma4-on-opt-rerun-20260416_053838,glm-5.1,source_faithfulness,3
question_11,benchmarking-gemma4-on-opt-rerun-20260416_053838,glm-5.1,relevance,5
question_11,benchmarking-gemma4-on-opt-rerun-20260416_053838,glm-5.1,completeness,5
question_11,benchmarking-gemma4-on-opt-rerun-20260416_053838,glm-5.1,specificity,5
question_11,benchmarking-gemma4-on-opt-rerun-20260416_053838,glm-5.1,helpfulness,5
question_11,benchmarking-gemma4-on-opt-rerun-20260416_053838,glm-5.1,source_faithfulness,4
question_29,benchmarking-gemma4-on-opt-rerun-20260416_053838,glm-5.1,relevance,5
question_29,benchmarking-gemma4-on-opt-rerun-20260416_053838,glm-5.1,completeness,5
question_29,benchmarking-gemma4-on-opt-rerun-20260416_053838,glm-5.1,specificity,5
question_29,benchmarking-gemma4-on-opt-rerun-20260416_053838,glm-5.1,helpfulness,5
question_29,benchmarking-gemma4-on-opt-rerun-20260416_053838,glm-5.1,source_faithfulness,5
question_30,benchmarking-gemma4-on-opt-rerun-20260416_053838,glm-5.1,relevance,5
question_30,benchmarking-gemma4-on-opt-rerun-20260416_053838,glm-5.1,completeness,5
question_30,benchmarking-gemma4-on-opt-rerun-20260416_053838,glm-5.1,specificity,5
question_30,benchmarking-gemma4-on-opt-rerun-20260416_053838,glm-5.1,helpfulness,5
question_30,benchmarking-gemma4-on-opt-rerun-20260416_053838,glm-5.1,source_faithfulness,5
question_31,benchmarking-gemma4-on-opt-rerun-20260416_053838,glm-5.1,relevance,5
question_31,benchmarking-gemma4-on-opt-rerun-20260416_053838,glm-5.1,completeness,5
question_31,benchmarking-gemma4-on-opt-rerun-20260416_053838,glm-5.1,specificity,4
question_31,benchmarking-gemma4-on-opt-rerun-20260416_053838,glm-5.1,helpfulness,5
question_31,benchmarking-gemma4-on-opt-rerun-20260416_053838,glm-5.1,source_faithfulness,4
question_12,benchmarking-gemma4-on-opt-rerun-20260416_053838,glm-5.1,relevance,5
question_12,benchmarking-gemma4-on-opt-rerun-20260416_053838,glm-5.1,completeness,3
question_12,benchmarking-gemma4-on-opt-rerun-20260416_053838,glm-5.1,specificity,3
question_12,benchmarking-gemma4-on-opt-rerun-20260416_053838,glm-5.1,helpfulness,3
question_12,benchmarking-gemma4-on-opt-rerun-20260416_053838,glm-5.1,source_faithfulness,4
question_32,benchmarking-gemma4-on-opt-rerun-20260416_053838,glm-5.1,relevance,5
question_32,benchmarking-gemma4-on-opt-rerun-20260416_053838,glm-5.1,completeness,4
question_32,benchmarking-gemma4-on-opt-rerun-20260416_053838,glm-5.1,specificity,4
question_32,benchmarking-gemma4-on-opt-rerun-20260416_053838,glm-5.1,helpfulness,4
question_32,benchmarking-gemma4-on-opt-rerun-20260416_053838,glm-5.1,source_faithfulness,3
question_13,benchmarking-gemma4-on-opt-rerun-20260416_053838,glm-5.1,relevance,5
question_13,benchmarking-gemma4-on-opt-rerun-20260416_053838,glm-5.1,completeness,3
question_13,benchmarking-gemma4-on-opt-rerun-20260416_053838,glm-5.1,specificity,3
question_13,benchmarking-gemma4-on-opt-rerun-20260416_053838,glm-5.1,helpfulness,3
question_43,benchmarking-gemma4-on-opt-rerun-20260416_053838,glm-5.1,relevance,5
question_43,benchmarking-gemma4-on-opt-rerun-20260416_053838,glm-5.1,completeness,5
question_43,benchmarking-gemma4-on-opt-rerun-20260416_053838,glm-5.1,specificity,5
question_43,benchmarking-gemma4-on-opt-rerun-20260416_053838,glm-5.1,helpfulness,4
question_43,benchmarking-gemma4-on-opt-rerun-20260416_053838,glm-5.1,source_faithfulness,4
question_14,benchmarking-gemma4-on-opt-rerun-20260416_053838,glm-5.1,relevance,5
question_14,benchmarking-gemma4-on-opt-rerun-20260416_053838,glm-5.1,completeness,3
question_14,benchmarking-gemma4-on-opt-rerun-20260416_053838,glm-5.1,specificity,2
question_14,benchmarking-gemma4-on-opt-rerun-20260416_053838,glm-5.1,helpfulness,2
question_33,benchmarking-gemma4-on-opt-rerun-20260416_053838,glm-5.1,relevance,5
question_33,benchmarking-gemma4-on-opt-rerun-20260416_053838,glm-5.1,completeness,4
question_33,benchmarking-gemma4-on-opt-rerun-20260416_053838,glm-5.1,specificity,3
question_33,benchmarking-gemma4-on-opt-rerun-20260416_053838,glm-5.1,helpfulness,3
question_33,benchmarking-gemma4-on-opt-rerun-20260416_053838,glm-5.1,source_faithfulness,3
question_2,benchmarking-gemma4-on-opt-rerun-20260416_053838,glm-5.1,relevance,5
question_2,benchmarking-gemma4-on-opt-rerun-20260416_053838,glm-5.1,completeness,3
question_2,benchmarking-gemma4-on-opt-rerun-20260416_053838,glm-5.1,specificity,3
question_2,benchmarking-gemma4-on-opt-rerun-20260416_053838,glm-5.1,helpfulness,3
question_2,benchmarking-gemma4-on-opt-rerun-20260416_053838,glm-5.1,source_faithfulness,3
question_34,benchmarking-gemma4-on-opt-rerun-20260416_053838,glm-5.1,relevance,5
question_34,benchmarking-gemma4-on-opt-rerun-20260416_053838,glm-5.1,completeness,5
question_34,benchmarking-gemma4-on-opt-rerun-20260416_053838,glm-5.1,specificity,3
question_34,benchmarking-gemma4-on-opt-rerun-20260416_053838,glm-5.1,helpfulness,4
question_34,benchmarking-gemma4-on-opt-rerun-20260416_053838,glm-5.1,source_faithfulness,3
question_15,benchmarking-gemma4-on-opt-rerun-20260416_053838,glm-5.1,relevance,5
question_15,benchmarking-gemma4-on-opt-rerun-20260416_053838,glm-5.1,completeness,5
question_15,benchmarking-gemma4-on-opt-rerun-20260416_053838,glm-5.1,specificity,5
question_15,benchmarking-gemma4-on-opt-rerun-20260416_053838,glm-5.1,helpfulness,5
question_15,benchmarking-gemma4-on-opt-rerun-20260416_053838,glm-5.1,source_faithfulness,5
question_44,benchmarking-gemma4-on-opt-rerun-20260416_053838,glm-5.1,relevance,5
question_44,benchmarking-gemma4-on-opt-rerun-20260416_053838,glm-5.1,completeness,4
question_44,benchmarking-gemma4-on-opt-rerun-20260416_053838,glm-5.1,specificity,4
question_44,benchmarking-gemma4-on-opt-rerun-20260416_053838,glm-5.1,helpfulness,4
question_44,benchmarking-gemma4-on-opt-rerun-20260416_053838,glm-5.1,source_faithfulness,4
question_51,benchmarking-gemma4-on-opt-rerun-20260416_053838,glm-5.1,relevance,3
question_51,benchmarking-gemma4-on-opt-rerun-20260416_053838,glm-5.1,completeness,3
question_51,benchmarking-gemma4-on-opt-rerun-20260416_053838,glm-5.1,specificity,5
question_51,benchmarking-gemma4-on-opt-rerun-20260416_053838,glm-5.1,helpfulness,2
question_51,benchmarking-gemma4-on-opt-rerun-20260416_053838,glm-5.1,source_faithfulness,3
question_16,benchmarking-gemma4-on-opt-rerun-20260416_053838,glm-5.1,relevance,3
question_16,benchmarking-gemma4-on-opt-rerun-20260416_053838,glm-5.1,completeness,2
question_16,benchmarking-gemma4-on-opt-rerun-20260416_053838,glm-5.1,specificity,2
question_16,benchmarking-gemma4-on-opt-rerun-20260416_053838,glm-5.1,helpfulness,2
question_16,benchmarking-gemma4-on-opt-rerun-20260416_053838,glm-5.1,source_faithfulness,2
question_17,benchmarking-gemma4-on-opt-rerun-20260416_053838,glm-5.1,relevance,4
question_17,benchmarking-gemma4-on-opt-rerun-20260416_053838,glm-5.1,completeness,3
question_17,benchmarking-gemma4-on-opt-rerun-20260416_053838,glm-5.1,specificity,2
question_17,benchmarking-gemma4-on-opt-rerun-20260416_053838,glm-5.1,helpfulness,2
question_17,benchmarking-gemma4-on-opt-rerun-20260416_053838,glm-5.1,source_faithfulness,3
question_52,benchmarking-gemma4-on-opt-rerun-20260416_053838,glm-5.1,relevance,5
question_52,benchmarking-gemma4-on-opt-rerun-20260416_053838,glm-5.1,completeness,5
question_52,benchmarking-gemma4-on-opt-rerun-20260416_053838,glm-5.1,specificity,5
question_52,benchmarking-gemma4-on-opt-rerun-20260416_053838,glm-5.1,helpfulness,5
question_52,benchmarking-gemma4-on-opt-rerun-20260416_053838,glm-5.1,source_faithfulness,5
question_53,benchmarking-gemma4-on-opt-rerun-20260416_053838,glm-5.1,relevance,5
question_53,benchmarking-gemma4-on-opt-rerun-20260416_053838,glm-5.1,completeness,5
question_53,benchmarking-gemma4-on-opt-rerun-20260416_053838,glm-5.1,specificity,5
question_53,benchmarking-gemma4-on-opt-rerun-20260416_053838,glm-5.1,helpfulness,5
question_53,benchmarking-gemma4-on-opt-rerun-20260416_053838,glm-5.1,source_faithfulness,5
question_35,benchmarking-gemma4-on-opt-rerun-20260416_053838,glm-5.1,relevance,5
question_35,benchmarking-gemma4-on-opt-rerun-20260416_053838,glm-5.1,completeness,5
question_35,benchmarking-gemma4-on-opt-rerun-20260416_053838,glm-5.1,specificity,5
question_35,benchmarking-gemma4-on-opt-rerun-20260416_053838,glm-5.1,helpfulness,5
question_35,benchmarking-gemma4-on-opt-rerun-20260416_053838,glm-5.1,source_faithfulness,5
question_36,benchmarking-gemma4-on-opt-rerun-20260416_053838,glm-5.1,relevance,5
question_36,benchmarking-gemma4-on-opt-rerun-20260416_053838,glm-5.1,completeness,4
question_36,benchmarking-gemma4-on-opt-rerun-20260416_053838,glm-5.1,specificity,5
question_36,benchmarking-gemma4-on-opt-rerun-20260416_053838,glm-5.1,helpfulness,4
question_36,benchmarking-gemma4-on-opt-rerun-20260416_053838,glm-5.1,source_faithfulness,4
question_3,benchmarking-gemma4-on-opt-rerun-20260416_053838,glm-5.1,relevance,4
question_3,benchmarking-gemma4-on-opt-rerun-20260416_053838,glm-5.1,completeness,4
question_3,benchmarking-gemma4-on-opt-rerun-20260416_053838,glm-5.1,specificity,5
question_3,benchmarking-gemma4-on-opt-rerun-20260416_053838,glm-5.1,helpfulness,4
question_3,benchmarking-gemma4-on-opt-rerun-20260416_053838,glm-5.1,source_faithfulness,5
question_45,benchmarking-gemma4-on-opt-rerun-20260416_053838,glm-5.1,relevance,5
question_45,benchmarking-gemma4-on-opt-rerun-20260416_053838,glm-5.1,completeness,5
question_45,benchmarking-gemma4-on-opt-rerun-20260416_053838,glm-5.1,specificity,5
question_45,benchmarking-gemma4-on-opt-rerun-20260416_053838,glm-5.1,helpfulness,5
question_45,benchmarking-gemma4-on-opt-rerun-20260416_053838,glm-5.1,source_faithfulness,5
question_37,benchmarking-gemma4-on-opt-rerun-20260416_053838,glm-5.1,relevance,5
question_37,benchmarking-gemma4-on-opt-rerun-20260416_053838,glm-5.1,completeness,5
question_37,benchmarking-gemma4-on-opt-rerun-20260416_053838,glm-5.1,specificity,3
question_37,benchmarking-gemma4-on-opt-rerun-20260416_053838,glm-5.1,helpfulness,4
question_37,benchmarking-gemma4-on-opt-rerun-20260416_053838,glm-5.1,source_faithfulness,3
question_18,benchmarking-gemma4-on-opt-rerun-20260416_053838,glm-5.1,relevance,2
question_18,benchmarking-gemma4-on-opt-rerun-20260416_053838,glm-5.1,completeness,1
question_18,benchmarking-gemma4-on-opt-rerun-20260416_053838,glm-5.1,specificity,2
question_18,benchmarking-gemma4-on-opt-rerun-20260416_053838,glm-5.1,helpfulness,1
question_18,benchmarking-gemma4-on-opt-rerun-20260416_053838,glm-5.1,source_faithfulness,4
question_19,benchmarking-gemma4-on-opt-rerun-20260416_053838,glm-5.1,relevance,5
question_19,benchmarking-gemma4-on-opt-rerun-20260416_053838,glm-5.1,completeness,3
question_19,benchmarking-gemma4-on-opt-rerun-20260416_053838,glm-5.1,specificity,2
question_19,benchmarking-gemma4-on-opt-rerun-20260416_053838,glm-5.1,helpfulness,3
question_19,benchmarking-gemma4-on-opt-rerun-20260416_053838,glm-5.1,source_faithfulness,2
question_20,benchmarking-gemma4-on-opt-rerun-20260416_053838,glm-5.1,relevance,4
question_20,benchmarking-gemma4-on-opt-rerun-20260416_053838,glm-5.1,completeness,3
question_20,benchmarking-gemma4-on-opt-rerun-20260416_053838,glm-5.1,specificity,3
question_20,benchmarking-gemma4-on-opt-rerun-20260416_053838,glm-5.1,helpfulness,3
question_20,benchmarking-gemma4-on-opt-rerun-20260416_053838,glm-5.1,source_faithfulness,3
question_38,benchmarking-gemma4-on-opt-rerun-20260416_053838,glm-5.1,relevance,5
question_38,benchmarking-gemma4-on-opt-rerun-20260416_053838,glm-5.1,completeness,5
question_38,benchmarking-gemma4-on-opt-rerun-20260416_053838,glm-5.1,specificity,3
question_38,benchmarking-gemma4-on-opt-rerun-20260416_053838,glm-5.1,helpfulness,4
question_38,benchmarking-gemma4-on-opt-rerun-20260416_053838,glm-5.1,source_faithfulness,3
question_21,benchmarking-gemma4-on-opt-rerun-20260416_053838,glm-5.1,relevance,3
question_21,benchmarking-gemma4-on-opt-rerun-20260416_053838,glm-5.1,completeness,2
question_21,benchmarking-gemma4-on-opt-rerun-20260416_053838,glm-5.1,specificity,3
question_21,benchmarking-gemma4-on-opt-rerun-20260416_053838,glm-5.1,helpfulness,2
question_21,benchmarking-gemma4-on-opt-rerun-20260416_053838,glm-5.1,source_faithfulness,4
question_22,benchmarking-gemma4-on-opt-rerun-20260416_053838,glm-5.1,relevance,5
question_22,benchmarking-gemma4-on-opt-rerun-20260416_053838,glm-5.1,completeness,3
question_22,benchmarking-gemma4-on-opt-rerun-20260416_053838,glm-5.1,specificity,2
question_22,benchmarking-gemma4-on-opt-rerun-20260416_053838,glm-5.1,helpfulness,3
question_22,benchmarking-gemma4-on-opt-rerun-20260416_053838,glm-5.1,source_faithfulness,2
question_46,benchmarking-okg-live-gemma4-26b-thinking-on-20260422_041114,glm-5.1,relevance,3
question_46,benchmarking-okg-live-gemma4-26b-thinking-on-20260422_041114,glm-5.1,completeness,2
question_46,benchmarking-okg-live-gemma4-26b-thinking-on-20260422_041114,glm-5.1,specificity,2
question_46,benchmarking-okg-live-gemma4-26b-thinking-on-20260422_041114,glm-5.1,helpfulness,2
question_1,benchmarking-okg-live-gemma4-26b-thinking-on-20260422_041114,glm-5.1,relevance,1
question_1,benchmarking-okg-live-gemma4-26b-thinking-on-20260422_041114,glm-5.1,completeness,1
question_1,benchmarking-okg-live-gemma4-26b-thinking-on-20260422_041114,glm-5.1,specificity,1
question_1,benchmarking-okg-live-gemma4-26b-thinking-on-20260422_041114,glm-5.1,helpfulness,1
question_23,benchmarking-okg-live-gemma4-26b-thinking-on-20260422_041114,glm-5.1,relevance,1
question_23,benchmarking-okg-live-gemma4-26b-thinking-on-20260422_041114,glm-5.1,completeness,1
question_23,benchmarking-okg-live-gemma4-26b-thinking-on-20260422_041114,glm-5.1,specificity,1
question_23,benchmarking-okg-live-gemma4-26b-thinking-on-20260422_041114,glm-5.1,helpfulness,1
question_39,benchmarking-okg-live-gemma4-26b-thinking-on-20260422_041114,glm-5.1,relevance,5
question_39,benchmarking-okg-live-gemma4-26b-thinking-on-20260422_041114,glm-5.1,completeness,4
question_39,benchmarking-okg-live-gemma4-26b-thinking-on-20260422_041114,glm-5.1,specificity,5
question_39,benchmarking-okg-live-gemma4-26b-thinking-on-20260422_041114,glm-5.1,helpfulness,4
question_24,benchmarking-okg-live-gemma4-26b-thinking-on-20260422_041114,glm-5.1,relevance,4
question_24,benchmarking-okg-live-gemma4-26b-thinking-on-20260422_041114,glm-5.1,completeness,3
question_24,benchmarking-okg-live-gemma4-26b-thinking-on-20260422_041114,glm-5.1,specificity,3
question_24,benchmarking-okg-live-gemma4-26b-thinking-on-20260422_041114,glm-5.1,helpfulness,3
question_25,benchmarking-okg-live-gemma4-26b-thinking-on-20260422_041114,glm-5.1,relevance,1
question_25,benchmarking-okg-live-gemma4-26b-thinking-on-20260422_041114,glm-5.1,completeness,1
question_25,benchmarking-okg-live-gemma4-26b-thinking-on-20260422_041114,glm-5.1,specificity,1
question_25,benchmarking-okg-live-gemma4-26b-thinking-on-20260422_041114,glm-5.1,helpfulness,1
question_26,benchmarking-okg-live-gemma4-26b-thinking-on-20260422_041114,glm-5.1,relevance,5
question_26,benchmarking-okg-live-gemma4-26b-thinking-on-20260422_041114,glm-5.1,completeness,4
question_26,benchmarking-okg-live-gemma4-26b-thinking-on-20260422_041114,glm-5.1,specificity,4
question_26,benchmarking-okg-live-gemma4-26b-thinking-on-20260422_041114,glm-5.1,helpfulness,4
question_47,benchmarking-okg-live-gemma4-26b-thinking-on-20260422_041114,glm-5.1,relevance,5
question_47,benchmarking-okg-live-gemma4-26b-thinking-on-20260422_041114,glm-5.1,completeness,3
question_47,benchmarking-okg-live-gemma4-26b-thinking-on-20260422_041114,glm-5.1,specificity,5
question_47,benchmarking-okg-live-gemma4-26b-thinking-on-20260422_041114,glm-5.1,helpfulness,4
question_40,benchmarking-okg-live-gemma4-26b-thinking-on-20260422_041114,glm-5.1,relevance,5
question_40,benchmarking-okg-live-gemma4-26b-thinking-on-20260422_041114,glm-5.1,completeness,4
question_40,benchmarking-okg-live-gemma4-26b-thinking-on-20260422_041114,glm-5.1,specificity,3
question_40,benchmarking-okg-live-gemma4-26b-thinking-on-20260422_041114,glm-5.1,helpfulness,4
question_27,benchmarking-okg-live-gemma4-26b-thinking-on-20260422_041114,glm-5.1,relevance,5
question_27,benchmarking-okg-live-gemma4-26b-thinking-on-20260422_041114,glm-5.1,completeness,4
question_27,benchmarking-okg-live-gemma4-26b-thinking-on-20260422_041114,glm-5.1,specificity,4
question_27,benchmarking-okg-live-gemma4-26b-thinking-on-20260422_041114,glm-5.1,helpfulness,5
question_48,benchmarking-okg-live-gemma4-26b-thinking-on-20260422_041114,glm-5.1,relevance,4
question_48,benchmarking-okg-live-gemma4-26b-thinking-on-20260422_041114,glm-5.1,completeness,3
question_48,benchmarking-okg-live-gemma4-26b-thinking-on-20260422_041114,glm-5.1,specificity,4
question_48,benchmarking-okg-live-gemma4-26b-thinking-on-20260422_041114,glm-5.1,helpfulness,3
question_41,benchmarking-okg-live-gemma4-26b-thinking-on-20260422_041114,glm-5.1,relevance,1
question_41,benchmarking-okg-live-gemma4-26b-thinking-on-20260422_041114,glm-5.1,completeness,1
question_41,benchmarking-okg-live-gemma4-26b-thinking-on-20260422_041114,glm-5.1,specificity,1
question_41,benchmarking-okg-live-gemma4-26b-thinking-on-20260422_041114,glm-5.1,helpfulness,1
question_42,benchmarking-okg-live-gemma4-26b-thinking-on-20260422_041114,glm-5.1,relevance,5
question_42,benchmarking-okg-live-gemma4-26b-thinking-on-20260422_041114,glm-5.1,completeness,4
question_42,benchmarking-okg-live-gemma4-26b-thinking-on-20260422_041114,glm-5.1,specificity,4
question_42,benchmarking-okg-live-gemma4-26b-thinking-on-20260422_041114,glm-5.1,helpfulness,3
question_4,benchmarking-okg-live-gemma4-26b-thinking-on-20260422_041114,glm-5.1,relevance,5
question_4,benchmarking-okg-live-gemma4-26b-thinking-on-20260422_041114,glm-5.1,completeness,5
question_4,benchmarking-okg-live-gemma4-26b-thinking-on-20260422_041114,glm-5.1,specificity,5
question_4,benchmarking-okg-live-gemma4-26b-thinking-on-20260422_041114,glm-5.1,helpfulness,5
question_6,benchmarking-okg-live-gemma4-26b-thinking-on-20260422_041114,glm-5.1,relevance,4
question_6,benchmarking-okg-live-gemma4-26b-thinking-on-20260422_041114,glm-5.1,completeness,3
question_6,benchmarking-okg-live-gemma4-26b-thinking-on-20260422_041114,glm-5.1,specificity,2
question_6,benchmarking-okg-live-gemma4-26b-thinking-on-20260422_041114,glm-5.1,helpfulness,2
question_7,benchmarking-okg-live-gemma4-26b-thinking-on-20260422_041114,glm-5.1,relevance,1
question_7,benchmarking-okg-live-gemma4-26b-thinking-on-20260422_041114,glm-5.1,completeness,1
question_7,benchmarking-okg-live-gemma4-26b-thinking-on-20260422_041114,glm-5.1,specificity,1
question_7,benchmarking-okg-live-gemma4-26b-thinking-on-20260422_041114,glm-5.1,helpfulness,1
question_5,benchmarking-okg-live-gemma4-26b-thinking-on-20260422_041114,glm-5.1,relevance,5
question_5,benchmarking-okg-live-gemma4-26b-thinking-on-20260422_041114,glm-5.1,completeness,4
question_5,benchmarking-okg-live-gemma4-26b-thinking-on-20260422_041114,glm-5.1,specificity,4
question_5,benchmarking-okg-live-gemma4-26b-thinking-on-20260422_041114,glm-5.1,helpfulness,4
question_8,benchmarking-okg-live-gemma4-26b-thinking-on-20260422_041114,glm-5.1,relevance,5
question_8,benchmarking-okg-live-gemma4-26b-thinking-on-20260422_041114,glm-5.1,completeness,5
question_8,benchmarking-okg-live-gemma4-26b-thinking-on-20260422_041114,glm-5.1,specificity,5
question_8,benchmarking-okg-live-gemma4-26b-thinking-on-20260422_041114,glm-5.1,helpfulness,5
question_9,benchmarking-okg-live-gemma4-26b-thinking-on-20260422_041114,glm-5.1,relevance,1
question_9,benchmarking-okg-live-gemma4-26b-thinking-on-20260422_041114,glm-5.1,completeness,1
question_9,benchmarking-okg-live-gemma4-26b-thinking-on-20260422_041114,glm-5.1,specificity,1
question_9,benchmarking-okg-live-gemma4-26b-thinking-on-20260422_041114,glm-5.1,helpfulness,1
question_28,benchmarking-okg-live-gemma4-26b-thinking-on-20260422_041114,glm-5.1,relevance,1
question_28,benchmarking-okg-live-gemma4-26b-thinking-on-20260422_041114,glm-5.1,completeness,1
question_28,benchmarking-okg-live-gemma4-26b-thinking-on-20260422_041114,glm-5.1,specificity,1
question_28,benchmarking-okg-live-gemma4-26b-thinking-on-20260422_041114,glm-5.1,helpfulness,1
question_10,benchmarking-okg-live-gemma4-26b-thinking-on-20260422_041114,glm-5.1,relevance,4
question_10,benchmarking-okg-live-gemma4-26b-thinking-on-20260422_041114,glm-5.1,completeness,2
question_10,benchmarking-okg-live-gemma4-26b-thinking-on-20260422_041114,glm-5.1,specificity,3
question_10,benchmarking-okg-live-gemma4-26b-thinking-on-20260422_041114,glm-5.1,helpfulness,3
question_49,benchmarking-okg-live-gemma4-26b-thinking-on-20260422_041114,glm-5.1,relevance,2
question_49,benchmarking-okg-live-gemma4-26b-thinking-on-20260422_041114,glm-5.1,completeness,1
question_49,benchmarking-okg-live-gemma4-26b-thinking-on-20260422_041114,glm-5.1,specificity,2
question_49,benchmarking-okg-live-gemma4-26b-thinking-on-20260422_041114,glm-5.1,helpfulness,2
question_50,benchmarking-okg-live-gemma4-26b-thinking-on-20260422_041114,glm-5.1,relevance,1
question_50,benchmarking-okg-live-gemma4-26b-thinking-on-20260422_041114,glm-5.1,completeness,1
question_50,benchmarking-okg-live-gemma4-26b-thinking-on-20260422_041114,glm-5.1,specificity,1
question_50,benchmarking-okg-live-gemma4-26b-thinking-on-20260422_041114,glm-5.1,helpfulness,1
question_11,benchmarking-okg-live-gemma4-26b-thinking-on-20260422_041114,glm-5.1,relevance,4
question_11,benchmarking-okg-live-gemma4-26b-thinking-on-20260422_041114,glm-5.1,completeness,2
question_11,benchmarking-okg-live-gemma4-26b-thinking-on-20260422_041114,glm-5.1,specificity,2
question_11,benchmarking-okg-live-gemma4-26b-thinking-on-20260422_041114,glm-5.1,helpfulness,3
question_29,benchmarking-okg-live-gemma4-26b-thinking-on-20260422_041114,glm-5.1,relevance,5
question_29,benchmarking-okg-live-gemma4-26b-thinking-on-20260422_041114,glm-5.1,completeness,4
question_29,benchmarking-okg-live-gemma4-26b-thinking-on-20260422_041114,glm-5.1,specificity,4
question_29,benchmarking-okg-live-gemma4-26b-thinking-on-20260422_041114,glm-5.1,helpfulness,5
question_30,benchmarking-okg-live-gemma4-26b-thinking-on-20260422_041114,glm-5.1,relevance,1
question_30,benchmarking-okg-live-gemma4-26b-thinking-on-20260422_041114,glm-5.1,completeness,1
question_30,benchmarking-okg-live-gemma4-26b-thinking-on-20260422_041114,glm-5.1,specificity,1
question_30,benchmarking-okg-live-gemma4-26b-thinking-on-20260422_041114,glm-5.1,helpfulness,1
question_31,benchmarking-okg-live-gemma4-26b-thinking-on-20260422_041114,glm-5.1,relevance,5
question_31,benchmarking-okg-live-gemma4-26b-thinking-on-20260422_041114,glm-5.1,completeness,5
question_31,benchmarking-okg-live-gemma4-26b-thinking-on-20260422_041114,glm-5.1,specificity,5
question_31,benchmarking-okg-live-gemma4-26b-thinking-on-20260422_041114,glm-5.1,helpfulness,5
question_12,benchmarking-okg-live-gemma4-26b-thinking-on-20260422_041114,glm-5.1,relevance,1
question_12,benchmarking-okg-live-gemma4-26b-thinking-on-20260422_041114,glm-5.1,completeness,1
question_12,benchmarking-okg-live-gemma4-26b-thinking-on-20260422_041114,glm-5.1,specificity,1
question_12,benchmarking-okg-live-gemma4-26b-thinking-on-20260422_041114,glm-5.1,helpfulness,1
question_32,benchmarking-okg-live-gemma4-26b-thinking-on-20260422_041114,glm-5.1,relevance,5
question_32,benchmarking-okg-live-gemma4-26b-thinking-on-20260422_041114,glm-5.1,completeness,5
question_32,benchmarking-okg-live-gemma4-26b-thinking-on-20260422_041114,glm-5.1,specificity,3
question_32,benchmarking-okg-live-gemma4-26b-thinking-on-20260422_041114,glm-5.1,helpfulness,4
question_13,benchmarking-okg-live-gemma4-26b-thinking-on-20260422_041114,glm-5.1,relevance,5
question_13,benchmarking-okg-live-gemma4-26b-thinking-on-20260422_041114,glm-5.1,completeness,4
question_13,benchmarking-okg-live-gemma4-26b-thinking-on-20260422_041114,glm-5.1,specificity,3
question_13,benchmarking-okg-live-gemma4-26b-thinking-on-20260422_041114,glm-5.1,helpfulness,3
question_43,benchmarking-okg-live-gemma4-26b-thinking-on-20260422_041114,glm-5.1,relevance,1
question_43,benchmarking-okg-live-gemma4-26b-thinking-on-20260422_041114,glm-5.1,completeness,1
question_43,benchmarking-okg-live-gemma4-26b-thinking-on-20260422_041114,glm-5.1,specificity,1
question_43,benchmarking-okg-live-gemma4-26b-thinking-on-20260422_041114,glm-5.1,helpfulness,1
question_14,benchmarking-okg-live-gemma4-26b-thinking-on-20260422_041114,glm-5.1,relevance,2
question_14,benchmarking-okg-live-gemma4-26b-thinking-on-20260422_041114,glm-5.1,completeness,2
question_14,benchmarking-okg-live-gemma4-26b-thinking-on-20260422_041114,glm-5.1,specificity,2
question_14,benchmarking-okg-live-gemma4-26b-thinking-on-20260422_041114,glm-5.1,helpfulness,1
question_33,benchmarking-okg-live-gemma4-26b-thinking-on-20260422_041114,glm-5.1,relevance,1
question_33,benchmarking-okg-live-gemma4-26b-thinking-on-20260422_041114,glm-5.1,completeness,1
question_33,benchmarking-okg-live-gemma4-26b-thinking-on-20260422_041114,glm-5.1,specificity,1
question_33,benchmarking-okg-live-gemma4-26b-thinking-on-20260422_041114,glm-5.1,helpfulness,1
question_2,benchmarking-okg-live-gemma4-26b-thinking-on-20260422_041114,glm-5.1,relevance,1
question_2,benchmarking-okg-live-gemma4-26b-thinking-on-20260422_041114,glm-5.1,completeness,1
question_2,benchmarking-okg-live-gemma4-26b-thinking-on-20260422_041114,glm-5.1,specificity,1
question_2,benchmarking-okg-live-gemma4-26b-thinking-on-20260422_041114,glm-5.1,helpfulness,1
question_34,benchmarking-okg-live-gemma4-26b-thinking-on-20260422_041114,glm-5.1,relevance,5
question_34,benchmarking-okg-live-gemma4-26b-thinking-on-20260422_041114,glm-5.1,completeness,5
question_34,benchmarking-okg-live-gemma4-26b-thinking-on-20260422_041114,glm-5.1,specificity,4
question_34,benchmarking-okg-live-gemma4-26b-thinking-on-20260422_041114,glm-5.1,helpfulness,5
question_15,benchmarking-okg-live-gemma4-26b-thinking-on-20260422_041114,glm-5.1,relevance,5
question_15,benchmarking-okg-live-gemma4-26b-thinking-on-20260422_041114,glm-5.1,completeness,5
question_15,benchmarking-okg-live-gemma4-26b-thinking-on-20260422_041114,glm-5.1,specificity,5
question_15,benchmarking-okg-live-gemma4-26b-thinking-on-20260422_041114,glm-5.1,helpfulness,5
question_44,benchmarking-okg-live-gemma4-26b-thinking-on-20260422_041114,glm-5.1,relevance,1
question_44,benchmarking-okg-live-gemma4-26b-thinking-on-20260422_041114,glm-5.1,completeness,1
question_44,benchmarking-okg-live-gemma4-26b-thinking-on-20260422_041114,glm-5.1,specificity,1
question_44,benchmarking-okg-live-gemma4-26b-thinking-on-20260422_041114,glm-5.1,helpfulness,1
question_51,benchmarking-okg-live-gemma4-26b-thinking-on-20260422_041114,glm-5.1,relevance,4
question_51,benchmarking-okg-live-gemma4-26b-thinking-on-20260422_041114,glm-5.1,completeness,3
question_51,benchmarking-okg-live-gemma4-26b-thinking-on-20260422_041114,glm-5.1,specificity,4
question_51,benchmarking-okg-live-gemma4-26b-thinking-on-20260422_041114,glm-5.1,helpfulness,3
question_16,benchmarking-okg-live-gemma4-26b-thinking-on-20260422_041114,glm-5.1,relevance,2
question_16,benchmarking-okg-live-gemma4-26b-thinking-on-20260422_041114,glm-5.1,completeness,1
question_16,benchmarking-okg-live-gemma4-26b-thinking-on-20260422_041114,glm-5.1,specificity,1
question_16,benchmarking-okg-live-gemma4-26b-thinking-on-20260422_041114,glm-5.1,helpfulness,1
question_17,benchmarking-okg-live-gemma4-26b-thinking-on-20260422_041114,glm-5.1,relevance,3
question_17,benchmarking-okg-live-gemma4-26b-thinking-on-20260422_041114,glm-5.1,completeness,2
question_17,benchmarking-okg-live-gemma4-26b-thinking-on-20260422_041114,glm-5.1,specificity,2
question_17,benchmarking-okg-live-gemma4-26b-thinking-on-20260422_041114,glm-5.1,helpfulness,2
question_52,benchmarking-okg-live-gemma4-26b-thinking-on-20260422_041114,glm-5.1,relevance,5
question_52,benchmarking-okg-live-gemma4-26b-thinking-on-20260422_041114,glm-5.1,completeness,5
question_52,benchmarking-okg-live-gemma4-26b-thinking-on-20260422_041114,glm-5.1,specificity,5
question_52,benchmarking-okg-live-gemma4-26b-thinking-on-20260422_041114,glm-5.1,helpfulness,5
question_53,benchmarking-okg-live-gemma4-26b-thinking-on-20260422_041114,glm-5.1,relevance,5
question_53,benchmarking-okg-live-gemma4-26b-thinking-on-20260422_041114,glm-5.1,completeness,4
question_53,benchmarking-okg-live-gemma4-26b-thinking-on-20260422_041114,glm-5.1,specificity,5
question_53,benchmarking-okg-live-gemma4-26b-thinking-on-20260422_041114,glm-5.1,helpfulness,4
question_35,benchmarking-okg-live-gemma4-26b-thinking-on-20260422_041114,glm-5.1,relevance,5
question_35,benchmarking-okg-live-gemma4-26b-thinking-on-20260422_041114,glm-5.1,completeness,3
question_35,benchmarking-okg-live-gemma4-26b-thinking-on-20260422_041114,glm-5.1,specificity,3
question_35,benchmarking-okg-live-gemma4-26b-thinking-on-20260422_041114,glm-5.1,helpfulness,3
question_36,benchmarking-okg-live-gemma4-26b-thinking-on-20260422_041114,glm-5.1,relevance,1
question_36,benchmarking-okg-live-gemma4-26b-thinking-on-20260422_041114,glm-5.1,completeness,1
question_36,benchmarking-okg-live-gemma4-26b-thinking-on-20260422_041114,glm-5.1,specificity,1
question_36,benchmarking-okg-live-gemma4-26b-thinking-on-20260422_041114,glm-5.1,helpfulness,1
question_3,benchmarking-okg-live-gemma4-26b-thinking-on-20260422_041114,glm-5.1,relevance,1
question_3,benchmarking-okg-live-gemma4-26b-thinking-on-20260422_041114,glm-5.1,completeness,1
question_3,benchmarking-okg-live-gemma4-26b-thinking-on-20260422_041114,glm-5.1,specificity,1
question_3,benchmarking-okg-live-gemma4-26b-thinking-on-20260422_041114,glm-5.1,helpfulness,1
question_45,benchmarking-okg-live-gemma4-26b-thinking-on-20260422_041114,glm-5.1,relevance,5
question_45,benchmarking-okg-live-gemma4-26b-thinking-on-20260422_041114,glm-5.1,completeness,4
question_45,benchmarking-okg-live-gemma4-26b-thinking-on-20260422_041114,glm-5.1,specificity,3
question_45,benchmarking-okg-live-gemma4-26b-thinking-on-20260422_041114,glm-5.1,helpfulness,4
question_37,benchmarking-okg-live-gemma4-26b-thinking-on-20260422_041114,glm-5.1,relevance,5
question_37,benchmarking-okg-live-gemma4-26b-thinking-on-20260422_041114,glm-5.1,completeness,4
question_37,benchmarking-okg-live-gemma4-26b-thinking-on-20260422_041114,glm-5.1,specificity,3
question_37,benchmarking-okg-live-gemma4-26b-thinking-on-20260422_041114,glm-5.1,helpfulness,4
question_18,benchmarking-okg-live-gemma4-26b-thinking-on-20260422_041114,glm-5.1,relevance,1
question_18,benchmarking-okg-live-gemma4-26b-thinking-on-20260422_041114,glm-5.1,completeness,1
question_18,benchmarking-okg-live-gemma4-26b-thinking-on-20260422_041114,glm-5.1,specificity,1
question_18,benchmarking-okg-live-gemma4-26b-thinking-on-20260422_041114,glm-5.1,helpfulness,1
question_19,benchmarking-okg-live-gemma4-26b-thinking-on-20260422_041114,glm-5.1,relevance,5
question_19,benchmarking-okg-live-gemma4-26b-thinking-on-20260422_041114,glm-5.1,completeness,3
question_19,benchmarking-okg-live-gemma4-26b-thinking-on-20260422_041114,glm-5.1,specificity,2
question_19,benchmarking-okg-live-gemma4-26b-thinking-on-20260422_041114,glm-5.1,helpfulness,2
question_20,benchmarking-okg-live-gemma4-26b-thinking-on-20260422_041114,glm-5.1,relevance,2
question_20,benchmarking-okg-live-gemma4-26b-thinking-on-20260422_041114,glm-5.1,completeness,1
question_20,benchmarking-okg-live-gemma4-26b-thinking-on-20260422_041114,glm-5.1,specificity,2
question_20,benchmarking-okg-live-gemma4-26b-thinking-on-20260422_041114,glm-5.1,helpfulness,2
question_38,benchmarking-okg-live-gemma4-26b-thinking-on-20260422_041114,glm-5.1,relevance,2
question_38,benchmarking-okg-live-gemma4-26b-thinking-on-20260422_041114,glm-5.1,completeness,1
question_38,benchmarking-okg-live-gemma4-26b-thinking-on-20260422_041114,glm-5.1,specificity,2
question_38,benchmarking-okg-live-gemma4-26b-thinking-on-20260422_041114,glm-5.1,helpfulness,2
question_21,benchmarking-okg-live-gemma4-26b-thinking-on-20260422_041114,glm-5.1,relevance,4
question_21,benchmarking-okg-live-gemma4-26b-thinking-on-20260422_041114,glm-5.1,completeness,3
question_21,benchmarking-okg-live-gemma4-26b-thinking-on-20260422_041114,glm-5.1,specificity,3
question_21,benchmarking-okg-live-gemma4-26b-thinking-on-20260422_041114,glm-5.1,helpfulness,3
question_22,benchmarking-okg-live-gemma4-26b-thinking-on-20260422_041114,glm-5.1,relevance,1
question_22,benchmarking-okg-live-gemma4-26b-thinking-on-20260422_041114,glm-5.1,completeness,1
question_22,benchmarking-okg-live-gemma4-26b-thinking-on-20260422_041114,glm-5.1,specificity,1
question_22,benchmarking-okg-live-gemma4-26b-thinking-on-20260422_041114,glm-5.1,helpfulness,1
question_46,benchmarking-qwen122b-off-bare-llm-20260420_144108,glm-5.1,relevance,5
question_46,benchmarking-qwen122b-off-bare-llm-20260420_144108,glm-5.1,completeness,5
question_46,benchmarking-qwen122b-off-bare-llm-20260420_144108,glm-5.1,specificity,2
question_46,benchmarking-qwen122b-off-bare-llm-20260420_144108,glm-5.1,helpfulness,3
question_1,benchmarking-qwen122b-off-bare-llm-20260420_144108,glm-5.1,relevance,5
question_1,benchmarking-qwen122b-off-bare-llm-20260420_144108,glm-5.1,completeness,5
question_1,benchmarking-qwen122b-off-bare-llm-20260420_144108,glm-5.1,specificity,4
question_1,benchmarking-qwen122b-off-bare-llm-20260420_144108,glm-5.1,helpfulness,4
question_23,benchmarking-qwen122b-off-bare-llm-20260420_144108,glm-5.1,relevance,2
question_23,benchmarking-qwen122b-off-bare-llm-20260420_144108,glm-5.1,completeness,2
question_23,benchmarking-qwen122b-off-bare-llm-20260420_144108,glm-5.1,specificity,2
question_23,benchmarking-qwen122b-off-bare-llm-20260420_144108,glm-5.1,helpfulness,1
question_39,benchmarking-qwen122b-off-bare-llm-20260420_144108,glm-5.1,relevance,3
question_39,benchmarking-qwen122b-off-bare-llm-20260420_144108,glm-5.1,completeness,2
question_39,benchmarking-qwen122b-off-bare-llm-20260420_144108,glm-5.1,specificity,2
question_39,benchmarking-qwen122b-off-bare-llm-20260420_144108,glm-5.1,helpfulness,2
question_24,benchmarking-qwen122b-off-bare-llm-20260420_144108,glm-5.1,relevance,2
question_24,benchmarking-qwen122b-off-bare-llm-20260420_144108,glm-5.1,completeness,1
question_24,benchmarking-qwen122b-off-bare-llm-20260420_144108,glm-5.1,specificity,2
question_24,benchmarking-qwen122b-off-bare-llm-20260420_144108,glm-5.1,helpfulness,1
question_25,benchmarking-qwen122b-off-bare-llm-20260420_144108,glm-5.1,relevance,2
question_25,benchmarking-qwen122b-off-bare-llm-20260420_144108,glm-5.1,completeness,1
question_25,benchmarking-qwen122b-off-bare-llm-20260420_144108,glm-5.1,specificity,2
question_25,benchmarking-qwen122b-off-bare-llm-20260420_144108,glm-5.1,helpfulness,1
question_26,benchmarking-qwen122b-off-bare-llm-20260420_144108,glm-5.1,relevance,5
question_26,benchmarking-qwen122b-off-bare-llm-20260420_144108,glm-5.1,completeness,4
question_26,benchmarking-qwen122b-off-bare-llm-20260420_144108,glm-5.1,specificity,3
question_26,benchmarking-qwen122b-off-bare-llm-20260420_144108,glm-5.1,helpfulness,4
question_47,benchmarking-qwen122b-off-bare-llm-20260420_144108,glm-5.1,relevance,4
question_47,benchmarking-qwen122b-off-bare-llm-20260420_144108,glm-5.1,completeness,2
question_47,benchmarking-qwen122b-off-bare-llm-20260420_144108,glm-5.1,specificity,2
question_47,benchmarking-qwen122b-off-bare-llm-20260420_144108,glm-5.1,helpfulness,2
question_40,benchmarking-qwen122b-off-bare-llm-20260420_144108,glm-5.1,relevance,4
question_40,benchmarking-qwen122b-off-bare-llm-20260420_144108,glm-5.1,completeness,3
question_40,benchmarking-qwen122b-off-bare-llm-20260420_144108,glm-5.1,specificity,3
question_40,benchmarking-qwen122b-off-bare-llm-20260420_144108,glm-5.1,helpfulness,3
question_27,benchmarking-qwen122b-off-bare-llm-20260420_144108,glm-5.1,relevance,2
question_27,benchmarking-qwen122b-off-bare-llm-20260420_144108,glm-5.1,completeness,1
question_27,benchmarking-qwen122b-off-bare-llm-20260420_144108,glm-5.1,specificity,1
question_27,benchmarking-qwen122b-off-bare-llm-20260420_144108,glm-5.1,helpfulness,1
question_48,benchmarking-qwen122b-off-bare-llm-20260420_144108,glm-5.1,relevance,2
question_48,benchmarking-qwen122b-off-bare-llm-20260420_144108,glm-5.1,completeness,1
question_48,benchmarking-qwen122b-off-bare-llm-20260420_144108,glm-5.1,specificity,2
question_48,benchmarking-qwen122b-off-bare-llm-20260420_144108,glm-5.1,helpfulness,1
question_41,benchmarking-qwen122b-off-bare-llm-20260420_144108,glm-5.1,relevance,2
question_41,benchmarking-qwen122b-off-bare-llm-20260420_144108,glm-5.1,completeness,2
question_41,benchmarking-qwen122b-off-bare-llm-20260420_144108,glm-5.1,specificity,1
question_41,benchmarking-qwen122b-off-bare-llm-20260420_144108,glm-5.1,helpfulness,1
question_42,benchmarking-qwen122b-off-bare-llm-20260420_144108,glm-5.1,relevance,2
question_42,benchmarking-qwen122b-off-bare-llm-20260420_144108,glm-5.1,completeness,2
question_42,benchmarking-qwen122b-off-bare-llm-20260420_144108,glm-5.1,specificity,3
question_42,benchmarking-qwen122b-off-bare-llm-20260420_144108,glm-5.1,helpfulness,2
question_4,benchmarking-qwen122b-off-bare-llm-20260420_144108,glm-5.1,relevance,3
question_4,benchmarking-qwen122b-off-bare-llm-20260420_144108,glm-5.1,completeness,3
question_4,benchmarking-qwen122b-off-bare-llm-20260420_144108,glm-5.1,specificity,3
question_4,benchmarking-qwen122b-off-bare-llm-20260420_144108,glm-5.1,helpfulness,3
question_6,benchmarking-qwen122b-off-bare-llm-20260420_144108,glm-5.1,relevance,2
question_6,benchmarking-qwen122b-off-bare-llm-20260420_144108,glm-5.1,completeness,2
question_6,benchmarking-qwen122b-off-bare-llm-20260420_144108,glm-5.1,specificity,2
question_6,benchmarking-qwen122b-off-bare-llm-20260420_144108,glm-5.1,helpfulness,2
question_7,benchmarking-qwen122b-off-bare-llm-20260420_144108,glm-5.1,relevance,5
question_7,benchmarking-qwen122b-off-bare-llm-20260420_144108,glm-5.1,completeness,5
question_7,benchmarking-qwen122b-off-bare-llm-20260420_144108,glm-5.1,specificity,4
question_7,benchmarking-qwen122b-off-bare-llm-20260420_144108,glm-5.1,helpfulness,4
question_5,benchmarking-qwen122b-off-bare-llm-20260420_144108,glm-5.1,relevance,4
question_5,benchmarking-qwen122b-off-bare-llm-20260420_144108,glm-5.1,completeness,2
question_5,benchmarking-qwen122b-off-bare-llm-20260420_144108,glm-5.1,specificity,3
question_5,benchmarking-qwen122b-off-bare-llm-20260420_144108,glm-5.1,helpfulness,3
question_8,benchmarking-qwen122b-off-bare-llm-20260420_144108,glm-5.1,relevance,2
question_8,benchmarking-qwen122b-off-bare-llm-20260420_144108,glm-5.1,completeness,2
question_8,benchmarking-qwen122b-off-bare-llm-20260420_144108,glm-5.1,specificity,2
question_8,benchmarking-qwen122b-off-bare-llm-20260420_144108,glm-5.1,helpfulness,1
question_9,benchmarking-qwen122b-off-bare-llm-20260420_144108,glm-5.1,relevance,4
question_9,benchmarking-qwen122b-off-bare-llm-20260420_144108,glm-5.1,completeness,3
question_9,benchmarking-qwen122b-off-bare-llm-20260420_144108,glm-5.1,specificity,4
question_9,benchmarking-qwen122b-off-bare-llm-20260420_144108,glm-5.1,helpfulness,3
question_28,benchmarking-qwen122b-off-bare-llm-20260420_144108,glm-5.1,relevance,2
question_28,benchmarking-qwen122b-off-bare-llm-20260420_144108,glm-5.1,completeness,1
question_28,benchmarking-qwen122b-off-bare-llm-20260420_144108,glm-5.1,specificity,2
question_28,benchmarking-qwen122b-off-bare-llm-20260420_144108,glm-5.1,helpfulness,2
question_10,benchmarking-qwen122b-off-bare-llm-20260420_144108,glm-5.1,relevance,2
question_10,benchmarking-qwen122b-off-bare-llm-20260420_144108,glm-5.1,completeness,1
question_10,benchmarking-qwen122b-off-bare-llm-20260420_144108,glm-5.1,specificity,3
question_10,benchmarking-qwen122b-off-bare-llm-20260420_144108,glm-5.1,helpfulness,1
question_49,benchmarking-qwen122b-off-bare-llm-20260420_144108,glm-5.1,relevance,4
question_49,benchmarking-qwen122b-off-bare-llm-20260420_144108,glm-5.1,completeness,2
question_49,benchmarking-qwen122b-off-bare-llm-20260420_144108,glm-5.1,specificity,2
question_49,benchmarking-qwen122b-off-bare-llm-20260420_144108,glm-5.1,helpfulness,3
question_50,benchmarking-qwen122b-off-bare-llm-20260420_144108,glm-5.1,relevance,2
question_50,benchmarking-qwen122b-off-bare-llm-20260420_144108,glm-5.1,completeness,1
question_50,benchmarking-qwen122b-off-bare-llm-20260420_144108,glm-5.1,specificity,2
question_50,benchmarking-qwen122b-off-bare-llm-20260420_144108,glm-5.1,helpfulness,1
question_11,benchmarking-qwen122b-off-bare-llm-20260420_144108,glm-5.1,relevance,1
question_11,benchmarking-qwen122b-off-bare-llm-20260420_144108,glm-5.1,completeness,1
question_11,benchmarking-qwen122b-off-bare-llm-20260420_144108,glm-5.1,specificity,2
question_11,benchmarking-qwen122b-off-bare-llm-20260420_144108,glm-5.1,helpfulness,1
question_29,benchmarking-qwen122b-off-bare-llm-20260420_144108,glm-5.1,relevance,3
question_29,benchmarking-qwen122b-off-bare-llm-20260420_144108,glm-5.1,completeness,3
question_29,benchmarking-qwen122b-off-bare-llm-20260420_144108,glm-5.1,specificity,2
question_29,benchmarking-qwen122b-off-bare-llm-20260420_144108,glm-5.1,helpfulness,2
question_30,benchmarking-qwen122b-off-bare-llm-20260420_144108,glm-5.1,relevance,1
question_30,benchmarking-qwen122b-off-bare-llm-20260420_144108,glm-5.1,completeness,1
question_30,benchmarking-qwen122b-off-bare-llm-20260420_144108,glm-5.1,specificity,2
question_30,benchmarking-qwen122b-off-bare-llm-20260420_144108,glm-5.1,helpfulness,1
question_31,benchmarking-qwen122b-off-bare-llm-20260420_144108,glm-5.1,relevance,5
question_31,benchmarking-qwen122b-off-bare-llm-20260420_144108,glm-5.1,completeness,3
question_31,benchmarking-qwen122b-off-bare-llm-20260420_144108,glm-5.1,specificity,3
question_31,benchmarking-qwen122b-off-bare-llm-20260420_144108,glm-5.1,helpfulness,3
question_12,benchmarking-qwen122b-off-bare-llm-20260420_144108,glm-5.1,relevance,5
question_12,benchmarking-qwen122b-off-bare-llm-20260420_144108,glm-5.1,completeness,4
question_12,benchmarking-qwen122b-off-bare-llm-20260420_144108,glm-5.1,specificity,3
question_12,benchmarking-qwen122b-off-bare-llm-20260420_144108,glm-5.1,helpfulness,3
question_32,benchmarking-qwen122b-off-bare-llm-20260420_144108,glm-5.1,relevance,1
question_32,benchmarking-qwen122b-off-bare-llm-20260420_144108,glm-5.1,completeness,1
question_32,benchmarking-qwen122b-off-bare-llm-20260420_144108,glm-5.1,specificity,1
question_32,benchmarking-qwen122b-off-bare-llm-20260420_144108,glm-5.1,helpfulness,1
question_13,benchmarking-qwen122b-off-bare-llm-20260420_144108,glm-5.1,relevance,5
question_13,benchmarking-qwen122b-off-bare-llm-20260420_144108,glm-5.1,completeness,4
question_13,benchmarking-qwen122b-off-bare-llm-20260420_144108,glm-5.1,specificity,4
question_13,benchmarking-qwen122b-off-bare-llm-20260420_144108,glm-5.1,helpfulness,4
question_43,benchmarking-qwen122b-off-bare-llm-20260420_144108,glm-5.1,relevance,5
question_43,benchmarking-qwen122b-off-bare-llm-20260420_144108,glm-5.1,completeness,5
question_43,benchmarking-qwen122b-off-bare-llm-20260420_144108,glm-5.1,specificity,3
question_43,benchmarking-qwen122b-off-bare-llm-20260420_144108,glm-5.1,helpfulness,4
question_14,benchmarking-qwen122b-off-bare-llm-20260420_144108,glm-5.1,relevance,5
question_14,benchmarking-qwen122b-off-bare-llm-20260420_144108,glm-5.1,completeness,4
question_14,benchmarking-qwen122b-off-bare-llm-20260420_144108,glm-5.1,specificity,3
question_14,benchmarking-qwen122b-off-bare-llm-20260420_144108,glm-5.1,helpfulness,3
question_33,benchmarking-qwen122b-off-bare-llm-20260420_144108,glm-5.1,relevance,2
question_33,benchmarking-qwen122b-off-bare-llm-20260420_144108,glm-5.1,completeness,2
question_33,benchmarking-qwen122b-off-bare-llm-20260420_144108,glm-5.1,specificity,2
question_33,benchmarking-qwen122b-off-bare-llm-20260420_144108,glm-5.1,helpfulness,1
question_2,benchmarking-qwen122b-off-bare-llm-20260420_144108,glm-5.1,relevance,2
question_2,benchmarking-qwen122b-off-bare-llm-20260420_144108,glm-5.1,completeness,1
question_2,benchmarking-qwen122b-off-bare-llm-20260420_144108,glm-5.1,specificity,1
question_2,benchmarking-qwen122b-off-bare-llm-20260420_144108,glm-5.1,helpfulness,2
question_34,benchmarking-qwen122b-off-bare-llm-20260420_144108,glm-5.1,relevance,5
question_34,benchmarking-qwen122b-off-bare-llm-20260420_144108,glm-5.1,completeness,5
question_34,benchmarking-qwen122b-off-bare-llm-20260420_144108,glm-5.1,specificity,2
question_34,benchmarking-qwen122b-off-bare-llm-20260420_144108,glm-5.1,helpfulness,3
question_15,benchmarking-qwen122b-off-bare-llm-20260420_144108,glm-5.1,relevance,5
question_15,benchmarking-qwen122b-off-bare-llm-20260420_144108,glm-5.1,completeness,5
question_15,benchmarking-qwen122b-off-bare-llm-20260420_144108,glm-5.1,specificity,5
question_15,benchmarking-qwen122b-off-bare-llm-20260420_144108,glm-5.1,helpfulness,5
question_44,benchmarking-qwen122b-off-bare-llm-20260420_144108,glm-5.1,relevance,4
question_44,benchmarking-qwen122b-off-bare-llm-20260420_144108,glm-5.1,completeness,3
question_44,benchmarking-qwen122b-off-bare-llm-20260420_144108,glm-5.1,specificity,2
question_44,benchmarking-qwen122b-off-bare-llm-20260420_144108,glm-5.1,helpfulness,2
question_51,benchmarking-qwen122b-off-bare-llm-20260420_144108,glm-5.1,relevance,3
question_51,benchmarking-qwen122b-off-bare-llm-20260420_144108,glm-5.1,completeness,2
question_51,benchmarking-qwen122b-off-bare-llm-20260420_144108,glm-5.1,specificity,2
question_51,benchmarking-qwen122b-off-bare-llm-20260420_144108,glm-5.1,helpfulness,2
question_16,benchmarking-qwen122b-off-bare-llm-20260420_144108,glm-5.1,relevance,3
question_16,benchmarking-qwen122b-off-bare-llm-20260420_144108,glm-5.1,completeness,3
question_16,benchmarking-qwen122b-off-bare-llm-20260420_144108,glm-5.1,specificity,3
question_16,benchmarking-qwen122b-off-bare-llm-20260420_144108,glm-5.1,helpfulness,3
question_17,benchmarking-qwen122b-off-bare-llm-20260420_144108,glm-5.1,relevance,5
question_17,benchmarking-qwen122b-off-bare-llm-20260420_144108,glm-5.1,completeness,4
question_17,benchmarking-qwen122b-off-bare-llm-20260420_144108,glm-5.1,specificity,5
question_17,benchmarking-qwen122b-off-bare-llm-20260420_144108,glm-5.1,helpfulness,4
question_52,benchmarking-qwen122b-off-bare-llm-20260420_144108,glm-5.1,relevance,5
question_52,benchmarking-qwen122b-off-bare-llm-20260420_144108,glm-5.1,completeness,4
question_52,benchmarking-qwen122b-off-bare-llm-20260420_144108,glm-5.1,specificity,2
question_52,benchmarking-qwen122b-off-bare-llm-20260420_144108,glm-5.1,helpfulness,3
question_53,benchmarking-qwen122b-off-bare-llm-20260420_144108,glm-5.1,relevance,3
question_53,benchmarking-qwen122b-off-bare-llm-20260420_144108,glm-5.1,completeness,2
question_53,benchmarking-qwen122b-off-bare-llm-20260420_144108,glm-5.1,specificity,2
question_53,benchmarking-qwen122b-off-bare-llm-20260420_144108,glm-5.1,helpfulness,2
question_35,benchmarking-qwen122b-off-bare-llm-20260420_144108,glm-5.1,relevance,5
question_35,benchmarking-qwen122b-off-bare-llm-20260420_144108,glm-5.1,completeness,5
question_35,benchmarking-qwen122b-off-bare-llm-20260420_144108,glm-5.1,specificity,5
question_35,benchmarking-qwen122b-off-bare-llm-20260420_144108,glm-5.1,helpfulness,5
question_36,benchmarking-qwen122b-off-bare-llm-20260420_144108,glm-5.1,relevance,2
question_36,benchmarking-qwen122b-off-bare-llm-20260420_144108,glm-5.1,completeness,2
question_36,benchmarking-qwen122b-off-bare-llm-20260420_144108,glm-5.1,specificity,2
question_36,benchmarking-qwen122b-off-bare-llm-20260420_144108,glm-5.1,helpfulness,2
question_3,benchmarking-qwen122b-off-bare-llm-20260420_144108,glm-5.1,relevance,4
question_3,benchmarking-qwen122b-off-bare-llm-20260420_144108,glm-5.1,completeness,3
question_3,benchmarking-qwen122b-off-bare-llm-20260420_144108,glm-5.1,specificity,3
question_3,benchmarking-qwen122b-off-bare-llm-20260420_144108,glm-5.1,helpfulness,3
question_45,benchmarking-qwen122b-off-bare-llm-20260420_144108,glm-5.1,relevance,5
question_45,benchmarking-qwen122b-off-bare-llm-20260420_144108,glm-5.1,completeness,5
question_45,benchmarking-qwen122b-off-bare-llm-20260420_144108,glm-5.1,specificity,3
question_45,benchmarking-qwen122b-off-bare-llm-20260420_144108,glm-5.1,helpfulness,4
question_37,benchmarking-qwen122b-off-bare-llm-20260420_144108,glm-5.1,relevance,1
question_37,benchmarking-qwen122b-off-bare-llm-20260420_144108,glm-5.1,completeness,1
question_37,benchmarking-qwen122b-off-bare-llm-20260420_144108,glm-5.1,specificity,1
question_37,benchmarking-qwen122b-off-bare-llm-20260420_144108,glm-5.1,helpfulness,1
question_18,benchmarking-qwen122b-off-bare-llm-20260420_144108,glm-5.1,relevance,5
question_18,benchmarking-qwen122b-off-bare-llm-20260420_144108,glm-5.1,completeness,5
question_18,benchmarking-qwen122b-off-bare-llm-20260420_144108,glm-5.1,specificity,5
question_18,benchmarking-qwen122b-off-bare-llm-20260420_144108,glm-5.1,helpfulness,5
question_19,benchmarking-qwen122b-off-bare-llm-20260420_144108,glm-5.1,relevance,5
question_19,benchmarking-qwen122b-off-bare-llm-20260420_144108,glm-5.1,completeness,5
question_19,benchmarking-qwen122b-off-bare-llm-20260420_144108,glm-5.1,specificity,5
question_19,benchmarking-qwen122b-off-bare-llm-20260420_144108,glm-5.1,helpfulness,5
question_20,benchmarking-qwen122b-off-bare-llm-20260420_144108,glm-5.1,relevance,5
question_20,benchmarking-qwen122b-off-bare-llm-20260420_144108,glm-5.1,completeness,4
question_20,benchmarking-qwen122b-off-bare-llm-20260420_144108,glm-5.1,specificity,3
question_20,benchmarking-qwen122b-off-bare-llm-20260420_144108,glm-5.1,helpfulness,4
question_38,benchmarking-qwen122b-off-bare-llm-20260420_144108,glm-5.1,relevance,2
question_38,benchmarking-qwen122b-off-bare-llm-20260420_144108,glm-5.1,completeness,2
question_38,benchmarking-qwen122b-off-bare-llm-20260420_144108,glm-5.1,specificity,2
question_38,benchmarking-qwen122b-off-bare-llm-20260420_144108,glm-5.1,helpfulness,1
question_21,benchmarking-qwen122b-off-bare-llm-20260420_144108,glm-5.1,relevance,5
question_21,benchmarking-qwen122b-off-bare-llm-20260420_144108,glm-5.1,completeness,5
question_21,benchmarking-qwen122b-off-bare-llm-20260420_144108,glm-5.1,specificity,4
question_21,benchmarking-qwen122b-off-bare-llm-20260420_144108,glm-5.1,helpfulness,5
question_22,benchmarking-qwen122b-off-bare-llm-20260420_144108,glm-5.1,relevance,2
question_22,benchmarking-qwen122b-off-bare-llm-20260420_144108,glm-5.1,completeness,1
question_22,benchmarking-qwen122b-off-bare-llm-20260420_144108,glm-5.1,specificity,1
question_22,benchmarking-qwen122b-off-bare-llm-20260420_144108,glm-5.1,helpfulness,1
question_46,benchmarking-qwen122b-off-multi-20260420_125900,glm-5.1,relevance,5
question_46,benchmarking-qwen122b-off-multi-20260420_125900,glm-5.1,completeness,5
question_46,benchmarking-qwen122b-off-multi-20260420_125900,glm-5.1,specificity,4
question_46,benchmarking-qwen122b-off-multi-20260420_125900,glm-5.1,helpfulness,4
question_46,benchmarking-qwen122b-off-multi-20260420_125900,glm-5.1,source_faithfulness,3
question_1,benchmarking-qwen122b-off-multi-20260420_125900,glm-5.1,relevance,5
question_1,benchmarking-qwen122b-off-multi-20260420_125900,glm-5.1,completeness,4
question_1,benchmarking-qwen122b-off-multi-20260420_125900,glm-5.1,specificity,2
question_1,benchmarking-qwen122b-off-multi-20260420_125900,glm-5.1,helpfulness,3
question_1,benchmarking-qwen122b-off-multi-20260420_125900,glm-5.1,source_faithfulness,2
question_23,benchmarking-qwen122b-off-multi-20260420_125900,glm-5.1,relevance,1
question_23,benchmarking-qwen122b-off-multi-20260420_125900,glm-5.1,completeness,1
question_23,benchmarking-qwen122b-off-multi-20260420_125900,glm-5.1,specificity,1
question_23,benchmarking-qwen122b-off-multi-20260420_125900,glm-5.1,helpfulness,1
question_23,benchmarking-qwen122b-off-multi-20260420_125900,glm-5.1,source_faithfulness,2
question_39,benchmarking-qwen122b-off-multi-20260420_125900,glm-5.1,relevance,5
question_39,benchmarking-qwen122b-off-multi-20260420_125900,glm-5.1,completeness,5
question_39,benchmarking-qwen122b-off-multi-20260420_125900,glm-5.1,specificity,4
question_39,benchmarking-qwen122b-off-multi-20260420_125900,glm-5.1,helpfulness,5
question_39,benchmarking-qwen122b-off-multi-20260420_125900,glm-5.1,source_faithfulness,4
question_24,benchmarking-qwen122b-off-multi-20260420_125900,glm-5.1,relevance,5
question_24,benchmarking-qwen122b-off-multi-20260420_125900,glm-5.1,completeness,4
question_24,benchmarking-qwen122b-off-multi-20260420_125900,glm-5.1,specificity,4
question_24,benchmarking-qwen122b-off-multi-20260420_125900,glm-5.1,helpfulness,4
question_24,benchmarking-qwen122b-off-multi-20260420_125900,glm-5.1,source_faithfulness,5
question_25,benchmarking-qwen122b-off-multi-20260420_125900,glm-5.1,relevance,5
question_25,benchmarking-qwen122b-off-multi-20260420_125900,glm-5.1,completeness,5
question_25,benchmarking-qwen122b-off-multi-20260420_125900,glm-5.1,specificity,5
question_25,benchmarking-qwen122b-off-multi-20260420_125900,glm-5.1,helpfulness,5
question_25,benchmarking-qwen122b-off-multi-20260420_125900,glm-5.1,source_faithfulness,4
question_26,benchmarking-qwen122b-off-multi-20260420_125900,glm-5.1,relevance,5
question_26,benchmarking-qwen122b-off-multi-20260420_125900,glm-5.1,completeness,5
question_26,benchmarking-qwen122b-off-multi-20260420_125900,glm-5.1,specificity,4
question_26,benchmarking-qwen122b-off-multi-20260420_125900,glm-5.1,helpfulness,4
question_26,benchmarking-qwen122b-off-multi-20260420_125900,glm-5.1,source_faithfulness,3
question_47,benchmarking-qwen122b-off-multi-20260420_125900,glm-5.1,relevance,5
question_47,benchmarking-qwen122b-off-multi-20260420_125900,glm-5.1,completeness,5
question_47,benchmarking-qwen122b-off-multi-20260420_125900,glm-5.1,specificity,5
question_47,benchmarking-qwen122b-off-multi-20260420_125900,glm-5.1,helpfulness,5
question_47,benchmarking-qwen122b-off-multi-20260420_125900,glm-5.1,source_faithfulness,4
question_40,benchmarking-qwen122b-off-multi-20260420_125900,glm-5.1,relevance,5
question_40,benchmarking-qwen122b-off-multi-20260420_125900,glm-5.1,completeness,5
question_40,benchmarking-qwen122b-off-multi-20260420_125900,glm-5.1,specificity,5
question_40,benchmarking-qwen122b-off-multi-20260420_125900,glm-5.1,helpfulness,5
question_40,benchmarking-qwen122b-off-multi-20260420_125900,glm-5.1,source_faithfulness,4
question_27,benchmarking-qwen122b-off-multi-20260420_125900,glm-5.1,relevance,5
question_27,benchmarking-qwen122b-off-multi-20260420_125900,glm-5.1,completeness,5
question_27,benchmarking-qwen122b-off-multi-20260420_125900,glm-5.1,specificity,5
question_27,benchmarking-qwen122b-off-multi-20260420_125900,glm-5.1,helpfulness,5
question_27,benchmarking-qwen122b-off-multi-20260420_125900,glm-5.1,source_faithfulness,4
question_48,benchmarking-qwen122b-off-multi-20260420_125900,glm-5.1,relevance,4
question_48,benchmarking-qwen122b-off-multi-20260420_125900,glm-5.1,completeness,3
question_48,benchmarking-qwen122b-off-multi-20260420_125900,glm-5.1,specificity,3
question_48,benchmarking-qwen122b-off-multi-20260420_125900,glm-5.1,helpfulness,3
question_48,benchmarking-qwen122b-off-multi-20260420_125900,glm-5.1,source_faithfulness,4
question_41,benchmarking-qwen122b-off-multi-20260420_125900,glm-5.1,relevance,5
question_41,benchmarking-qwen122b-off-multi-20260420_125900,glm-5.1,completeness,5
question_41,benchmarking-qwen122b-off-multi-20260420_125900,glm-5.1,specificity,4
question_41,benchmarking-qwen122b-off-multi-20260420_125900,glm-5.1,helpfulness,5
question_41,benchmarking-qwen122b-off-multi-20260420_125900,glm-5.1,source_faithfulness,4
question_42,benchmarking-qwen122b-off-multi-20260420_125900,glm-5.1,relevance,5
question_42,benchmarking-qwen122b-off-multi-20260420_125900,glm-5.1,completeness,5
question_42,benchmarking-qwen122b-off-multi-20260420_125900,glm-5.1,specificity,5
question_42,benchmarking-qwen122b-off-multi-20260420_125900,glm-5.1,helpfulness,5
question_42,benchmarking-qwen122b-off-multi-20260420_125900,glm-5.1,source_faithfulness,5
question_4,benchmarking-qwen122b-off-multi-20260420_125900,glm-5.1,relevance,5
question_4,benchmarking-qwen122b-off-multi-20260420_125900,glm-5.1,completeness,5
question_4,benchmarking-qwen122b-off-multi-20260420_125900,glm-5.1,specificity,5
question_4,benchmarking-qwen122b-off-multi-20260420_125900,glm-5.1,helpfulness,5
question_4,benchmarking-qwen122b-off-multi-20260420_125900,glm-5.1,source_faithfulness,5
question_6,benchmarking-qwen122b-off-multi-20260420_125900,glm-5.1,relevance,3
question_6,benchmarking-qwen122b-off-multi-20260420_125900,glm-5.1,completeness,3
question_6,benchmarking-qwen122b-off-multi-20260420_125900,glm-5.1,specificity,4
question_6,benchmarking-qwen122b-off-multi-20260420_125900,glm-5.1,helpfulness,3
question_6,benchmarking-qwen122b-off-multi-20260420_125900,glm-5.1,source_faithfulness,4
question_7,benchmarking-qwen122b-off-multi-20260420_125900,glm-5.1,relevance,5
question_7,benchmarking-qwen122b-off-multi-20260420_125900,glm-5.1,completeness,5
question_7,benchmarking-qwen122b-off-multi-20260420_125900,glm-5.1,specificity,4
question_7,benchmarking-qwen122b-off-multi-20260420_125900,glm-5.1,helpfulness,5
question_7,benchmarking-qwen122b-off-multi-20260420_125900,glm-5.1,source_faithfulness,3
question_5,benchmarking-qwen122b-off-multi-20260420_125900,glm-5.1,relevance,5
question_5,benchmarking-qwen122b-off-multi-20260420_125900,glm-5.1,completeness,5
question_5,benchmarking-qwen122b-off-multi-20260420_125900,glm-5.1,specificity,4
question_5,benchmarking-qwen122b-off-multi-20260420_125900,glm-5.1,helpfulness,5
question_5,benchmarking-qwen122b-off-multi-20260420_125900,glm-5.1,source_faithfulness,4
question_8,benchmarking-qwen122b-off-multi-20260420_125900,glm-5.1,relevance,5
question_8,benchmarking-qwen122b-off-multi-20260420_125900,glm-5.1,completeness,5
question_8,benchmarking-qwen122b-off-multi-20260420_125900,glm-5.1,specificity,2
question_8,benchmarking-qwen122b-off-multi-20260420_125900,glm-5.1,helpfulness,3
question_8,benchmarking-qwen122b-off-multi-20260420_125900,glm-5.1,source_faithfulness,1
question_9,benchmarking-qwen122b-off-multi-20260420_125900,glm-5.1,relevance,5
question_9,benchmarking-qwen122b-off-multi-20260420_125900,glm-5.1,completeness,5
question_9,benchmarking-qwen122b-off-multi-20260420_125900,glm-5.1,specificity,4
question_9,benchmarking-qwen122b-off-multi-20260420_125900,glm-5.1,helpfulness,5
question_9,benchmarking-qwen122b-off-multi-20260420_125900,glm-5.1,source_faithfulness,4
question_28,benchmarking-qwen122b-off-multi-20260420_125900,glm-5.1,relevance,5
question_28,benchmarking-qwen122b-off-multi-20260420_125900,glm-5.1,completeness,4
question_28,benchmarking-qwen122b-off-multi-20260420_125900,glm-5.1,specificity,3
question_28,benchmarking-qwen122b-off-multi-20260420_125900,glm-5.1,helpfulness,4
question_28,benchmarking-qwen122b-off-multi-20260420_125900,glm-5.1,source_faithfulness,3
question_10,benchmarking-qwen122b-off-multi-20260420_125900,glm-5.1,relevance,5
question_10,benchmarking-qwen122b-off-multi-20260420_125900,glm-5.1,completeness,5
question_10,benchmarking-qwen122b-off-multi-20260420_125900,glm-5.1,specificity,5
question_10,benchmarking-qwen122b-off-multi-20260420_125900,glm-5.1,helpfulness,5
question_10,benchmarking-qwen122b-off-multi-20260420_125900,glm-5.1,source_faithfulness,4
question_49,benchmarking-qwen122b-off-multi-20260420_125900,glm-5.1,relevance,5
question_49,benchmarking-qwen122b-off-multi-20260420_125900,glm-5.1,completeness,5
question_49,benchmarking-qwen122b-off-multi-20260420_125900,glm-5.1,specificity,3
question_49,benchmarking-qwen122b-off-multi-20260420_125900,glm-5.1,helpfulness,4
question_49,benchmarking-qwen122b-off-multi-20260420_125900,glm-5.1,source_faithfulness,3
question_50,benchmarking-qwen122b-off-multi-20260420_125900,glm-5.1,relevance,5
question_50,benchmarking-qwen122b-off-multi-20260420_125900,glm-5.1,completeness,4
question_50,benchmarking-qwen122b-off-multi-20260420_125900,glm-5.1,specificity,2
question_50,benchmarking-qwen122b-off-multi-20260420_125900,glm-5.1,helpfulness,2
question_50,benchmarking-qwen122b-off-multi-20260420_125900,glm-5.1,source_faithfulness,2
question_11,benchmarking-qwen122b-off-multi-20260420_125900,glm-5.1,relevance,5
question_11,benchmarking-qwen122b-off-multi-20260420_125900,glm-5.1,completeness,5
question_11,benchmarking-qwen122b-off-multi-20260420_125900,glm-5.1,specificity,4
question_11,benchmarking-qwen122b-off-multi-20260420_125900,glm-5.1,helpfulness,4
question_11,benchmarking-qwen122b-off-multi-20260420_125900,glm-5.1,source_faithfulness,3
question_29,benchmarking-qwen122b-off-multi-20260420_125900,glm-5.1,relevance,5
question_29,benchmarking-qwen122b-off-multi-20260420_125900,glm-5.1,completeness,5
question_29,benchmarking-qwen122b-off-multi-20260420_125900,glm-5.1,specificity,5
question_29,benchmarking-qwen122b-off-multi-20260420_125900,glm-5.1,helpfulness,5
question_29,benchmarking-qwen122b-off-multi-20260420_125900,glm-5.1,source_faithfulness,4
question_30,benchmarking-qwen122b-off-multi-20260420_125900,glm-5.1,relevance,5
question_30,benchmarking-qwen122b-off-multi-20260420_125900,glm-5.1,completeness,5
question_30,benchmarking-qwen122b-off-multi-20260420_125900,glm-5.1,specificity,5
question_30,benchmarking-qwen122b-off-multi-20260420_125900,glm-5.1,helpfulness,5
question_30,benchmarking-qwen122b-off-multi-20260420_125900,glm-5.1,source_faithfulness,4
question_31,benchmarking-qwen122b-off-multi-20260420_125900,glm-5.1,relevance,5
question_31,benchmarking-qwen122b-off-multi-20260420_125900,glm-5.1,completeness,5
question_31,benchmarking-qwen122b-off-multi-20260420_125900,glm-5.1,specificity,5
question_31,benchmarking-qwen122b-off-multi-20260420_125900,glm-5.1,helpfulness,5
question_31,benchmarking-qwen122b-off-multi-20260420_125900,glm-5.1,source_faithfulness,5
question_12,benchmarking-qwen122b-off-multi-20260420_125900,glm-5.1,relevance,5
question_12,benchmarking-qwen122b-off-multi-20260420_125900,glm-5.1,completeness,5
question_12,benchmarking-qwen122b-off-multi-20260420_125900,glm-5.1,specificity,3
question_12,benchmarking-qwen122b-off-multi-20260420_125900,glm-5.1,helpfulness,4
question_12,benchmarking-qwen122b-off-multi-20260420_125900,glm-5.1,source_faithfulness,3
question_32,benchmarking-qwen122b-off-multi-20260420_125900,glm-5.1,relevance,4
question_32,benchmarking-qwen122b-off-multi-20260420_125900,glm-5.1,completeness,3
question_32,benchmarking-qwen122b-off-multi-20260420_125900,glm-5.1,specificity,3
question_32,benchmarking-qwen122b-off-multi-20260420_125900,glm-5.1,helpfulness,3
question_32,benchmarking-qwen122b-off-multi-20260420_125900,glm-5.1,source_faithfulness,2
question_13,benchmarking-qwen122b-off-multi-20260420_125900,glm-5.1,relevance,5
question_13,benchmarking-qwen122b-off-multi-20260420_125900,glm-5.1,completeness,5
question_13,benchmarking-qwen122b-off-multi-20260420_125900,glm-5.1,specificity,4
question_13,benchmarking-qwen122b-off-multi-20260420_125900,glm-5.1,helpfulness,5
question_43,benchmarking-qwen122b-off-multi-20260420_125900,glm-5.1,relevance,5
question_43,benchmarking-qwen122b-off-multi-20260420_125900,glm-5.1,completeness,5
question_43,benchmarking-qwen122b-off-multi-20260420_125900,glm-5.1,specificity,3
question_43,benchmarking-qwen122b-off-multi-20260420_125900,glm-5.1,helpfulness,4
question_43,benchmarking-qwen122b-off-multi-20260420_125900,glm-5.1,source_faithfulness,2
question_14,benchmarking-qwen122b-off-multi-20260420_125900,glm-5.1,relevance,5
question_14,benchmarking-qwen122b-off-multi-20260420_125900,glm-5.1,completeness,4
question_14,benchmarking-qwen122b-off-multi-20260420_125900,glm-5.1,specificity,3
question_14,benchmarking-qwen122b-off-multi-20260420_125900,glm-5.1,helpfulness,3
question_33,benchmarking-qwen122b-off-multi-20260420_125900,glm-5.1,relevance,5
question_33,benchmarking-qwen122b-off-multi-20260420_125900,glm-5.1,completeness,5
question_33,benchmarking-qwen122b-off-multi-20260420_125900,glm-5.1,specificity,5
question_33,benchmarking-qwen122b-off-multi-20260420_125900,glm-5.1,helpfulness,5
question_33,benchmarking-qwen122b-off-multi-20260420_125900,glm-5.1,source_faithfulness,4
question_2,benchmarking-qwen122b-off-multi-20260420_125900,glm-5.1,relevance,5
question_2,benchmarking-qwen122b-off-multi-20260420_125900,glm-5.1,completeness,5
question_2,benchmarking-qwen122b-off-multi-20260420_125900,glm-5.1,specificity,5
question_2,benchmarking-qwen122b-off-multi-20260420_125900,glm-5.1,helpfulness,5
question_2,benchmarking-qwen122b-off-multi-20260420_125900,glm-5.1,source_faithfulness,4
question_34,benchmarking-qwen122b-off-multi-20260420_125900,glm-5.1,relevance,5
question_34,benchmarking-qwen122b-off-multi-20260420_125900,glm-5.1,completeness,5
question_34,benchmarking-qwen122b-off-multi-20260420_125900,glm-5.1,specificity,5
question_34,benchmarking-qwen122b-off-multi-20260420_125900,glm-5.1,helpfulness,5
question_34,benchmarking-qwen122b-off-multi-20260420_125900,glm-5.1,source_faithfulness,4
question_15,benchmarking-qwen122b-off-multi-20260420_125900,glm-5.1,relevance,5
question_15,benchmarking-qwen122b-off-multi-20260420_125900,glm-5.1,completeness,5
question_15,benchmarking-qwen122b-off-multi-20260420_125900,glm-5.1,specificity,5
question_15,benchmarking-qwen122b-off-multi-20260420_125900,glm-5.1,helpfulness,5
question_15,benchmarking-qwen122b-off-multi-20260420_125900,glm-5.1,source_faithfulness,5
question_44,benchmarking-qwen122b-off-multi-20260420_125900,glm-5.1,relevance,5
question_44,benchmarking-qwen122b-off-multi-20260420_125900,glm-5.1,completeness,5
question_44,benchmarking-qwen122b-off-multi-20260420_125900,glm-5.1,specificity,5
question_44,benchmarking-qwen122b-off-multi-20260420_125900,glm-5.1,helpfulness,5
question_44,benchmarking-qwen122b-off-multi-20260420_125900,glm-5.1,source_faithfulness,5
question_51,benchmarking-qwen122b-off-multi-20260420_125900,glm-5.1,relevance,5
question_51,benchmarking-qwen122b-off-multi-20260420_125900,glm-5.1,completeness,5
question_51,benchmarking-qwen122b-off-multi-20260420_125900,glm-5.1,specificity,5
question_51,benchmarking-qwen122b-off-multi-20260420_125900,glm-5.1,helpfulness,5
question_51,benchmarking-qwen122b-off-multi-20260420_125900,glm-5.1,source_faithfulness,5
question_16,benchmarking-qwen122b-off-multi-20260420_125900,glm-5.1,relevance,5
question_16,benchmarking-qwen122b-off-multi-20260420_125900,glm-5.1,completeness,5
question_16,benchmarking-qwen122b-off-multi-20260420_125900,glm-5.1,specificity,5
question_16,benchmarking-qwen122b-off-multi-20260420_125900,glm-5.1,helpfulness,5
question_17,benchmarking-qwen122b-off-multi-20260420_125900,glm-5.1,relevance,5
question_17,benchmarking-qwen122b-off-multi-20260420_125900,glm-5.1,completeness,5
question_17,benchmarking-qwen122b-off-multi-20260420_125900,glm-5.1,specificity,5
question_17,benchmarking-qwen122b-off-multi-20260420_125900,glm-5.1,helpfulness,5
question_17,benchmarking-qwen122b-off-multi-20260420_125900,glm-5.1,source_faithfulness,5
question_52,benchmarking-qwen122b-off-multi-20260420_125900,glm-5.1,relevance,5
question_52,benchmarking-qwen122b-off-multi-20260420_125900,glm-5.1,completeness,5
question_52,benchmarking-qwen122b-off-multi-20260420_125900,glm-5.1,specificity,5
question_52,benchmarking-qwen122b-off-multi-20260420_125900,glm-5.1,helpfulness,5
question_52,benchmarking-qwen122b-off-multi-20260420_125900,glm-5.1,source_faithfulness,5
question_53,benchmarking-qwen122b-off-multi-20260420_125900,glm-5.1,relevance,5
question_53,benchmarking-qwen122b-off-multi-20260420_125900,glm-5.1,completeness,5
question_53,benchmarking-qwen122b-off-multi-20260420_125900,glm-5.1,specificity,5
question_53,benchmarking-qwen122b-off-multi-20260420_125900,glm-5.1,helpfulness,5
question_53,benchmarking-qwen122b-off-multi-20260420_125900,glm-5.1,source_faithfulness,5
question_35,benchmarking-qwen122b-off-multi-20260420_125900,glm-5.1,relevance,5
question_35,benchmarking-qwen122b-off-multi-20260420_125900,glm-5.1,completeness,5
question_35,benchmarking-qwen122b-off-multi-20260420_125900,glm-5.1,specificity,5
question_35,benchmarking-qwen122b-off-multi-20260420_125900,glm-5.1,helpfulness,5
question_35,benchmarking-qwen122b-off-multi-20260420_125900,glm-5.1,source_faithfulness,5
question_36,benchmarking-qwen122b-off-multi-20260420_125900,glm-5.1,relevance,5
question_36,benchmarking-qwen122b-off-multi-20260420_125900,glm-5.1,completeness,5
question_36,benchmarking-qwen122b-off-multi-20260420_125900,glm-5.1,specificity,5
question_36,benchmarking-qwen122b-off-multi-20260420_125900,glm-5.1,helpfulness,5
question_36,benchmarking-qwen122b-off-multi-20260420_125900,glm-5.1,source_faithfulness,4
question_3,benchmarking-qwen122b-off-multi-20260420_125900,glm-5.1,relevance,5
question_3,benchmarking-qwen122b-off-multi-20260420_125900,glm-5.1,completeness,5
question_3,benchmarking-qwen122b-off-multi-20260420_125900,glm-5.1,specificity,5
question_3,benchmarking-qwen122b-off-multi-20260420_125900,glm-5.1,helpfulness,5
question_3,benchmarking-qwen122b-off-multi-20260420_125900,glm-5.1,source_faithfulness,4
question_45,benchmarking-qwen122b-off-multi-20260420_125900,glm-5.1,relevance,5
question_45,benchmarking-qwen122b-off-multi-20260420_125900,glm-5.1,completeness,5
question_45,benchmarking-qwen122b-off-multi-20260420_125900,glm-5.1,specificity,4
question_45,benchmarking-qwen122b-off-multi-20260420_125900,glm-5.1,helpfulness,5
question_45,benchmarking-qwen122b-off-multi-20260420_125900,glm-5.1,source_faithfulness,4
question_37,benchmarking-qwen122b-off-multi-20260420_125900,glm-5.1,relevance,5
question_37,benchmarking-qwen122b-off-multi-20260420_125900,glm-5.1,completeness,5
question_37,benchmarking-qwen122b-off-multi-20260420_125900,glm-5.1,specificity,4
question_37,benchmarking-qwen122b-off-multi-20260420_125900,glm-5.1,helpfulness,5
question_37,benchmarking-qwen122b-off-multi-20260420_125900,glm-5.1,source_faithfulness,4
question_18,benchmarking-qwen122b-off-multi-20260420_125900,glm-5.1,relevance,5
question_18,benchmarking-qwen122b-off-multi-20260420_125900,glm-5.1,completeness,5
question_18,benchmarking-qwen122b-off-multi-20260420_125900,glm-5.1,specificity,5
question_18,benchmarking-qwen122b-off-multi-20260420_125900,glm-5.1,helpfulness,5
question_18,benchmarking-qwen122b-off-multi-20260420_125900,glm-5.1,source_faithfulness,4
question_19,benchmarking-qwen122b-off-multi-20260420_125900,glm-5.1,relevance,5
question_19,benchmarking-qwen122b-off-multi-20260420_125900,glm-5.1,completeness,5
question_19,benchmarking-qwen122b-off-multi-20260420_125900,glm-5.1,specificity,5
question_19,benchmarking-qwen122b-off-multi-20260420_125900,glm-5.1,helpfulness,5
question_19,benchmarking-qwen122b-off-multi-20260420_125900,glm-5.1,source_faithfulness,4
question_20,benchmarking-qwen122b-off-multi-20260420_125900,glm-5.1,relevance,3
question_20,benchmarking-qwen122b-off-multi-20260420_125900,glm-5.1,completeness,2
question_20,benchmarking-qwen122b-off-multi-20260420_125900,glm-5.1,specificity,3
question_20,benchmarking-qwen122b-off-multi-20260420_125900,glm-5.1,helpfulness,2
question_20,benchmarking-qwen122b-off-multi-20260420_125900,glm-5.1,source_faithfulness,2
question_38,benchmarking-qwen122b-off-multi-20260420_125900,glm-5.1,relevance,5
question_38,benchmarking-qwen122b-off-multi-20260420_125900,glm-5.1,completeness,5
question_38,benchmarking-qwen122b-off-multi-20260420_125900,glm-5.1,specificity,4
question_38,benchmarking-qwen122b-off-multi-20260420_125900,glm-5.1,helpfulness,5
question_38,benchmarking-qwen122b-off-multi-20260420_125900,glm-5.1,source_faithfulness,4
question_21,benchmarking-qwen122b-off-multi-20260420_125900,glm-5.1,relevance,4
question_21,benchmarking-qwen122b-off-multi-20260420_125900,glm-5.1,completeness,5
question_21,benchmarking-qwen122b-off-multi-20260420_125900,glm-5.1,specificity,4
question_21,benchmarking-qwen122b-off-multi-20260420_125900,glm-5.1,helpfulness,5
question_21,benchmarking-qwen122b-off-multi-20260420_125900,glm-5.1,source_faithfulness,3
question_22,benchmarking-qwen122b-off-multi-20260420_125900,glm-5.1,relevance,5
question_22,benchmarking-qwen122b-off-multi-20260420_125900,glm-5.1,completeness,5
question_22,benchmarking-qwen122b-off-multi-20260420_125900,glm-5.1,specificity,4
question_22,benchmarking-qwen122b-off-multi-20260420_125900,glm-5.1,helpfulness,5
question_22,benchmarking-qwen122b-off-multi-20260420_125900,glm-5.1,source_faithfulness,4
question_1,benchmarking-qwen122b-on-bare-llm-20260419_183443,glm-5.1,relevance,3
question_1,benchmarking-qwen122b-on-bare-llm-20260419_183443,glm-5.1,completeness,2
question_1,benchmarking-qwen122b-on-bare-llm-20260419_183443,glm-5.1,specificity,2
question_1,benchmarking-qwen122b-on-bare-llm-20260419_183443,glm-5.1,helpfulness,2
question_23,benchmarking-qwen122b-on-bare-llm-20260419_183443,glm-5.1,relevance,3
question_23,benchmarking-qwen122b-on-bare-llm-20260419_183443,glm-5.1,completeness,3
question_23,benchmarking-qwen122b-on-bare-llm-20260419_183443,glm-5.1,specificity,2
question_23,benchmarking-qwen122b-on-bare-llm-20260419_183443,glm-5.1,helpfulness,2
question_39,benchmarking-qwen122b-on-bare-llm-20260419_183443,glm-5.1,relevance,4
question_39,benchmarking-qwen122b-on-bare-llm-20260419_183443,glm-5.1,completeness,3
question_39,benchmarking-qwen122b-on-bare-llm-20260419_183443,glm-5.1,specificity,2
question_39,benchmarking-qwen122b-on-bare-llm-20260419_183443,glm-5.1,helpfulness,3
question_24,benchmarking-qwen122b-on-bare-llm-20260419_183443,glm-5.1,relevance,2
question_24,benchmarking-qwen122b-on-bare-llm-20260419_183443,glm-5.1,completeness,1
question_24,benchmarking-qwen122b-on-bare-llm-20260419_183443,glm-5.1,specificity,1
question_24,benchmarking-qwen122b-on-bare-llm-20260419_183443,glm-5.1,helpfulness,1
question_25,benchmarking-qwen122b-on-bare-llm-20260419_183443,glm-5.1,relevance,2
question_25,benchmarking-qwen122b-on-bare-llm-20260419_183443,glm-5.1,completeness,1
question_25,benchmarking-qwen122b-on-bare-llm-20260419_183443,glm-5.1,specificity,2
question_25,benchmarking-qwen122b-on-bare-llm-20260419_183443,glm-5.1,helpfulness,1
question_26,benchmarking-qwen122b-on-bare-llm-20260419_183443,glm-5.1,relevance,5
question_26,benchmarking-qwen122b-on-bare-llm-20260419_183443,glm-5.1,completeness,5
question_26,benchmarking-qwen122b-on-bare-llm-20260419_183443,glm-5.1,specificity,3
question_26,benchmarking-qwen122b-on-bare-llm-20260419_183443,glm-5.1,helpfulness,4
question_47,benchmarking-qwen122b-on-bare-llm-20260419_183443,glm-5.1,relevance,4
question_47,benchmarking-qwen122b-on-bare-llm-20260419_183443,glm-5.1,completeness,2
question_47,benchmarking-qwen122b-on-bare-llm-20260419_183443,glm-5.1,specificity,2
question_47,benchmarking-qwen122b-on-bare-llm-20260419_183443,glm-5.1,helpfulness,2
question_27,benchmarking-qwen122b-on-bare-llm-20260419_183443,glm-5.1,relevance,1
question_27,benchmarking-qwen122b-on-bare-llm-20260419_183443,glm-5.1,completeness,1
question_27,benchmarking-qwen122b-on-bare-llm-20260419_183443,glm-5.1,specificity,1
question_27,benchmarking-qwen122b-on-bare-llm-20260419_183443,glm-5.1,helpfulness,1
question_48,benchmarking-qwen122b-on-bare-llm-20260419_183443,glm-5.1,relevance,2
question_48,benchmarking-qwen122b-on-bare-llm-20260419_183443,glm-5.1,completeness,2
question_48,benchmarking-qwen122b-on-bare-llm-20260419_183443,glm-5.1,specificity,2
question_48,benchmarking-qwen122b-on-bare-llm-20260419_183443,glm-5.1,helpfulness,2
question_42,benchmarking-qwen122b-on-bare-llm-20260419_183443,glm-5.1,relevance,2
question_42,benchmarking-qwen122b-on-bare-llm-20260419_183443,glm-5.1,completeness,2
question_42,benchmarking-qwen122b-on-bare-llm-20260419_183443,glm-5.1,specificity,2
question_42,benchmarking-qwen122b-on-bare-llm-20260419_183443,glm-5.1,helpfulness,2
question_4,benchmarking-qwen122b-on-bare-llm-20260419_183443,glm-5.1,relevance,4
question_4,benchmarking-qwen122b-on-bare-llm-20260419_183443,glm-5.1,completeness,3
question_4,benchmarking-qwen122b-on-bare-llm-20260419_183443,glm-5.1,specificity,3
question_4,benchmarking-qwen122b-on-bare-llm-20260419_183443,glm-5.1,helpfulness,3
question_6,benchmarking-qwen122b-on-bare-llm-20260419_183443,glm-5.1,relevance,3
question_6,benchmarking-qwen122b-on-bare-llm-20260419_183443,glm-5.1,completeness,1
question_6,benchmarking-qwen122b-on-bare-llm-20260419_183443,glm-5.1,specificity,2
question_6,benchmarking-qwen122b-on-bare-llm-20260419_183443,glm-5.1,helpfulness,2
question_7,benchmarking-qwen122b-on-bare-llm-20260419_183443,glm-5.1,relevance,5
question_7,benchmarking-qwen122b-on-bare-llm-20260419_183443,glm-5.1,completeness,5
question_7,benchmarking-qwen122b-on-bare-llm-20260419_183443,glm-5.1,specificity,5
question_7,benchmarking-qwen122b-on-bare-llm-20260419_183443,glm-5.1,helpfulness,5
question_5,benchmarking-qwen122b-on-bare-llm-20260419_183443,glm-5.1,relevance,4
question_5,benchmarking-qwen122b-on-bare-llm-20260419_183443,glm-5.1,completeness,2
question_5,benchmarking-qwen122b-on-bare-llm-20260419_183443,glm-5.1,specificity,3
question_5,benchmarking-qwen122b-on-bare-llm-20260419_183443,glm-5.1,helpfulness,3
question_8,benchmarking-qwen122b-on-bare-llm-20260419_183443,glm-5.1,relevance,4
question_8,benchmarking-qwen122b-on-bare-llm-20260419_183443,glm-5.1,completeness,2
question_8,benchmarking-qwen122b-on-bare-llm-20260419_183443,glm-5.1,specificity,2
question_8,benchmarking-qwen122b-on-bare-llm-20260419_183443,glm-5.1,helpfulness,2
question_9,benchmarking-qwen122b-on-bare-llm-20260419_183443,glm-5.1,relevance,4
question_9,benchmarking-qwen122b-on-bare-llm-20260419_183443,glm-5.1,completeness,3
question_9,benchmarking-qwen122b-on-bare-llm-20260419_183443,glm-5.1,specificity,3
question_9,benchmarking-qwen122b-on-bare-llm-20260419_183443,glm-5.1,helpfulness,3
question_28,benchmarking-qwen122b-on-bare-llm-20260419_183443,glm-5.1,relevance,2
question_28,benchmarking-qwen122b-on-bare-llm-20260419_183443,glm-5.1,completeness,2
question_28,benchmarking-qwen122b-on-bare-llm-20260419_183443,glm-5.1,specificity,2
question_28,benchmarking-qwen122b-on-bare-llm-20260419_183443,glm-5.1,helpfulness,2
question_10,benchmarking-qwen122b-on-bare-llm-20260419_183443,glm-5.1,relevance,2
question_10,benchmarking-qwen122b-on-bare-llm-20260419_183443,glm-5.1,completeness,1
question_10,benchmarking-qwen122b-on-bare-llm-20260419_183443,glm-5.1,specificity,2
question_10,benchmarking-qwen122b-on-bare-llm-20260419_183443,glm-5.1,helpfulness,2
question_49,benchmarking-qwen122b-on-bare-llm-20260419_183443,glm-5.1,relevance,5
question_49,benchmarking-qwen122b-on-bare-llm-20260419_183443,glm-5.1,completeness,4
question_49,benchmarking-qwen122b-on-bare-llm-20260419_183443,glm-5.1,specificity,4
question_49,benchmarking-qwen122b-on-bare-llm-20260419_183443,glm-5.1,helpfulness,4
question_11,benchmarking-qwen122b-on-bare-llm-20260419_183443,glm-5.1,relevance,2
question_11,benchmarking-qwen122b-on-bare-llm-20260419_183443,glm-5.1,completeness,1
question_11,benchmarking-qwen122b-on-bare-llm-20260419_183443,glm-5.1,specificity,1
question_11,benchmarking-qwen122b-on-bare-llm-20260419_183443,glm-5.1,helpfulness,1
question_29,benchmarking-qwen122b-on-bare-llm-20260419_183443,glm-5.1,relevance,4
question_29,benchmarking-qwen122b-on-bare-llm-20260419_183443,glm-5.1,completeness,2
question_29,benchmarking-qwen122b-on-bare-llm-20260419_183443,glm-5.1,specificity,2
question_29,benchmarking-qwen122b-on-bare-llm-20260419_183443,glm-5.1,helpfulness,2
question_31,benchmarking-qwen122b-on-bare-llm-20260419_183443,glm-5.1,relevance,5
question_31,benchmarking-qwen122b-on-bare-llm-20260419_183443,glm-5.1,completeness,5
question_31,benchmarking-qwen122b-on-bare-llm-20260419_183443,glm-5.1,specificity,3
question_31,benchmarking-qwen122b-on-bare-llm-20260419_183443,glm-5.1,helpfulness,4
question_12,benchmarking-qwen122b-on-bare-llm-20260419_183443,glm-5.1,relevance,4
question_12,benchmarking-qwen122b-on-bare-llm-20260419_183443,glm-5.1,completeness,4
question_12,benchmarking-qwen122b-on-bare-llm-20260419_183443,glm-5.1,specificity,2
question_12,benchmarking-qwen122b-on-bare-llm-20260419_183443,glm-5.1,helpfulness,2
question_43,benchmarking-qwen122b-on-bare-llm-20260419_183443,glm-5.1,relevance,4
question_43,benchmarking-qwen122b-on-bare-llm-20260419_183443,glm-5.1,completeness,3
question_43,benchmarking-qwen122b-on-bare-llm-20260419_183443,glm-5.1,specificity,2
question_43,benchmarking-qwen122b-on-bare-llm-20260419_183443,glm-5.1,helpfulness,3
question_33,benchmarking-qwen122b-on-bare-llm-20260419_183443,glm-5.1,relevance,2
question_33,benchmarking-qwen122b-on-bare-llm-20260419_183443,glm-5.1,completeness,2
question_33,benchmarking-qwen122b-on-bare-llm-20260419_183443,glm-5.1,specificity,2
question_33,benchmarking-qwen122b-on-bare-llm-20260419_183443,glm-5.1,helpfulness,2
question_2,benchmarking-qwen122b-on-bare-llm-20260419_183443,glm-5.1,relevance,4
question_2,benchmarking-qwen122b-on-bare-llm-20260419_183443,glm-5.1,completeness,2
question_2,benchmarking-qwen122b-on-bare-llm-20260419_183443,glm-5.1,specificity,2
question_2,benchmarking-qwen122b-on-bare-llm-20260419_183443,glm-5.1,helpfulness,3
question_34,benchmarking-qwen122b-on-bare-llm-20260419_183443,glm-5.1,relevance,5
question_34,benchmarking-qwen122b-on-bare-llm-20260419_183443,glm-5.1,completeness,5
question_34,benchmarking-qwen122b-on-bare-llm-20260419_183443,glm-5.1,specificity,4
question_34,benchmarking-qwen122b-on-bare-llm-20260419_183443,glm-5.1,helpfulness,4
question_15,benchmarking-qwen122b-on-bare-llm-20260419_183443,glm-5.1,relevance,5
question_15,benchmarking-qwen122b-on-bare-llm-20260419_183443,glm-5.1,completeness,5
question_15,benchmarking-qwen122b-on-bare-llm-20260419_183443,glm-5.1,specificity,5
question_15,benchmarking-qwen122b-on-bare-llm-20260419_183443,glm-5.1,helpfulness,5
question_44,benchmarking-qwen122b-on-bare-llm-20260419_183443,glm-5.1,relevance,4
question_44,benchmarking-qwen122b-on-bare-llm-20260419_183443,glm-5.1,completeness,3
question_44,benchmarking-qwen122b-on-bare-llm-20260419_183443,glm-5.1,specificity,2
question_44,benchmarking-qwen122b-on-bare-llm-20260419_183443,glm-5.1,helpfulness,2
question_51,benchmarking-qwen122b-on-bare-llm-20260419_183443,glm-5.1,relevance,5
question_51,benchmarking-qwen122b-on-bare-llm-20260419_183443,glm-5.1,completeness,5
question_51,benchmarking-qwen122b-on-bare-llm-20260419_183443,glm-5.1,specificity,2
question_51,benchmarking-qwen122b-on-bare-llm-20260419_183443,glm-5.1,helpfulness,3
question_16,benchmarking-qwen122b-on-bare-llm-20260419_183443,glm-5.1,relevance,5
question_16,benchmarking-qwen122b-on-bare-llm-20260419_183443,glm-5.1,completeness,5
question_16,benchmarking-qwen122b-on-bare-llm-20260419_183443,glm-5.1,specificity,5
question_16,benchmarking-qwen122b-on-bare-llm-20260419_183443,glm-5.1,helpfulness,5
question_17,benchmarking-qwen122b-on-bare-llm-20260419_183443,glm-5.1,relevance,5
question_17,benchmarking-qwen122b-on-bare-llm-20260419_183443,glm-5.1,completeness,4
question_17,benchmarking-qwen122b-on-bare-llm-20260419_183443,glm-5.1,specificity,4
question_17,benchmarking-qwen122b-on-bare-llm-20260419_183443,glm-5.1,helpfulness,4
question_52,benchmarking-qwen122b-on-bare-llm-20260419_183443,glm-5.1,relevance,3
question_52,benchmarking-qwen122b-on-bare-llm-20260419_183443,glm-5.1,completeness,2
question_52,benchmarking-qwen122b-on-bare-llm-20260419_183443,glm-5.1,specificity,2
question_52,benchmarking-qwen122b-on-bare-llm-20260419_183443,glm-5.1,helpfulness,2
question_35,benchmarking-qwen122b-on-bare-llm-20260419_183443,glm-5.1,relevance,5
question_35,benchmarking-qwen122b-on-bare-llm-20260419_183443,glm-5.1,completeness,5
question_35,benchmarking-qwen122b-on-bare-llm-20260419_183443,glm-5.1,specificity,5
question_35,benchmarking-qwen122b-on-bare-llm-20260419_183443,glm-5.1,helpfulness,5
question_3,benchmarking-qwen122b-on-bare-llm-20260419_183443,glm-5.1,relevance,5
question_3,benchmarking-qwen122b-on-bare-llm-20260419_183443,glm-5.1,completeness,4
question_3,benchmarking-qwen122b-on-bare-llm-20260419_183443,glm-5.1,specificity,3
question_3,benchmarking-qwen122b-on-bare-llm-20260419_183443,glm-5.1,helpfulness,4
question_45,benchmarking-qwen122b-on-bare-llm-20260419_183443,glm-5.1,relevance,5
question_45,benchmarking-qwen122b-on-bare-llm-20260419_183443,glm-5.1,completeness,5
question_45,benchmarking-qwen122b-on-bare-llm-20260419_183443,glm-5.1,specificity,4
question_45,benchmarking-qwen122b-on-bare-llm-20260419_183443,glm-5.1,helpfulness,5
question_18,benchmarking-qwen122b-on-bare-llm-20260419_183443,glm-5.1,relevance,5
question_18,benchmarking-qwen122b-on-bare-llm-20260419_183443,glm-5.1,completeness,5
question_18,benchmarking-qwen122b-on-bare-llm-20260419_183443,glm-5.1,specificity,5
question_18,benchmarking-qwen122b-on-bare-llm-20260419_183443,glm-5.1,helpfulness,5
question_19,benchmarking-qwen122b-on-bare-llm-20260419_183443,glm-5.1,relevance,5
question_19,benchmarking-qwen122b-on-bare-llm-20260419_183443,glm-5.1,completeness,5
question_19,benchmarking-qwen122b-on-bare-llm-20260419_183443,glm-5.1,specificity,5
question_19,benchmarking-qwen122b-on-bare-llm-20260419_183443,glm-5.1,helpfulness,5
question_20,benchmarking-qwen122b-on-bare-llm-20260419_183443,glm-5.1,relevance,4
question_20,benchmarking-qwen122b-on-bare-llm-20260419_183443,glm-5.1,completeness,3
question_20,benchmarking-qwen122b-on-bare-llm-20260419_183443,glm-5.1,specificity,2
question_20,benchmarking-qwen122b-on-bare-llm-20260419_183443,glm-5.1,helpfulness,3
question_38,benchmarking-qwen122b-on-bare-llm-20260419_183443,glm-5.1,relevance,3
question_38,benchmarking-qwen122b-on-bare-llm-20260419_183443,glm-5.1,completeness,2
question_38,benchmarking-qwen122b-on-bare-llm-20260419_183443,glm-5.1,specificity,2
question_38,benchmarking-qwen122b-on-bare-llm-20260419_183443,glm-5.1,helpfulness,2
question_21,benchmarking-qwen122b-on-bare-llm-20260419_183443,glm-5.1,relevance,5
question_21,benchmarking-qwen122b-on-bare-llm-20260419_183443,glm-5.1,completeness,5
question_21,benchmarking-qwen122b-on-bare-llm-20260419_183443,glm-5.1,specificity,5
question_21,benchmarking-qwen122b-on-bare-llm-20260419_183443,glm-5.1,helpfulness,5
question_22,benchmarking-qwen122b-on-bare-llm-20260419_183443,glm-5.1,relevance,2
question_22,benchmarking-qwen122b-on-bare-llm-20260419_183443,glm-5.1,completeness,2
question_22,benchmarking-qwen122b-on-bare-llm-20260419_183443,glm-5.1,specificity,2
question_22,benchmarking-qwen122b-on-bare-llm-20260419_183443,glm-5.1,helpfulness,1
question_46,benchmarking-qwen122b-on-multi-20260419_133538,glm-5.1,relevance,5
question_46,benchmarking-qwen122b-on-multi-20260419_133538,glm-5.1,completeness,5
question_46,benchmarking-qwen122b-on-multi-20260419_133538,glm-5.1,specificity,5
question_46,benchmarking-qwen122b-on-multi-20260419_133538,glm-5.1,helpfulness,5
question_46,benchmarking-qwen122b-on-multi-20260419_133538,glm-5.1,source_faithfulness,5
question_1,benchmarking-qwen122b-on-multi-20260419_133538,glm-5.1,relevance,4
question_1,benchmarking-qwen122b-on-multi-20260419_133538,glm-5.1,completeness,3
question_1,benchmarking-qwen122b-on-multi-20260419_133538,glm-5.1,specificity,2
question_1,benchmarking-qwen122b-on-multi-20260419_133538,glm-5.1,helpfulness,3
question_1,benchmarking-qwen122b-on-multi-20260419_133538,glm-5.1,source_faithfulness,2
question_23,benchmarking-qwen122b-on-multi-20260419_133538,glm-5.1,relevance,5
question_23,benchmarking-qwen122b-on-multi-20260419_133538,glm-5.1,completeness,5
question_23,benchmarking-qwen122b-on-multi-20260419_133538,glm-5.1,specificity,4
question_23,benchmarking-qwen122b-on-multi-20260419_133538,glm-5.1,helpfulness,5
question_23,benchmarking-qwen122b-on-multi-20260419_133538,glm-5.1,source_faithfulness,3
question_39,benchmarking-qwen122b-on-multi-20260419_133538,glm-5.1,relevance,5
question_39,benchmarking-qwen122b-on-multi-20260419_133538,glm-5.1,completeness,5
question_39,benchmarking-qwen122b-on-multi-20260419_133538,glm-5.1,specificity,5
question_39,benchmarking-qwen122b-on-multi-20260419_133538,glm-5.1,helpfulness,5
question_39,benchmarking-qwen122b-on-multi-20260419_133538,glm-5.1,source_faithfulness,5
question_24,benchmarking-qwen122b-on-multi-20260419_133538,glm-5.1,relevance,5
question_24,benchmarking-qwen122b-on-multi-20260419_133538,glm-5.1,completeness,4
question_24,benchmarking-qwen122b-on-multi-20260419_133538,glm-5.1,specificity,5
question_24,benchmarking-qwen122b-on-multi-20260419_133538,glm-5.1,helpfulness,4
question_24,benchmarking-qwen122b-on-multi-20260419_133538,glm-5.1,source_faithfulness,4
question_25,benchmarking-qwen122b-on-multi-20260419_133538,glm-5.1,relevance,5
question_25,benchmarking-qwen122b-on-multi-20260419_133538,glm-5.1,completeness,5
question_25,benchmarking-qwen122b-on-multi-20260419_133538,glm-5.1,specificity,4
question_25,benchmarking-qwen122b-on-multi-20260419_133538,glm-5.1,helpfulness,5
question_25,benchmarking-qwen122b-on-multi-20260419_133538,glm-5.1,source_faithfulness,4
question_26,benchmarking-qwen122b-on-multi-20260419_133538,glm-5.1,relevance,4
question_26,benchmarking-qwen122b-on-multi-20260419_133538,glm-5.1,completeness,4
question_26,benchmarking-qwen122b-on-multi-20260419_133538,glm-5.1,specificity,3
question_26,benchmarking-qwen122b-on-multi-20260419_133538,glm-5.1,helpfulness,3
question_26,benchmarking-qwen122b-on-multi-20260419_133538,glm-5.1,source_faithfulness,3
question_47,benchmarking-qwen122b-on-multi-20260419_133538,glm-5.1,relevance,5
question_47,benchmarking-qwen122b-on-multi-20260419_133538,glm-5.1,completeness,5
question_47,benchmarking-qwen122b-on-multi-20260419_133538,glm-5.1,specificity,3
question_47,benchmarking-qwen122b-on-multi-20260419_133538,glm-5.1,helpfulness,4
question_47,benchmarking-qwen122b-on-multi-20260419_133538,glm-5.1,source_faithfulness,3
question_40,benchmarking-qwen122b-on-multi-20260419_133538,glm-5.1,relevance,5
question_40,benchmarking-qwen122b-on-multi-20260419_133538,glm-5.1,completeness,5
question_40,benchmarking-qwen122b-on-multi-20260419_133538,glm-5.1,specificity,3
question_40,benchmarking-qwen122b-on-multi-20260419_133538,glm-5.1,helpfulness,4
question_40,benchmarking-qwen122b-on-multi-20260419_133538,glm-5.1,source_faithfulness,3
question_27,benchmarking-qwen122b-on-multi-20260419_133538,glm-5.1,relevance,5
question_27,benchmarking-qwen122b-on-multi-20260419_133538,glm-5.1,completeness,5
question_27,benchmarking-qwen122b-on-multi-20260419_133538,glm-5.1,specificity,5
question_27,benchmarking-qwen122b-on-multi-20260419_133538,glm-5.1,helpfulness,5
question_27,benchmarking-qwen122b-on-multi-20260419_133538,glm-5.1,source_faithfulness,4
question_48,benchmarking-qwen122b-on-multi-20260419_133538,glm-5.1,relevance,5
question_48,benchmarking-qwen122b-on-multi-20260419_133538,glm-5.1,completeness,4
question_48,benchmarking-qwen122b-on-multi-20260419_133538,glm-5.1,specificity,4
question_48,benchmarking-qwen122b-on-multi-20260419_133538,glm-5.1,helpfulness,4
question_48,benchmarking-qwen122b-on-multi-20260419_133538,glm-5.1,source_faithfulness,5
question_41,benchmarking-qwen122b-on-multi-20260419_133538,glm-5.1,relevance,5
question_41,benchmarking-qwen122b-on-multi-20260419_133538,glm-5.1,completeness,4
question_41,benchmarking-qwen122b-on-multi-20260419_133538,glm-5.1,specificity,4
question_41,benchmarking-qwen122b-on-multi-20260419_133538,glm-5.1,helpfulness,4
question_41,benchmarking-qwen122b-on-multi-20260419_133538,glm-5.1,source_faithfulness,3
question_42,benchmarking-qwen122b-on-multi-20260419_133538,glm-5.1,relevance,5
question_42,benchmarking-qwen122b-on-multi-20260419_133538,glm-5.1,completeness,4
question_42,benchmarking-qwen122b-on-multi-20260419_133538,glm-5.1,specificity,3
question_42,benchmarking-qwen122b-on-multi-20260419_133538,glm-5.1,helpfulness,4
question_42,benchmarking-qwen122b-on-multi-20260419_133538,glm-5.1,source_faithfulness,4
question_4,benchmarking-qwen122b-on-multi-20260419_133538,glm-5.1,relevance,5
question_4,benchmarking-qwen122b-on-multi-20260419_133538,glm-5.1,completeness,5
question_4,benchmarking-qwen122b-on-multi-20260419_133538,glm-5.1,specificity,5
question_4,benchmarking-qwen122b-on-multi-20260419_133538,glm-5.1,helpfulness,5
question_4,benchmarking-qwen122b-on-multi-20260419_133538,glm-5.1,source_faithfulness,4
question_6,benchmarking-qwen122b-on-multi-20260419_133538,glm-5.1,relevance,5
question_6,benchmarking-qwen122b-on-multi-20260419_133538,glm-5.1,completeness,5
question_6,benchmarking-qwen122b-on-multi-20260419_133538,glm-5.1,specificity,2
question_6,benchmarking-qwen122b-on-multi-20260419_133538,glm-5.1,helpfulness,3
question_6,benchmarking-qwen122b-on-multi-20260419_133538,glm-5.1,source_faithfulness,2
question_7,benchmarking-qwen122b-on-multi-20260419_133538,glm-5.1,relevance,5
question_7,benchmarking-qwen122b-on-multi-20260419_133538,glm-5.1,completeness,5
question_7,benchmarking-qwen122b-on-multi-20260419_133538,glm-5.1,specificity,4
question_7,benchmarking-qwen122b-on-multi-20260419_133538,glm-5.1,helpfulness,5
question_7,benchmarking-qwen122b-on-multi-20260419_133538,glm-5.1,source_faithfulness,4
question_5,benchmarking-qwen122b-on-multi-20260419_133538,glm-5.1,relevance,5
question_5,benchmarking-qwen122b-on-multi-20260419_133538,glm-5.1,completeness,5
question_5,benchmarking-qwen122b-on-multi-20260419_133538,glm-5.1,specificity,5
question_5,benchmarking-qwen122b-on-multi-20260419_133538,glm-5.1,helpfulness,5
question_5,benchmarking-qwen122b-on-multi-20260419_133538,glm-5.1,source_faithfulness,5
question_8,benchmarking-qwen122b-on-multi-20260419_133538,glm-5.1,relevance,5
question_8,benchmarking-qwen122b-on-multi-20260419_133538,glm-5.1,completeness,4
question_8,benchmarking-qwen122b-on-multi-20260419_133538,glm-5.1,specificity,2
question_8,benchmarking-qwen122b-on-multi-20260419_133538,glm-5.1,helpfulness,2
question_8,benchmarking-qwen122b-on-multi-20260419_133538,glm-5.1,source_faithfulness,2
question_9,benchmarking-qwen122b-on-multi-20260419_133538,glm-5.1,relevance,4
question_9,benchmarking-qwen122b-on-multi-20260419_133538,glm-5.1,completeness,3
question_9,benchmarking-qwen122b-on-multi-20260419_133538,glm-5.1,specificity,4
question_9,benchmarking-qwen122b-on-multi-20260419_133538,glm-5.1,helpfulness,3
question_9,benchmarking-qwen122b-on-multi-20260419_133538,glm-5.1,source_faithfulness,3
question_28,benchmarking-qwen122b-on-multi-20260419_133538,glm-5.1,relevance,5
question_28,benchmarking-qwen122b-on-multi-20260419_133538,glm-5.1,completeness,4
question_28,benchmarking-qwen122b-on-multi-20260419_133538,glm-5.1,specificity,3
question_28,benchmarking-qwen122b-on-multi-20260419_133538,glm-5.1,helpfulness,4
question_28,benchmarking-qwen122b-on-multi-20260419_133538,glm-5.1,source_faithfulness,3
question_10,benchmarking-qwen122b-on-multi-20260419_133538,glm-5.1,relevance,5
question_10,benchmarking-qwen122b-on-multi-20260419_133538,glm-5.1,completeness,5
question_10,benchmarking-qwen122b-on-multi-20260419_133538,glm-5.1,specificity,4
question_10,benchmarking-qwen122b-on-multi-20260419_133538,glm-5.1,helpfulness,5
question_10,benchmarking-qwen122b-on-multi-20260419_133538,glm-5.1,source_faithfulness,3
question_49,benchmarking-qwen122b-on-multi-20260419_133538,glm-5.1,relevance,4
question_49,benchmarking-qwen122b-on-multi-20260419_133538,glm-5.1,completeness,3
question_49,benchmarking-qwen122b-on-multi-20260419_133538,glm-5.1,specificity,3
question_49,benchmarking-qwen122b-on-multi-20260419_133538,glm-5.1,helpfulness,3
question_49,benchmarking-qwen122b-on-multi-20260419_133538,glm-5.1,source_faithfulness,5
question_50,benchmarking-qwen122b-on-multi-20260419_133538,glm-5.1,relevance,5
question_50,benchmarking-qwen122b-on-multi-20260419_133538,glm-5.1,completeness,5
question_50,benchmarking-qwen122b-on-multi-20260419_133538,glm-5.1,specificity,2
question_50,benchmarking-qwen122b-on-multi-20260419_133538,glm-5.1,helpfulness,2
question_50,benchmarking-qwen122b-on-multi-20260419_133538,glm-5.1,source_faithfulness,1
question_11,benchmarking-qwen122b-on-multi-20260419_133538,glm-5.1,relevance,5
question_11,benchmarking-qwen122b-on-multi-20260419_133538,glm-5.1,completeness,5
question_11,benchmarking-qwen122b-on-multi-20260419_133538,glm-5.1,specificity,5
question_11,benchmarking-qwen122b-on-multi-20260419_133538,glm-5.1,helpfulness,5
question_11,benchmarking-qwen122b-on-multi-20260419_133538,glm-5.1,source_faithfulness,5
question_29,benchmarking-qwen122b-on-multi-20260419_133538,glm-5.1,relevance,5
question_29,benchmarking-qwen122b-on-multi-20260419_133538,glm-5.1,completeness,5
question_29,benchmarking-qwen122b-on-multi-20260419_133538,glm-5.1,specificity,5
question_29,benchmarking-qwen122b-on-multi-20260419_133538,glm-5.1,helpfulness,5
question_29,benchmarking-qwen122b-on-multi-20260419_133538,glm-5.1,source_faithfulness,4
question_30,benchmarking-qwen122b-on-multi-20260419_133538,glm-5.1,relevance,5
question_30,benchmarking-qwen122b-on-multi-20260419_133538,glm-5.1,completeness,5
question_30,benchmarking-qwen122b-on-multi-20260419_133538,glm-5.1,specificity,4
question_30,benchmarking-qwen122b-on-multi-20260419_133538,glm-5.1,helpfulness,5
question_30,benchmarking-qwen122b-on-multi-20260419_133538,glm-5.1,source_faithfulness,4
question_31,benchmarking-qwen122b-on-multi-20260419_133538,glm-5.1,relevance,5
question_31,benchmarking-qwen122b-on-multi-20260419_133538,glm-5.1,completeness,5
question_31,benchmarking-qwen122b-on-multi-20260419_133538,glm-5.1,specificity,5
question_31,benchmarking-qwen122b-on-multi-20260419_133538,glm-5.1,helpfulness,5
question_31,benchmarking-qwen122b-on-multi-20260419_133538,glm-5.1,source_faithfulness,4
question_12,benchmarking-qwen122b-on-multi-20260419_133538,glm-5.1,relevance,5
question_12,benchmarking-qwen122b-on-multi-20260419_133538,glm-5.1,completeness,4
question_12,benchmarking-qwen122b-on-multi-20260419_133538,glm-5.1,specificity,3
question_12,benchmarking-qwen122b-on-multi-20260419_133538,glm-5.1,helpfulness,5
question_12,benchmarking-qwen122b-on-multi-20260419_133538,glm-5.1,source_faithfulness,3
question_32,benchmarking-qwen122b-on-multi-20260419_133538,glm-5.1,relevance,5
question_32,benchmarking-qwen122b-on-multi-20260419_133538,glm-5.1,completeness,5
question_32,benchmarking-qwen122b-on-multi-20260419_133538,glm-5.1,specificity,5
question_32,benchmarking-qwen122b-on-multi-20260419_133538,glm-5.1,helpfulness,5
question_32,benchmarking-qwen122b-on-multi-20260419_133538,glm-5.1,source_faithfulness,5
question_13,benchmarking-qwen122b-on-multi-20260419_133538,glm-5.1,relevance,5
question_13,benchmarking-qwen122b-on-multi-20260419_133538,glm-5.1,completeness,3
question_13,benchmarking-qwen122b-on-multi-20260419_133538,glm-5.1,specificity,3
question_13,benchmarking-qwen122b-on-multi-20260419_133538,glm-5.1,helpfulness,3
question_43,benchmarking-qwen122b-on-multi-20260419_133538,glm-5.1,relevance,5
question_43,benchmarking-qwen122b-on-multi-20260419_133538,glm-5.1,completeness,5
question_43,benchmarking-qwen122b-on-multi-20260419_133538,glm-5.1,specificity,5
question_43,benchmarking-qwen122b-on-multi-20260419_133538,glm-5.1,helpfulness,5
question_43,benchmarking-qwen122b-on-multi-20260419_133538,glm-5.1,source_faithfulness,4
question_14,benchmarking-qwen122b-on-multi-20260419_133538,glm-5.1,relevance,3
question_14,benchmarking-qwen122b-on-multi-20260419_133538,glm-5.1,completeness,3
question_14,benchmarking-qwen122b-on-multi-20260419_133538,glm-5.1,specificity,2
question_14,benchmarking-qwen122b-on-multi-20260419_133538,glm-5.1,helpfulness,2
question_14,benchmarking-qwen122b-on-multi-20260419_133538,glm-5.1,source_faithfulness,2
question_33,benchmarking-qwen122b-on-multi-20260419_133538,glm-5.1,relevance,5
question_33,benchmarking-qwen122b-on-multi-20260419_133538,glm-5.1,completeness,5
question_33,benchmarking-qwen122b-on-multi-20260419_133538,glm-5.1,specificity,5
question_33,benchmarking-qwen122b-on-multi-20260419_133538,glm-5.1,helpfulness,5
question_33,benchmarking-qwen122b-on-multi-20260419_133538,glm-5.1,source_faithfulness,4
question_2,benchmarking-qwen122b-on-multi-20260419_133538,glm-5.1,relevance,5
question_2,benchmarking-qwen122b-on-multi-20260419_133538,glm-5.1,completeness,5
question_2,benchmarking-qwen122b-on-multi-20260419_133538,glm-5.1,specificity,4
question_2,benchmarking-qwen122b-on-multi-20260419_133538,glm-5.1,helpfulness,4
question_2,benchmarking-qwen122b-on-multi-20260419_133538,glm-5.1,source_faithfulness,3
question_34,benchmarking-qwen122b-on-multi-20260419_133538,glm-5.1,relevance,5
question_34,benchmarking-qwen122b-on-multi-20260419_133538,glm-5.1,completeness,5
question_34,benchmarking-qwen122b-on-multi-20260419_133538,glm-5.1,specificity,3
question_34,benchmarking-qwen122b-on-multi-20260419_133538,glm-5.1,helpfulness,4
question_34,benchmarking-qwen122b-on-multi-20260419_133538,glm-5.1,source_faithfulness,3
question_15,benchmarking-qwen122b-on-multi-20260419_133538,glm-5.1,relevance,5
question_15,benchmarking-qwen122b-on-multi-20260419_133538,glm-5.1,completeness,5
question_15,benchmarking-qwen122b-on-multi-20260419_133538,glm-5.1,specificity,5
question_15,benchmarking-qwen122b-on-multi-20260419_133538,glm-5.1,helpfulness,5
question_15,benchmarking-qwen122b-on-multi-20260419_133538,glm-5.1,source_faithfulness,4
question_44,benchmarking-qwen122b-on-multi-20260419_133538,glm-5.1,relevance,5
question_44,benchmarking-qwen122b-on-multi-20260419_133538,glm-5.1,completeness,5
question_44,benchmarking-qwen122b-on-multi-20260419_133538,glm-5.1,specificity,3
question_44,benchmarking-qwen122b-on-multi-20260419_133538,glm-5.1,helpfulness,4
question_44,benchmarking-qwen122b-on-multi-20260419_133538,glm-5.1,source_faithfulness,3
question_51,benchmarking-qwen122b-on-multi-20260419_133538,glm-5.1,completeness,5
question_51,benchmarking-qwen122b-on-multi-20260419_133538,glm-5.1,specificity,4
question_51,benchmarking-qwen122b-on-multi-20260419_133538,glm-5.1,helpfulness,5
question_51,benchmarking-qwen122b-on-multi-20260419_133538,glm-5.1,source_faithfulness,4
question_16,benchmarking-qwen122b-on-multi-20260419_133538,glm-5.1,relevance,5
question_16,benchmarking-qwen122b-on-multi-20260419_133538,glm-5.1,completeness,5
question_16,benchmarking-qwen122b-on-multi-20260419_133538,glm-5.1,specificity,4
question_16,benchmarking-qwen122b-on-multi-20260419_133538,glm-5.1,helpfulness,5
question_16,benchmarking-qwen122b-on-multi-20260419_133538,glm-5.1,source_faithfulness,3
question_17,benchmarking-qwen122b-on-multi-20260419_133538,glm-5.1,relevance,5
question_17,benchmarking-qwen122b-on-multi-20260419_133538,glm-5.1,completeness,5
question_17,benchmarking-qwen122b-on-multi-20260419_133538,glm-5.1,specificity,4
question_17,benchmarking-qwen122b-on-multi-20260419_133538,glm-5.1,helpfulness,5
question_17,benchmarking-qwen122b-on-multi-20260419_133538,glm-5.1,source_faithfulness,3
question_52,benchmarking-qwen122b-on-multi-20260419_133538,glm-5.1,relevance,5
question_52,benchmarking-qwen122b-on-multi-20260419_133538,glm-5.1,completeness,5
question_52,benchmarking-qwen122b-on-multi-20260419_133538,glm-5.1,specificity,3
question_52,benchmarking-qwen122b-on-multi-20260419_133538,glm-5.1,helpfulness,4
question_52,benchmarking-qwen122b-on-multi-20260419_133538,glm-5.1,source_faithfulness,3
question_53,benchmarking-qwen122b-on-multi-20260419_133538,glm-5.1,relevance,5
question_53,benchmarking-qwen122b-on-multi-20260419_133538,glm-5.1,completeness,5
question_53,benchmarking-qwen122b-on-multi-20260419_133538,glm-5.1,specificity,5
question_53,benchmarking-qwen122b-on-multi-20260419_133538,glm-5.1,helpfulness,5
question_53,benchmarking-qwen122b-on-multi-20260419_133538,glm-5.1,source_faithfulness,5
question_35,benchmarking-qwen122b-on-multi-20260419_133538,glm-5.1,relevance,5
question_35,benchmarking-qwen122b-on-multi-20260419_133538,glm-5.1,completeness,5
question_35,benchmarking-qwen122b-on-multi-20260419_133538,glm-5.1,specificity,5
question_35,benchmarking-qwen122b-on-multi-20260419_133538,glm-5.1,helpfulness,5
question_35,benchmarking-qwen122b-on-multi-20260419_133538,glm-5.1,source_faithfulness,4
question_36,benchmarking-qwen122b-on-multi-20260419_133538,glm-5.1,relevance,5
question_36,benchmarking-qwen122b-on-multi-20260419_133538,glm-5.1,completeness,5
question_36,benchmarking-qwen122b-on-multi-20260419_133538,glm-5.1,specificity,5
question_36,benchmarking-qwen122b-on-multi-20260419_133538,glm-5.1,helpfulness,5
question_36,benchmarking-qwen122b-on-multi-20260419_133538,glm-5.1,source_faithfulness,5
question_3,benchmarking-qwen122b-on-multi-20260419_133538,glm-5.1,relevance,5
question_3,benchmarking-qwen122b-on-multi-20260419_133538,glm-5.1,completeness,3
question_3,benchmarking-qwen122b-on-multi-20260419_133538,glm-5.1,specificity,3
question_3,benchmarking-qwen122b-on-multi-20260419_133538,glm-5.1,helpfulness,3
question_3,benchmarking-qwen122b-on-multi-20260419_133538,glm-5.1,source_faithfulness,2
question_45,benchmarking-qwen122b-on-multi-20260419_133538,glm-5.1,relevance,5
question_45,benchmarking-qwen122b-on-multi-20260419_133538,glm-5.1,completeness,5
question_45,benchmarking-qwen122b-on-multi-20260419_133538,glm-5.1,specificity,5
question_45,benchmarking-qwen122b-on-multi-20260419_133538,glm-5.1,helpfulness,5
question_45,benchmarking-qwen122b-on-multi-20260419_133538,glm-5.1,source_faithfulness,4
question_37,benchmarking-qwen122b-on-multi-20260419_133538,glm-5.1,relevance,5
question_37,benchmarking-qwen122b-on-multi-20260419_133538,glm-5.1,completeness,5
question_37,benchmarking-qwen122b-on-multi-20260419_133538,glm-5.1,specificity,4
question_37,benchmarking-qwen122b-on-multi-20260419_133538,glm-5.1,helpfulness,5
question_37,benchmarking-qwen122b-on-multi-20260419_133538,glm-5.1,source_faithfulness,4
question_18,benchmarking-qwen122b-on-multi-20260419_133538,glm-5.1,relevance,1
question_18,benchmarking-qwen122b-on-multi-20260419_133538,glm-5.1,completeness,1
question_18,benchmarking-qwen122b-on-multi-20260419_133538,glm-5.1,specificity,1
question_18,benchmarking-qwen122b-on-multi-20260419_133538,glm-5.1,helpfulness,1
question_19,benchmarking-qwen122b-on-multi-20260419_133538,glm-5.1,relevance,5
question_19,benchmarking-qwen122b-on-multi-20260419_133538,glm-5.1,completeness,5
question_19,benchmarking-qwen122b-on-multi-20260419_133538,glm-5.1,specificity,4
question_19,benchmarking-qwen122b-on-multi-20260419_133538,glm-5.1,helpfulness,5
question_19,benchmarking-qwen122b-on-multi-20260419_133538,glm-5.1,source_faithfulness,3
question_20,benchmarking-qwen122b-on-multi-20260419_133538,glm-5.1,relevance,3
question_20,benchmarking-qwen122b-on-multi-20260419_133538,glm-5.1,completeness,2
question_20,benchmarking-qwen122b-on-multi-20260419_133538,glm-5.1,specificity,3
question_20,benchmarking-qwen122b-on-multi-20260419_133538,glm-5.1,helpfulness,3
question_20,benchmarking-qwen122b-on-multi-20260419_133538,glm-5.1,source_faithfulness,4
question_38,benchmarking-qwen122b-on-multi-20260419_133538,glm-5.1,relevance,5
question_38,benchmarking-qwen122b-on-multi-20260419_133538,glm-5.1,completeness,5
question_38,benchmarking-qwen122b-on-multi-20260419_133538,glm-5.1,specificity,4
question_38,benchmarking-qwen122b-on-multi-20260419_133538,glm-5.1,helpfulness,5
question_38,benchmarking-qwen122b-on-multi-20260419_133538,glm-5.1,source_faithfulness,4
question_21,benchmarking-qwen122b-on-multi-20260419_133538,glm-5.1,relevance,5
question_21,benchmarking-qwen122b-on-multi-20260419_133538,glm-5.1,completeness,5
question_21,benchmarking-qwen122b-on-multi-20260419_133538,glm-5.1,specificity,4
question_21,benchmarking-qwen122b-on-multi-20260419_133538,glm-5.1,helpfulness,5
question_21,benchmarking-qwen122b-on-multi-20260419_133538,glm-5.1,source_faithfulness,3
question_22,benchmarking-qwen122b-on-multi-20260419_133538,glm-5.1,relevance,5
question_22,benchmarking-qwen122b-on-multi-20260419_133538,glm-5.1,completeness,5
question_22,benchmarking-qwen122b-on-multi-20260419_133538,glm-5.1,specificity,4
question_22,benchmarking-qwen122b-on-multi-20260419_133538,glm-5.1,helpfulness,5
question_22,benchmarking-qwen122b-on-multi-20260419_133538,glm-5.1,source_faithfulness,4
question_46,benchmarking-qwen27b-off-bare-llm-20260418_045558,glm-5.1,relevance,4
question_46,benchmarking-qwen27b-off-bare-llm-20260418_045558,glm-5.1,completeness,4
question_46,benchmarking-qwen27b-off-bare-llm-20260418_045558,glm-5.1,specificity,1
question_46,benchmarking-qwen27b-off-bare-llm-20260418_045558,glm-5.1,helpfulness,1
question_1,benchmarking-qwen27b-off-bare-llm-20260418_045558,glm-5.1,relevance,5
question_1,benchmarking-qwen27b-off-bare-llm-20260418_045558,glm-5.1,completeness,5
question_1,benchmarking-qwen27b-off-bare-llm-20260418_045558,glm-5.1,specificity,4
question_1,benchmarking-qwen27b-off-bare-llm-20260418_045558,glm-5.1,helpfulness,5
question_23,benchmarking-qwen27b-off-bare-llm-20260418_045558,glm-5.1,completeness,3
question_23,benchmarking-qwen27b-off-bare-llm-20260418_045558,glm-5.1,specificity,2
question_23,benchmarking-qwen27b-off-bare-llm-20260418_045558,glm-5.1,helpfulness,3
question_39,benchmarking-qwen27b-off-bare-llm-20260418_045558,glm-5.1,relevance,2
question_39,benchmarking-qwen27b-off-bare-llm-20260418_045558,glm-5.1,completeness,1
question_39,benchmarking-qwen27b-off-bare-llm-20260418_045558,glm-5.1,specificity,2
question_39,benchmarking-qwen27b-off-bare-llm-20260418_045558,glm-5.1,helpfulness,1
question_24,benchmarking-qwen27b-off-bare-llm-20260418_045558,glm-5.1,relevance,2
question_24,benchmarking-qwen27b-off-bare-llm-20260418_045558,glm-5.1,completeness,1
question_24,benchmarking-qwen27b-off-bare-llm-20260418_045558,glm-5.1,specificity,1
question_24,benchmarking-qwen27b-off-bare-llm-20260418_045558,glm-5.1,helpfulness,1
question_25,benchmarking-qwen27b-off-bare-llm-20260418_045558,glm-5.1,relevance,2
question_25,benchmarking-qwen27b-off-bare-llm-20260418_045558,glm-5.1,completeness,2
question_25,benchmarking-qwen27b-off-bare-llm-20260418_045558,glm-5.1,specificity,3
question_25,benchmarking-qwen27b-off-bare-llm-20260418_045558,glm-5.1,helpfulness,2
question_26,benchmarking-qwen27b-off-bare-llm-20260418_045558,glm-5.1,relevance,2
question_26,benchmarking-qwen27b-off-bare-llm-20260418_045558,glm-5.1,completeness,1
question_26,benchmarking-qwen27b-off-bare-llm-20260418_045558,glm-5.1,specificity,2
question_26,benchmarking-qwen27b-off-bare-llm-20260418_045558,glm-5.1,helpfulness,1
question_47,benchmarking-qwen27b-off-bare-llm-20260418_045558,glm-5.1,relevance,3
question_47,benchmarking-qwen27b-off-bare-llm-20260418_045558,glm-5.1,completeness,2
question_47,benchmarking-qwen27b-off-bare-llm-20260418_045558,glm-5.1,specificity,2
question_47,benchmarking-qwen27b-off-bare-llm-20260418_045558,glm-5.1,helpfulness,2
question_40,benchmarking-qwen27b-off-bare-llm-20260418_045558,glm-5.1,relevance,3
question_40,benchmarking-qwen27b-off-bare-llm-20260418_045558,glm-5.1,completeness,2
question_40,benchmarking-qwen27b-off-bare-llm-20260418_045558,glm-5.1,specificity,2
question_40,benchmarking-qwen27b-off-bare-llm-20260418_045558,glm-5.1,helpfulness,2
question_27,benchmarking-qwen27b-off-bare-llm-20260418_045558,glm-5.1,relevance,2
question_27,benchmarking-qwen27b-off-bare-llm-20260418_045558,glm-5.1,completeness,1
question_27,benchmarking-qwen27b-off-bare-llm-20260418_045558,glm-5.1,specificity,1
question_27,benchmarking-qwen27b-off-bare-llm-20260418_045558,glm-5.1,helpfulness,1
question_48,benchmarking-qwen27b-off-bare-llm-20260418_045558,glm-5.1,relevance,2
question_48,benchmarking-qwen27b-off-bare-llm-20260418_045558,glm-5.1,completeness,1
question_48,benchmarking-qwen27b-off-bare-llm-20260418_045558,glm-5.1,specificity,1
question_48,benchmarking-qwen27b-off-bare-llm-20260418_045558,glm-5.1,helpfulness,1
question_41,benchmarking-qwen27b-off-bare-llm-20260418_045558,glm-5.1,relevance,2
question_41,benchmarking-qwen27b-off-bare-llm-20260418_045558,glm-5.1,completeness,1
question_41,benchmarking-qwen27b-off-bare-llm-20260418_045558,glm-5.1,specificity,2
question_41,benchmarking-qwen27b-off-bare-llm-20260418_045558,glm-5.1,helpfulness,1
question_42,benchmarking-qwen27b-off-bare-llm-20260418_045558,glm-5.1,relevance,2
question_42,benchmarking-qwen27b-off-bare-llm-20260418_045558,glm-5.1,completeness,1
question_42,benchmarking-qwen27b-off-bare-llm-20260418_045558,glm-5.1,specificity,2
question_42,benchmarking-qwen27b-off-bare-llm-20260418_045558,glm-5.1,helpfulness,1
question_4,benchmarking-qwen27b-off-bare-llm-20260418_045558,glm-5.1,relevance,3
question_4,benchmarking-qwen27b-off-bare-llm-20260418_045558,glm-5.1,completeness,2
question_4,benchmarking-qwen27b-off-bare-llm-20260418_045558,glm-5.1,specificity,2
question_4,benchmarking-qwen27b-off-bare-llm-20260418_045558,glm-5.1,helpfulness,2
question_6,benchmarking-qwen27b-off-bare-llm-20260418_045558,glm-5.1,relevance,3
question_6,benchmarking-qwen27b-off-bare-llm-20260418_045558,glm-5.1,completeness,1
question_6,benchmarking-qwen27b-off-bare-llm-20260418_045558,glm-5.1,specificity,2
question_6,benchmarking-qwen27b-off-bare-llm-20260418_045558,glm-5.1,helpfulness,2
question_7,benchmarking-qwen27b-off-bare-llm-20260418_045558,glm-5.1,relevance,5
question_7,benchmarking-qwen27b-off-bare-llm-20260418_045558,glm-5.1,completeness,4
question_7,benchmarking-qwen27b-off-bare-llm-20260418_045558,glm-5.1,specificity,3
question_7,benchmarking-qwen27b-off-bare-llm-20260418_045558,glm-5.1,helpfulness,3
question_5,benchmarking-qwen27b-off-bare-llm-20260418_045558,glm-5.1,relevance,3
question_5,benchmarking-qwen27b-off-bare-llm-20260418_045558,glm-5.1,completeness,2
question_5,benchmarking-qwen27b-off-bare-llm-20260418_045558,glm-5.1,specificity,4
question_5,benchmarking-qwen27b-off-bare-llm-20260418_045558,glm-5.1,helpfulness,3
question_8,benchmarking-qwen27b-off-bare-llm-20260418_045558,glm-5.1,relevance,2
question_8,benchmarking-qwen27b-off-bare-llm-20260418_045558,glm-5.1,completeness,1
question_8,benchmarking-qwen27b-off-bare-llm-20260418_045558,glm-5.1,specificity,1
question_8,benchmarking-qwen27b-off-bare-llm-20260418_045558,glm-5.1,helpfulness,1
question_9,benchmarking-qwen27b-off-bare-llm-20260418_045558,glm-5.1,relevance,5
question_9,benchmarking-qwen27b-off-bare-llm-20260418_045558,glm-5.1,completeness,2
question_9,benchmarking-qwen27b-off-bare-llm-20260418_045558,glm-5.1,specificity,3
question_9,benchmarking-qwen27b-off-bare-llm-20260418_045558,glm-5.1,helpfulness,3
question_28,benchmarking-qwen27b-off-bare-llm-20260418_045558,glm-5.1,relevance,2
question_28,benchmarking-qwen27b-off-bare-llm-20260418_045558,glm-5.1,completeness,1
question_28,benchmarking-qwen27b-off-bare-llm-20260418_045558,glm-5.1,specificity,1
question_28,benchmarking-qwen27b-off-bare-llm-20260418_045558,glm-5.1,helpfulness,1
question_10,benchmarking-qwen27b-off-bare-llm-20260418_045558,glm-5.1,relevance,1
question_10,benchmarking-qwen27b-off-bare-llm-20260418_045558,glm-5.1,completeness,1
question_10,benchmarking-qwen27b-off-bare-llm-20260418_045558,glm-5.1,specificity,2
question_10,benchmarking-qwen27b-off-bare-llm-20260418_045558,glm-5.1,helpfulness,1
question_49,benchmarking-qwen27b-off-bare-llm-20260418_045558,glm-5.1,relevance,4
question_49,benchmarking-qwen27b-off-bare-llm-20260418_045558,glm-5.1,completeness,2
question_49,benchmarking-qwen27b-off-bare-llm-20260418_045558,glm-5.1,specificity,4
question_49,benchmarking-qwen27b-off-bare-llm-20260418_045558,glm-5.1,helpfulness,3
question_50,benchmarking-qwen27b-off-bare-llm-20260418_045558,glm-5.1,relevance,2
question_50,benchmarking-qwen27b-off-bare-llm-20260418_045558,glm-5.1,completeness,1
question_50,benchmarking-qwen27b-off-bare-llm-20260418_045558,glm-5.1,specificity,2
question_50,benchmarking-qwen27b-off-bare-llm-20260418_045558,glm-5.1,helpfulness,1
question_11,benchmarking-qwen27b-off-bare-llm-20260418_045558,glm-5.1,relevance,1
question_11,benchmarking-qwen27b-off-bare-llm-20260418_045558,glm-5.1,completeness,1
question_11,benchmarking-qwen27b-off-bare-llm-20260418_045558,glm-5.1,specificity,1
question_11,benchmarking-qwen27b-off-bare-llm-20260418_045558,glm-5.1,helpfulness,1
question_29,benchmarking-qwen27b-off-bare-llm-20260418_045558,glm-5.1,relevance,3
question_29,benchmarking-qwen27b-off-bare-llm-20260418_045558,glm-5.1,completeness,2
question_29,benchmarking-qwen27b-off-bare-llm-20260418_045558,glm-5.1,specificity,2
question_29,benchmarking-qwen27b-off-bare-llm-20260418_045558,glm-5.1,helpfulness,2
question_30,benchmarking-qwen27b-off-bare-llm-20260418_045558,glm-5.1,relevance,2
question_30,benchmarking-qwen27b-off-bare-llm-20260418_045558,glm-5.1,completeness,2
question_30,benchmarking-qwen27b-off-bare-llm-20260418_045558,glm-5.1,specificity,2
question_30,benchmarking-qwen27b-off-bare-llm-20260418_045558,glm-5.1,helpfulness,1
question_31,benchmarking-qwen27b-off-bare-llm-20260418_045558,glm-5.1,relevance,3
question_31,benchmarking-qwen27b-off-bare-llm-20260418_045558,glm-5.1,completeness,3
question_31,benchmarking-qwen27b-off-bare-llm-20260418_045558,glm-5.1,specificity,2
question_31,benchmarking-qwen27b-off-bare-llm-20260418_045558,glm-5.1,helpfulness,2
question_12,benchmarking-qwen27b-off-bare-llm-20260418_045558,glm-5.1,relevance,2
question_12,benchmarking-qwen27b-off-bare-llm-20260418_045558,glm-5.1,completeness,2
question_12,benchmarking-qwen27b-off-bare-llm-20260418_045558,glm-5.1,specificity,2
question_12,benchmarking-qwen27b-off-bare-llm-20260418_045558,glm-5.1,helpfulness,1
question_32,benchmarking-qwen27b-off-bare-llm-20260418_045558,glm-5.1,relevance,1
question_32,benchmarking-qwen27b-off-bare-llm-20260418_045558,glm-5.1,completeness,1
question_32,benchmarking-qwen27b-off-bare-llm-20260418_045558,glm-5.1,specificity,1
question_32,benchmarking-qwen27b-off-bare-llm-20260418_045558,glm-5.1,helpfulness,1
question_13,benchmarking-qwen27b-off-bare-llm-20260418_045558,glm-5.1,relevance,5
question_13,benchmarking-qwen27b-off-bare-llm-20260418_045558,glm-5.1,completeness,4
question_13,benchmarking-qwen27b-off-bare-llm-20260418_045558,glm-5.1,specificity,4
question_13,benchmarking-qwen27b-off-bare-llm-20260418_045558,glm-5.1,helpfulness,5
question_43,benchmarking-qwen27b-off-bare-llm-20260418_045558,glm-5.1,relevance,3
question_43,benchmarking-qwen27b-off-bare-llm-20260418_045558,glm-5.1,completeness,3
question_43,benchmarking-qwen27b-off-bare-llm-20260418_045558,glm-5.1,specificity,2
question_43,benchmarking-qwen27b-off-bare-llm-20260418_045558,glm-5.1,helpfulness,2
question_14,benchmarking-qwen27b-off-bare-llm-20260418_045558,glm-5.1,relevance,4
question_14,benchmarking-qwen27b-off-bare-llm-20260418_045558,glm-5.1,completeness,3
question_14,benchmarking-qwen27b-off-bare-llm-20260418_045558,glm-5.1,specificity,2
question_14,benchmarking-qwen27b-off-bare-llm-20260418_045558,glm-5.1,helpfulness,2
question_33,benchmarking-qwen27b-off-bare-llm-20260418_045558,glm-5.1,relevance,2
question_33,benchmarking-qwen27b-off-bare-llm-20260418_045558,glm-5.1,completeness,3
question_33,benchmarking-qwen27b-off-bare-llm-20260418_045558,glm-5.1,specificity,3
question_33,benchmarking-qwen27b-off-bare-llm-20260418_045558,glm-5.1,helpfulness,1
question_2,benchmarking-qwen27b-off-bare-llm-20260418_045558,glm-5.1,relevance,3
question_2,benchmarking-qwen27b-off-bare-llm-20260418_045558,glm-5.1,completeness,2
question_2,benchmarking-qwen27b-off-bare-llm-20260418_045558,glm-5.1,specificity,2
question_2,benchmarking-qwen27b-off-bare-llm-20260418_045558,glm-5.1,helpfulness,2
question_34,benchmarking-qwen27b-off-bare-llm-20260418_045558,glm-5.1,relevance,5
question_34,benchmarking-qwen27b-off-bare-llm-20260418_045558,glm-5.1,completeness,5
question_34,benchmarking-qwen27b-off-bare-llm-20260418_045558,glm-5.1,specificity,3
question_34,benchmarking-qwen27b-off-bare-llm-20260418_045558,glm-5.1,helpfulness,4
question_15,benchmarking-qwen27b-off-bare-llm-20260418_045558,glm-5.1,relevance,5
question_15,benchmarking-qwen27b-off-bare-llm-20260418_045558,glm-5.1,completeness,5
question_15,benchmarking-qwen27b-off-bare-llm-20260418_045558,glm-5.1,specificity,2
question_15,benchmarking-qwen27b-off-bare-llm-20260418_045558,glm-5.1,helpfulness,2
question_44,benchmarking-qwen27b-off-bare-llm-20260418_045558,glm-5.1,relevance,3
question_44,benchmarking-qwen27b-off-bare-llm-20260418_045558,glm-5.1,completeness,2
question_44,benchmarking-qwen27b-off-bare-llm-20260418_045558,glm-5.1,specificity,2
question_44,benchmarking-qwen27b-off-bare-llm-20260418_045558,glm-5.1,helpfulness,2
question_51,benchmarking-qwen27b-off-bare-llm-20260418_045558,glm-5.1,relevance,2
question_51,benchmarking-qwen27b-off-bare-llm-20260418_045558,glm-5.1,completeness,2
question_51,benchmarking-qwen27b-off-bare-llm-20260418_045558,glm-5.1,specificity,2
question_51,benchmarking-qwen27b-off-bare-llm-20260418_045558,glm-5.1,helpfulness,1
question_16,benchmarking-qwen27b-off-bare-llm-20260418_045558,glm-5.1,relevance,5
question_16,benchmarking-qwen27b-off-bare-llm-20260418_045558,glm-5.1,completeness,5
question_16,benchmarking-qwen27b-off-bare-llm-20260418_045558,glm-5.1,specificity,5
question_16,benchmarking-qwen27b-off-bare-llm-20260418_045558,glm-5.1,helpfulness,5
question_17,benchmarking-qwen27b-off-bare-llm-20260418_045558,glm-5.1,relevance,5
question_17,benchmarking-qwen27b-off-bare-llm-20260418_045558,glm-5.1,completeness,5
question_17,benchmarking-qwen27b-off-bare-llm-20260418_045558,glm-5.1,specificity,4
question_17,benchmarking-qwen27b-off-bare-llm-20260418_045558,glm-5.1,helpfulness,5
question_52,benchmarking-qwen27b-off-bare-llm-20260418_045558,glm-5.1,relevance,4
question_52,benchmarking-qwen27b-off-bare-llm-20260418_045558,glm-5.1,completeness,3
question_52,benchmarking-qwen27b-off-bare-llm-20260418_045558,glm-5.1,specificity,2
question_52,benchmarking-qwen27b-off-bare-llm-20260418_045558,glm-5.1,helpfulness,2
question_53,benchmarking-qwen27b-off-bare-llm-20260418_045558,glm-5.1,relevance,3
question_53,benchmarking-qwen27b-off-bare-llm-20260418_045558,glm-5.1,completeness,2
question_53,benchmarking-qwen27b-off-bare-llm-20260418_045558,glm-5.1,specificity,2
question_53,benchmarking-qwen27b-off-bare-llm-20260418_045558,glm-5.1,helpfulness,2
question_35,benchmarking-qwen27b-off-bare-llm-20260418_045558,glm-5.1,relevance,5
question_35,benchmarking-qwen27b-off-bare-llm-20260418_045558,glm-5.1,completeness,5
question_35,benchmarking-qwen27b-off-bare-llm-20260418_045558,glm-5.1,specificity,5
question_35,benchmarking-qwen27b-off-bare-llm-20260418_045558,glm-5.1,helpfulness,5
question_36,benchmarking-qwen27b-off-bare-llm-20260418_045558,glm-5.1,relevance,2
question_36,benchmarking-qwen27b-off-bare-llm-20260418_045558,glm-5.1,completeness,2
question_36,benchmarking-qwen27b-off-bare-llm-20260418_045558,glm-5.1,specificity,2
question_36,benchmarking-qwen27b-off-bare-llm-20260418_045558,glm-5.1,helpfulness,1
question_3,benchmarking-qwen27b-off-bare-llm-20260418_045558,glm-5.1,relevance,2
question_3,benchmarking-qwen27b-off-bare-llm-20260418_045558,glm-5.1,completeness,2
question_3,benchmarking-qwen27b-off-bare-llm-20260418_045558,glm-5.1,specificity,2
question_3,benchmarking-qwen27b-off-bare-llm-20260418_045558,glm-5.1,helpfulness,2
question_45,benchmarking-qwen27b-off-bare-llm-20260418_045558,glm-5.1,relevance,4
question_45,benchmarking-qwen27b-off-bare-llm-20260418_045558,glm-5.1,completeness,4
question_45,benchmarking-qwen27b-off-bare-llm-20260418_045558,glm-5.1,specificity,2
question_45,benchmarking-qwen27b-off-bare-llm-20260418_045558,glm-5.1,helpfulness,2
question_37,benchmarking-qwen27b-off-bare-llm-20260418_045558,glm-5.1,relevance,2
question_37,benchmarking-qwen27b-off-bare-llm-20260418_045558,glm-5.1,completeness,1
question_37,benchmarking-qwen27b-off-bare-llm-20260418_045558,glm-5.1,specificity,1
question_37,benchmarking-qwen27b-off-bare-llm-20260418_045558,glm-5.1,helpfulness,1
question_18,benchmarking-qwen27b-off-bare-llm-20260418_045558,glm-5.1,relevance,5
question_18,benchmarking-qwen27b-off-bare-llm-20260418_045558,glm-5.1,completeness,5
question_18,benchmarking-qwen27b-off-bare-llm-20260418_045558,glm-5.1,specificity,2
question_18,benchmarking-qwen27b-off-bare-llm-20260418_045558,glm-5.1,helpfulness,2
question_19,benchmarking-qwen27b-off-bare-llm-20260418_045558,glm-5.1,relevance,5
question_19,benchmarking-qwen27b-off-bare-llm-20260418_045558,glm-5.1,completeness,5
question_19,benchmarking-qwen27b-off-bare-llm-20260418_045558,glm-5.1,specificity,3
question_19,benchmarking-qwen27b-off-bare-llm-20260418_045558,glm-5.1,helpfulness,3
question_20,benchmarking-qwen27b-off-bare-llm-20260418_045558,glm-5.1,relevance,4
question_20,benchmarking-qwen27b-off-bare-llm-20260418_045558,glm-5.1,completeness,3
question_20,benchmarking-qwen27b-off-bare-llm-20260418_045558,glm-5.1,specificity,2
question_20,benchmarking-qwen27b-off-bare-llm-20260418_045558,glm-5.1,helpfulness,3
question_38,benchmarking-qwen27b-off-bare-llm-20260418_045558,glm-5.1,relevance,2
question_38,benchmarking-qwen27b-off-bare-llm-20260418_045558,glm-5.1,completeness,2
question_38,benchmarking-qwen27b-off-bare-llm-20260418_045558,glm-5.1,specificity,2
question_38,benchmarking-qwen27b-off-bare-llm-20260418_045558,glm-5.1,helpfulness,2
question_21,benchmarking-qwen27b-off-bare-llm-20260418_045558,glm-5.1,relevance,5
question_21,benchmarking-qwen27b-off-bare-llm-20260418_045558,glm-5.1,completeness,5
question_21,benchmarking-qwen27b-off-bare-llm-20260418_045558,glm-5.1,specificity,4
question_21,benchmarking-qwen27b-off-bare-llm-20260418_045558,glm-5.1,helpfulness,5
question_22,benchmarking-qwen27b-off-bare-llm-20260418_045558,glm-5.1,relevance,2
question_22,benchmarking-qwen27b-off-bare-llm-20260418_045558,glm-5.1,completeness,2
question_22,benchmarking-qwen27b-off-bare-llm-20260418_045558,glm-5.1,specificity,2
question_22,benchmarking-qwen27b-off-bare-llm-20260418_045558,glm-5.1,helpfulness,1
question_46,benchmarking-qwen27b-off-multi-20260418_024237,glm-5.1,relevance,5
question_46,benchmarking-qwen27b-off-multi-20260418_024237,glm-5.1,completeness,4
question_46,benchmarking-qwen27b-off-multi-20260418_024237,glm-5.1,specificity,5
question_46,benchmarking-qwen27b-off-multi-20260418_024237,glm-5.1,helpfulness,5
question_46,benchmarking-qwen27b-off-multi-20260418_024237,glm-5.1,source_faithfulness,4
question_1,benchmarking-qwen27b-off-multi-20260418_024237,glm-5.1,relevance,5
question_1,benchmarking-qwen27b-off-multi-20260418_024237,glm-5.1,completeness,4
question_1,benchmarking-qwen27b-off-multi-20260418_024237,glm-5.1,specificity,2
question_1,benchmarking-qwen27b-off-multi-20260418_024237,glm-5.1,helpfulness,3
question_1,benchmarking-qwen27b-off-multi-20260418_024237,glm-5.1,source_faithfulness,1
question_23,benchmarking-qwen27b-off-multi-20260418_024237,glm-5.1,relevance,1
question_23,benchmarking-qwen27b-off-multi-20260418_024237,glm-5.1,completeness,1
question_23,benchmarking-qwen27b-off-multi-20260418_024237,glm-5.1,specificity,1
question_23,benchmarking-qwen27b-off-multi-20260418_024237,glm-5.1,helpfulness,1
question_23,benchmarking-qwen27b-off-multi-20260418_024237,glm-5.1,source_faithfulness,2
question_39,benchmarking-qwen27b-off-multi-20260418_024237,glm-5.1,relevance,5
question_39,benchmarking-qwen27b-off-multi-20260418_024237,glm-5.1,completeness,5
question_39,benchmarking-qwen27b-off-multi-20260418_024237,glm-5.1,specificity,4
question_39,benchmarking-qwen27b-off-multi-20260418_024237,glm-5.1,helpfulness,5
question_39,benchmarking-qwen27b-off-multi-20260418_024237,glm-5.1,source_faithfulness,4
question_24,benchmarking-qwen27b-off-multi-20260418_024237,glm-5.1,relevance,1
question_24,benchmarking-qwen27b-off-multi-20260418_024237,glm-5.1,completeness,1
question_24,benchmarking-qwen27b-off-multi-20260418_024237,glm-5.1,specificity,1
question_24,benchmarking-qwen27b-off-multi-20260418_024237,glm-5.1,helpfulness,1
question_24,benchmarking-qwen27b-off-multi-20260418_024237,glm-5.1,source_faithfulness,4
question_25,benchmarking-qwen27b-off-multi-20260418_024237,glm-5.1,relevance,5
question_25,benchmarking-qwen27b-off-multi-20260418_024237,glm-5.1,completeness,5
question_25,benchmarking-qwen27b-off-multi-20260418_024237,glm-5.1,specificity,5
question_25,benchmarking-qwen27b-off-multi-20260418_024237,glm-5.1,helpfulness,5
question_25,benchmarking-qwen27b-off-multi-20260418_024237,glm-5.1,source_faithfulness,4
question_26,benchmarking-qwen27b-off-multi-20260418_024237,glm-5.1,relevance,4
question_26,benchmarking-qwen27b-off-multi-20260418_024237,glm-5.1,completeness,5
question_26,benchmarking-qwen27b-off-multi-20260418_024237,glm-5.1,specificity,4
question_26,benchmarking-qwen27b-off-multi-20260418_024237,glm-5.1,helpfulness,5
question_26,benchmarking-qwen27b-off-multi-20260418_024237,glm-5.1,source_faithfulness,4
question_47,benchmarking-qwen27b-off-multi-20260418_024237,glm-5.1,relevance,5
question_47,benchmarking-qwen27b-off-multi-20260418_024237,glm-5.1,completeness,3
question_47,benchmarking-qwen27b-off-multi-20260418_024237,glm-5.1,specificity,2
question_47,benchmarking-qwen27b-off-multi-20260418_024237,glm-5.1,helpfulness,3
question_47,benchmarking-qwen27b-off-multi-20260418_024237,glm-5.1,source_faithfulness,2
question_40,benchmarking-qwen27b-off-multi-20260418_024237,glm-5.1,relevance,5
question_40,benchmarking-qwen27b-off-multi-20260418_024237,glm-5.1,completeness,5
question_40,benchmarking-qwen27b-off-multi-20260418_024237,glm-5.1,specificity,5
question_40,benchmarking-qwen27b-off-multi-20260418_024237,glm-5.1,helpfulness,5
question_40,benchmarking-qwen27b-off-multi-20260418_024237,glm-5.1,source_faithfulness,4
question_27,benchmarking-qwen27b-off-multi-20260418_024237,glm-5.1,relevance,5
question_27,benchmarking-qwen27b-off-multi-20260418_024237,glm-5.1,completeness,5
question_27,benchmarking-qwen27b-off-multi-20260418_024237,glm-5.1,specificity,2
question_27,benchmarking-qwen27b-off-multi-20260418_024237,glm-5.1,helpfulness,3
question_27,benchmarking-qwen27b-off-multi-20260418_024237,glm-5.1,source_faithfulness,1
question_48,benchmarking-qwen27b-off-multi-20260418_024237,glm-5.1,relevance,4
question_48,benchmarking-qwen27b-off-multi-20260418_024237,glm-5.1,completeness,3
question_48,benchmarking-qwen27b-off-multi-20260418_024237,glm-5.1,specificity,3
question_48,benchmarking-qwen27b-off-multi-20260418_024237,glm-5.1,helpfulness,3
question_48,benchmarking-qwen27b-off-multi-20260418_024237,glm-5.1,source_faithfulness,3
question_41,benchmarking-qwen27b-off-multi-20260418_024237,glm-5.1,relevance,5
question_41,benchmarking-qwen27b-off-multi-20260418_024237,glm-5.1,completeness,5
question_41,benchmarking-qwen27b-off-multi-20260418_024237,glm-5.1,specificity,5
question_41,benchmarking-qwen27b-off-multi-20260418_024237,glm-5.1,helpfulness,5
question_41,benchmarking-qwen27b-off-multi-20260418_024237,glm-5.1,source_faithfulness,4
question_42,benchmarking-qwen27b-off-multi-20260418_024237,glm-5.1,relevance,5
question_42,benchmarking-qwen27b-off-multi-20260418_024237,glm-5.1,completeness,5
question_42,benchmarking-qwen27b-off-multi-20260418_024237,glm-5.1,specificity,4
question_42,benchmarking-qwen27b-off-multi-20260418_024237,glm-5.1,helpfulness,5
question_42,benchmarking-qwen27b-off-multi-20260418_024237,glm-5.1,source_faithfulness,4
question_4,benchmarking-qwen27b-off-multi-20260418_024237,glm-5.1,relevance,5
question_4,benchmarking-qwen27b-off-multi-20260418_024237,glm-5.1,completeness,5
question_4,benchmarking-qwen27b-off-multi-20260418_024237,glm-5.1,specificity,4
question_4,benchmarking-qwen27b-off-multi-20260418_024237,glm-5.1,helpfulness,5
question_4,benchmarking-qwen27b-off-multi-20260418_024237,glm-5.1,source_faithfulness,4
question_6,benchmarking-qwen27b-off-multi-20260418_024237,glm-5.1,relevance,3
question_6,benchmarking-qwen27b-off-multi-20260418_024237,glm-5.1,completeness,2
question_6,benchmarking-qwen27b-off-multi-20260418_024237,glm-5.1,specificity,4
question_6,benchmarking-qwen27b-off-multi-20260418_024237,glm-5.1,helpfulness,2
question_6,benchmarking-qwen27b-off-multi-20260418_024237,glm-5.1,source_faithfulness,4
question_7,benchmarking-qwen27b-off-multi-20260418_024237,glm-5.1,relevance,4
question_7,benchmarking-qwen27b-off-multi-20260418_024237,glm-5.1,completeness,3
question_7,benchmarking-qwen27b-off-multi-20260418_024237,glm-5.1,specificity,2
question_7,benchmarking-qwen27b-off-multi-20260418_024237,glm-5.1,helpfulness,3
question_7,benchmarking-qwen27b-off-multi-20260418_024237,glm-5.1,source_faithfulness,1
question_5,benchmarking-qwen27b-off-multi-20260418_024237,glm-5.1,relevance,5
question_5,benchmarking-qwen27b-off-multi-20260418_024237,glm-5.1,completeness,5
question_5,benchmarking-qwen27b-off-multi-20260418_024237,glm-5.1,specificity,4
question_5,benchmarking-qwen27b-off-multi-20260418_024237,glm-5.1,helpfulness,4
question_5,benchmarking-qwen27b-off-multi-20260418_024237,glm-5.1,source_faithfulness,3
question_8,benchmarking-qwen27b-off-multi-20260418_024237,glm-5.1,relevance,5
question_8,benchmarking-qwen27b-off-multi-20260418_024237,glm-5.1,completeness,5
question_8,benchmarking-qwen27b-off-multi-20260418_024237,glm-5.1,specificity,5
question_8,benchmarking-qwen27b-off-multi-20260418_024237,glm-5.1,helpfulness,5
question_8,benchmarking-qwen27b-off-multi-20260418_024237,glm-5.1,source_faithfulness,4
question_9,benchmarking-qwen27b-off-multi-20260418_024237,glm-5.1,relevance,3
question_9,benchmarking-qwen27b-off-multi-20260418_024237,glm-5.1,completeness,2
question_9,benchmarking-qwen27b-off-multi-20260418_024237,glm-5.1,specificity,3
question_9,benchmarking-qwen27b-off-multi-20260418_024237,glm-5.1,helpfulness,2
question_9,benchmarking-qwen27b-off-multi-20260418_024237,glm-5.1,source_faithfulness,4
question_28,benchmarking-qwen27b-off-multi-20260418_024237,glm-5.1,relevance,5
question_28,benchmarking-qwen27b-off-multi-20260418_024237,glm-5.1,completeness,4
question_28,benchmarking-qwen27b-off-multi-20260418_024237,glm-5.1,specificity,4
question_28,benchmarking-qwen27b-off-multi-20260418_024237,glm-5.1,helpfulness,5
question_28,benchmarking-qwen27b-off-multi-20260418_024237,glm-5.1,source_faithfulness,4
question_10,benchmarking-qwen27b-off-multi-20260418_024237,glm-5.1,relevance,5
question_10,benchmarking-qwen27b-off-multi-20260418_024237,glm-5.1,completeness,5
question_10,benchmarking-qwen27b-off-multi-20260418_024237,glm-5.1,specificity,5
question_10,benchmarking-qwen27b-off-multi-20260418_024237,glm-5.1,helpfulness,5
question_10,benchmarking-qwen27b-off-multi-20260418_024237,glm-5.1,source_faithfulness,4
question_49,benchmarking-qwen27b-off-multi-20260418_024237,glm-5.1,relevance,5
question_49,benchmarking-qwen27b-off-multi-20260418_024237,glm-5.1,completeness,5
question_49,benchmarking-qwen27b-off-multi-20260418_024237,glm-5.1,specificity,5
question_49,benchmarking-qwen27b-off-multi-20260418_024237,glm-5.1,helpfulness,5
question_49,benchmarking-qwen27b-off-multi-20260418_024237,glm-5.1,source_faithfulness,5
question_50,benchmarking-qwen27b-off-multi-20260418_024237,glm-5.1,relevance,5
question_50,benchmarking-qwen27b-off-multi-20260418_024237,glm-5.1,completeness,4
question_50,benchmarking-qwen27b-off-multi-20260418_024237,glm-5.1,specificity,2
question_50,benchmarking-qwen27b-off-multi-20260418_024237,glm-5.1,helpfulness,1
question_50,benchmarking-qwen27b-off-multi-20260418_024237,glm-5.1,source_faithfulness,1
question_11,benchmarking-qwen27b-off-multi-20260418_024237,glm-5.1,relevance,5
question_11,benchmarking-qwen27b-off-multi-20260418_024237,glm-5.1,completeness,5
question_11,benchmarking-qwen27b-off-multi-20260418_024237,glm-5.1,specificity,5
question_11,benchmarking-qwen27b-off-multi-20260418_024237,glm-5.1,helpfulness,5
question_11,benchmarking-qwen27b-off-multi-20260418_024237,glm-5.1,source_faithfulness,5
question_29,benchmarking-qwen27b-off-multi-20260418_024237,glm-5.1,relevance,5
question_29,benchmarking-qwen27b-off-multi-20260418_024237,glm-5.1,completeness,5
question_29,benchmarking-qwen27b-off-multi-20260418_024237,glm-5.1,specificity,5
question_29,benchmarking-qwen27b-off-multi-20260418_024237,glm-5.1,helpfulness,5
question_29,benchmarking-qwen27b-off-multi-20260418_024237,glm-5.1,source_faithfulness,4
question_30,benchmarking-qwen27b-off-multi-20260418_024237,glm-5.1,relevance,5
question_30,benchmarking-qwen27b-off-multi-20260418_024237,glm-5.1,completeness,5
question_30,benchmarking-qwen27b-off-multi-20260418_024237,glm-5.1,specificity,4
question_30,benchmarking-qwen27b-off-multi-20260418_024237,glm-5.1,helpfulness,5
question_30,benchmarking-qwen27b-off-multi-20260418_024237,glm-5.1,source_faithfulness,4
question_31,benchmarking-qwen27b-off-multi-20260418_024237,glm-5.1,relevance,5
question_31,benchmarking-qwen27b-off-multi-20260418_024237,glm-5.1,completeness,5
question_31,benchmarking-qwen27b-off-multi-20260418_024237,glm-5.1,specificity,4
question_31,benchmarking-qwen27b-off-multi-20260418_024237,glm-5.1,helpfulness,5
question_31,benchmarking-qwen27b-off-multi-20260418_024237,glm-5.1,source_faithfulness,4
question_12,benchmarking-qwen27b-off-multi-20260418_024237,glm-5.1,relevance,5
question_12,benchmarking-qwen27b-off-multi-20260418_024237,glm-5.1,completeness,5
question_12,benchmarking-qwen27b-off-multi-20260418_024237,glm-5.1,specificity,3
question_12,benchmarking-qwen27b-off-multi-20260418_024237,glm-5.1,helpfulness,4
question_12,benchmarking-qwen27b-off-multi-20260418_024237,glm-5.1,source_faithfulness,2
question_32,benchmarking-qwen27b-off-multi-20260418_024237,glm-5.1,relevance,3
question_32,benchmarking-qwen27b-off-multi-20260418_024237,glm-5.1,completeness,3
question_32,benchmarking-qwen27b-off-multi-20260418_024237,glm-5.1,specificity,3
question_32,benchmarking-qwen27b-off-multi-20260418_024237,glm-5.1,helpfulness,3
question_32,benchmarking-qwen27b-off-multi-20260418_024237,glm-5.1,source_faithfulness,3
question_13,benchmarking-qwen27b-off-multi-20260418_024237,glm-5.1,relevance,5
question_13,benchmarking-qwen27b-off-multi-20260418_024237,glm-5.1,completeness,4
question_13,benchmarking-qwen27b-off-multi-20260418_024237,glm-5.1,specificity,3
question_13,benchmarking-qwen27b-off-multi-20260418_024237,glm-5.1,helpfulness,4
question_43,benchmarking-qwen27b-off-multi-20260418_024237,glm-5.1,relevance,5
question_43,benchmarking-qwen27b-off-multi-20260418_024237,glm-5.1,completeness,5
question_43,benchmarking-qwen27b-off-multi-20260418_024237,glm-5.1,specificity,5
question_43,benchmarking-qwen27b-off-multi-20260418_024237,glm-5.1,helpfulness,5
question_43,benchmarking-qwen27b-off-multi-20260418_024237,glm-5.1,source_faithfulness,4
question_14,benchmarking-qwen27b-off-multi-20260418_024237,glm-5.1,relevance,1
question_14,benchmarking-qwen27b-off-multi-20260418_024237,glm-5.1,completeness,1
question_14,benchmarking-qwen27b-off-multi-20260418_024237,glm-5.1,specificity,1
question_14,benchmarking-qwen27b-off-multi-20260418_024237,glm-5.1,helpfulness,1
question_14,benchmarking-qwen27b-off-multi-20260418_024237,glm-5.1,source_faithfulness,2
question_33,benchmarking-qwen27b-off-multi-20260418_024237,glm-5.1,relevance,5
question_33,benchmarking-qwen27b-off-multi-20260418_024237,glm-5.1,completeness,5
question_33,benchmarking-qwen27b-off-multi-20260418_024237,glm-5.1,specificity,5
question_33,benchmarking-qwen27b-off-multi-20260418_024237,glm-5.1,helpfulness,5
question_33,benchmarking-qwen27b-off-multi-20260418_024237,glm-5.1,source_faithfulness,4
question_2,benchmarking-qwen27b-off-multi-20260418_024237,glm-5.1,relevance,5
question_2,benchmarking-qwen27b-off-multi-20260418_024237,glm-5.1,completeness,5
question_2,benchmarking-qwen27b-off-multi-20260418_024237,glm-5.1,specificity,4
question_2,benchmarking-qwen27b-off-multi-20260418_024237,glm-5.1,helpfulness,5
question_2,benchmarking-qwen27b-off-multi-20260418_024237,glm-5.1,source_faithfulness,4
question_34,benchmarking-qwen27b-off-multi-20260418_024237,glm-5.1,relevance,5
question_34,benchmarking-qwen27b-off-multi-20260418_024237,glm-5.1,completeness,5
question_34,benchmarking-qwen27b-off-multi-20260418_024237,glm-5.1,specificity,3
question_34,benchmarking-qwen27b-off-multi-20260418_024237,glm-5.1,helpfulness,4
question_34,benchmarking-qwen27b-off-multi-20260418_024237,glm-5.1,source_faithfulness,3
question_15,benchmarking-qwen27b-off-multi-20260418_024237,glm-5.1,relevance,5
question_15,benchmarking-qwen27b-off-multi-20260418_024237,glm-5.1,completeness,5
question_15,benchmarking-qwen27b-off-multi-20260418_024237,glm-5.1,specificity,5
question_15,benchmarking-qwen27b-off-multi-20260418_024237,glm-5.1,helpfulness,5
question_15,benchmarking-qwen27b-off-multi-20260418_024237,glm-5.1,source_faithfulness,4
question_44,benchmarking-qwen27b-off-multi-20260418_024237,glm-5.1,relevance,5
question_44,benchmarking-qwen27b-off-multi-20260418_024237,glm-5.1,completeness,5
question_44,benchmarking-qwen27b-off-multi-20260418_024237,glm-5.1,specificity,4
question_44,benchmarking-qwen27b-off-multi-20260418_024237,glm-5.1,helpfulness,4
question_44,benchmarking-qwen27b-off-multi-20260418_024237,glm-5.1,source_faithfulness,3
question_51,benchmarking-qwen27b-off-multi-20260418_024237,glm-5.1,relevance,5
question_51,benchmarking-qwen27b-off-multi-20260418_024237,glm-5.1,completeness,5
question_51,benchmarking-qwen27b-off-multi-20260418_024237,glm-5.1,specificity,5
question_51,benchmarking-qwen27b-off-multi-20260418_024237,glm-5.1,helpfulness,5
question_51,benchmarking-qwen27b-off-multi-20260418_024237,glm-5.1,source_faithfulness,4
question_16,benchmarking-qwen27b-off-multi-20260418_024237,glm-5.1,relevance,5
question_16,benchmarking-qwen27b-off-multi-20260418_024237,glm-5.1,completeness,5
question_16,benchmarking-qwen27b-off-multi-20260418_024237,glm-5.1,specificity,4
question_16,benchmarking-qwen27b-off-multi-20260418_024237,glm-5.1,helpfulness,5
question_16,benchmarking-qwen27b-off-multi-20260418_024237,glm-5.1,source_faithfulness,3
question_17,benchmarking-qwen27b-off-multi-20260418_024237,glm-5.1,relevance,5
question_17,benchmarking-qwen27b-off-multi-20260418_024237,glm-5.1,completeness,5
question_17,benchmarking-qwen27b-off-multi-20260418_024237,glm-5.1,specificity,4
question_17,benchmarking-qwen27b-off-multi-20260418_024237,glm-5.1,helpfulness,5
question_17,benchmarking-qwen27b-off-multi-20260418_024237,glm-5.1,source_faithfulness,4
question_52,benchmarking-qwen27b-off-multi-20260418_024237,glm-5.1,relevance,5
question_52,benchmarking-qwen27b-off-multi-20260418_024237,glm-5.1,completeness,5
question_52,benchmarking-qwen27b-off-multi-20260418_024237,glm-5.1,specificity,4
question_52,benchmarking-qwen27b-off-multi-20260418_024237,glm-5.1,helpfulness,5
question_52,benchmarking-qwen27b-off-multi-20260418_024237,glm-5.1,source_faithfulness,4
question_53,benchmarking-qwen27b-off-multi-20260418_024237,glm-5.1,relevance,5
question_53,benchmarking-qwen27b-off-multi-20260418_024237,glm-5.1,completeness,5
question_53,benchmarking-qwen27b-off-multi-20260418_024237,glm-5.1,specificity,4
question_53,benchmarking-qwen27b-off-multi-20260418_024237,glm-5.1,helpfulness,4
question_53,benchmarking-qwen27b-off-multi-20260418_024237,glm-5.1,source_faithfulness,3
question_35,benchmarking-qwen27b-off-multi-20260418_024237,glm-5.1,relevance,5
question_35,benchmarking-qwen27b-off-multi-20260418_024237,glm-5.1,completeness,5
question_35,benchmarking-qwen27b-off-multi-20260418_024237,glm-5.1,specificity,4
question_35,benchmarking-qwen27b-off-multi-20260418_024237,glm-5.1,helpfulness,5
question_35,benchmarking-qwen27b-off-multi-20260418_024237,glm-5.1,source_faithfulness,4
question_36,benchmarking-qwen27b-off-multi-20260418_024237,glm-5.1,relevance,5
question_36,benchmarking-qwen27b-off-multi-20260418_024237,glm-5.1,completeness,4
question_36,benchmarking-qwen27b-off-multi-20260418_024237,glm-5.1,specificity,5
question_36,benchmarking-qwen27b-off-multi-20260418_024237,glm-5.1,helpfulness,4
question_36,benchmarking-qwen27b-off-multi-20260418_024237,glm-5.1,source_faithfulness,4
question_3,benchmarking-qwen27b-off-multi-20260418_024237,glm-5.1,relevance,5
question_3,benchmarking-qwen27b-off-multi-20260418_024237,glm-5.1,completeness,5
question_3,benchmarking-qwen27b-off-multi-20260418_024237,glm-5.1,specificity,5
question_3,benchmarking-qwen27b-off-multi-20260418_024237,glm-5.1,helpfulness,5
question_3,benchmarking-qwen27b-off-multi-20260418_024237,glm-5.1,source_faithfulness,4
question_45,benchmarking-qwen27b-off-multi-20260418_024237,glm-5.1,relevance,5
question_45,benchmarking-qwen27b-off-multi-20260418_024237,glm-5.1,completeness,5
question_45,benchmarking-qwen27b-off-multi-20260418_024237,glm-5.1,specificity,4
question_45,benchmarking-qwen27b-off-multi-20260418_024237,glm-5.1,helpfulness,5
question_45,benchmarking-qwen27b-off-multi-20260418_024237,glm-5.1,source_faithfulness,4
question_37,benchmarking-qwen27b-off-multi-20260418_024237,glm-5.1,relevance,5
question_37,benchmarking-qwen27b-off-multi-20260418_024237,glm-5.1,completeness,5
question_37,benchmarking-qwen27b-off-multi-20260418_024237,glm-5.1,specificity,4
question_37,benchmarking-qwen27b-off-multi-20260418_024237,glm-5.1,helpfulness,4
question_37,benchmarking-qwen27b-off-multi-20260418_024237,glm-5.1,source_faithfulness,3
question_18,benchmarking-qwen27b-off-multi-20260418_024237,glm-5.1,relevance,5
question_18,benchmarking-qwen27b-off-multi-20260418_024237,glm-5.1,completeness,5
question_18,benchmarking-qwen27b-off-multi-20260418_024237,glm-5.1,specificity,4
question_18,benchmarking-qwen27b-off-multi-20260418_024237,glm-5.1,helpfulness,5
question_18,benchmarking-qwen27b-off-multi-20260418_024237,glm-5.1,source_faithfulness,3
question_19,benchmarking-qwen27b-off-multi-20260418_024237,glm-5.1,relevance,5
question_19,benchmarking-qwen27b-off-multi-20260418_024237,glm-5.1,completeness,5
question_19,benchmarking-qwen27b-off-multi-20260418_024237,glm-5.1,specificity,4
question_19,benchmarking-qwen27b-off-multi-20260418_024237,glm-5.1,helpfulness,5
question_19,benchmarking-qwen27b-off-multi-20260418_024237,glm-5.1,source_faithfulness,3
question_20,benchmarking-qwen27b-off-multi-20260418_024237,glm-5.1,relevance,4
question_20,benchmarking-qwen27b-off-multi-20260418_024237,glm-5.1,completeness,3
question_20,benchmarking-qwen27b-off-multi-20260418_024237,glm-5.1,specificity,3
question_20,benchmarking-qwen27b-off-multi-20260418_024237,glm-5.1,helpfulness,3
question_20,benchmarking-qwen27b-off-multi-20260418_024237,glm-5.1,source_faithfulness,3
question_38,benchmarking-qwen27b-off-multi-20260418_024237,glm-5.1,relevance,1
question_38,benchmarking-qwen27b-off-multi-20260418_024237,glm-5.1,completeness,1
question_38,benchmarking-qwen27b-off-multi-20260418_024237,glm-5.1,specificity,1
question_38,benchmarking-qwen27b-off-multi-20260418_024237,glm-5.1,helpfulness,1
question_21,benchmarking-qwen27b-off-multi-20260418_024237,glm-5.1,relevance,5
question_21,benchmarking-qwen27b-off-multi-20260418_024237,glm-5.1,completeness,5
question_21,benchmarking-qwen27b-off-multi-20260418_024237,glm-5.1,specificity,4
question_21,benchmarking-qwen27b-off-multi-20260418_024237,glm-5.1,helpfulness,5
question_21,benchmarking-qwen27b-off-multi-20260418_024237,glm-5.1,source_faithfulness,3
question_22,benchmarking-qwen27b-off-multi-20260418_024237,glm-5.1,relevance,5
question_22,benchmarking-qwen27b-off-multi-20260418_024237,glm-5.1,completeness,4
question_22,benchmarking-qwen27b-off-multi-20260418_024237,glm-5.1,specificity,4
question_22,benchmarking-qwen27b-off-multi-20260418_024237,glm-5.1,helpfulness,5
question_22,benchmarking-qwen27b-off-multi-20260418_024237,glm-5.1,source_faithfulness,4
question_1,benchmarking-qwen27b-on-bare-llm-20260417_032032,glm-5.1,relevance,5
question_1,benchmarking-qwen27b-on-bare-llm-20260417_032032,glm-5.1,completeness,3
question_1,benchmarking-qwen27b-on-bare-llm-20260417_032032,glm-5.1,specificity,3
question_1,benchmarking-qwen27b-on-bare-llm-20260417_032032,glm-5.1,helpfulness,3
question_23,benchmarking-qwen27b-on-bare-llm-20260417_032032,glm-5.1,relevance,3
question_23,benchmarking-qwen27b-on-bare-llm-20260417_032032,glm-5.1,completeness,2
question_23,benchmarking-qwen27b-on-bare-llm-20260417_032032,glm-5.1,specificity,2
question_23,benchmarking-qwen27b-on-bare-llm-20260417_032032,glm-5.1,helpfulness,2
question_39,benchmarking-qwen27b-on-bare-llm-20260417_032032,glm-5.1,relevance,3
question_39,benchmarking-qwen27b-on-bare-llm-20260417_032032,glm-5.1,completeness,3
question_39,benchmarking-qwen27b-on-bare-llm-20260417_032032,glm-5.1,specificity,2
question_39,benchmarking-qwen27b-on-bare-llm-20260417_032032,glm-5.1,helpfulness,2
question_24,benchmarking-qwen27b-on-bare-llm-20260417_032032,glm-5.1,relevance,2
question_24,benchmarking-qwen27b-on-bare-llm-20260417_032032,glm-5.1,completeness,1
question_24,benchmarking-qwen27b-on-bare-llm-20260417_032032,glm-5.1,specificity,2
question_24,benchmarking-qwen27b-on-bare-llm-20260417_032032,glm-5.1,helpfulness,2
question_25,benchmarking-qwen27b-on-bare-llm-20260417_032032,glm-5.1,relevance,2
question_25,benchmarking-qwen27b-on-bare-llm-20260417_032032,glm-5.1,completeness,1
question_25,benchmarking-qwen27b-on-bare-llm-20260417_032032,glm-5.1,specificity,2
question_25,benchmarking-qwen27b-on-bare-llm-20260417_032032,glm-5.1,helpfulness,1
question_26,benchmarking-qwen27b-on-bare-llm-20260417_032032,glm-5.1,relevance,2
question_26,benchmarking-qwen27b-on-bare-llm-20260417_032032,glm-5.1,completeness,1
question_26,benchmarking-qwen27b-on-bare-llm-20260417_032032,glm-5.1,specificity,2
question_26,benchmarking-qwen27b-on-bare-llm-20260417_032032,glm-5.1,helpfulness,1
question_47,benchmarking-qwen27b-on-bare-llm-20260417_032032,glm-5.1,relevance,4
question_47,benchmarking-qwen27b-on-bare-llm-20260417_032032,glm-5.1,completeness,2
question_47,benchmarking-qwen27b-on-bare-llm-20260417_032032,glm-5.1,specificity,2
question_47,benchmarking-qwen27b-on-bare-llm-20260417_032032,glm-5.1,helpfulness,2
question_40,benchmarking-qwen27b-on-bare-llm-20260417_032032,glm-5.1,relevance,2
question_40,benchmarking-qwen27b-on-bare-llm-20260417_032032,glm-5.1,completeness,2
question_40,benchmarking-qwen27b-on-bare-llm-20260417_032032,glm-5.1,specificity,2
question_40,benchmarking-qwen27b-on-bare-llm-20260417_032032,glm-5.1,helpfulness,1
question_27,benchmarking-qwen27b-on-bare-llm-20260417_032032,glm-5.1,relevance,2
question_27,benchmarking-qwen27b-on-bare-llm-20260417_032032,glm-5.1,completeness,1
question_27,benchmarking-qwen27b-on-bare-llm-20260417_032032,glm-5.1,specificity,2
question_27,benchmarking-qwen27b-on-bare-llm-20260417_032032,glm-5.1,helpfulness,2
question_48,benchmarking-qwen27b-on-bare-llm-20260417_032032,glm-5.1,relevance,3
question_48,benchmarking-qwen27b-on-bare-llm-20260417_032032,glm-5.1,completeness,2
question_48,benchmarking-qwen27b-on-bare-llm-20260417_032032,glm-5.1,specificity,2
question_48,benchmarking-qwen27b-on-bare-llm-20260417_032032,glm-5.1,helpfulness,2
question_42,benchmarking-qwen27b-on-bare-llm-20260417_032032,glm-5.1,relevance,2
question_42,benchmarking-qwen27b-on-bare-llm-20260417_032032,glm-5.1,completeness,1
question_42,benchmarking-qwen27b-on-bare-llm-20260417_032032,glm-5.1,specificity,2
question_42,benchmarking-qwen27b-on-bare-llm-20260417_032032,glm-5.1,helpfulness,1
question_4,benchmarking-qwen27b-on-bare-llm-20260417_032032,glm-5.1,relevance,5
question_4,benchmarking-qwen27b-on-bare-llm-20260417_032032,glm-5.1,completeness,4
question_4,benchmarking-qwen27b-on-bare-llm-20260417_032032,glm-5.1,specificity,4
question_4,benchmarking-qwen27b-on-bare-llm-20260417_032032,glm-5.1,helpfulness,4
question_6,benchmarking-qwen27b-on-bare-llm-20260417_032032,glm-5.1,relevance,2
question_6,benchmarking-qwen27b-on-bare-llm-20260417_032032,glm-5.1,completeness,1
question_6,benchmarking-qwen27b-on-bare-llm-20260417_032032,glm-5.1,specificity,1
question_6,benchmarking-qwen27b-on-bare-llm-20260417_032032,glm-5.1,helpfulness,1
question_7,benchmarking-qwen27b-on-bare-llm-20260417_032032,glm-5.1,relevance,5
question_7,benchmarking-qwen27b-on-bare-llm-20260417_032032,glm-5.1,completeness,4
question_7,benchmarking-qwen27b-on-bare-llm-20260417_032032,glm-5.1,specificity,3
question_7,benchmarking-qwen27b-on-bare-llm-20260417_032032,glm-5.1,helpfulness,3
question_5,benchmarking-qwen27b-on-bare-llm-20260417_032032,glm-5.1,relevance,3
question_5,benchmarking-qwen27b-on-bare-llm-20260417_032032,glm-5.1,completeness,2
question_5,benchmarking-qwen27b-on-bare-llm-20260417_032032,glm-5.1,specificity,3
question_5,benchmarking-qwen27b-on-bare-llm-20260417_032032,glm-5.1,helpfulness,3
question_8,benchmarking-qwen27b-on-bare-llm-20260417_032032,glm-5.1,relevance,3
question_8,benchmarking-qwen27b-on-bare-llm-20260417_032032,glm-5.1,completeness,2
question_8,benchmarking-qwen27b-on-bare-llm-20260417_032032,glm-5.1,specificity,2
question_8,benchmarking-qwen27b-on-bare-llm-20260417_032032,glm-5.1,helpfulness,2
question_9,benchmarking-qwen27b-on-bare-llm-20260417_032032,glm-5.1,relevance,5
question_9,benchmarking-qwen27b-on-bare-llm-20260417_032032,glm-5.1,completeness,2
question_9,benchmarking-qwen27b-on-bare-llm-20260417_032032,glm-5.1,specificity,3
question_9,benchmarking-qwen27b-on-bare-llm-20260417_032032,glm-5.1,helpfulness,3
question_28,benchmarking-qwen27b-on-bare-llm-20260417_032032,glm-5.1,relevance,2
question_28,benchmarking-qwen27b-on-bare-llm-20260417_032032,glm-5.1,completeness,1
question_28,benchmarking-qwen27b-on-bare-llm-20260417_032032,glm-5.1,specificity,1
question_28,benchmarking-qwen27b-on-bare-llm-20260417_032032,glm-5.1,helpfulness,1
question_10,benchmarking-qwen27b-on-bare-llm-20260417_032032,glm-5.1,relevance,2
question_10,benchmarking-qwen27b-on-bare-llm-20260417_032032,glm-5.1,completeness,1
question_10,benchmarking-qwen27b-on-bare-llm-20260417_032032,glm-5.1,specificity,2
question_10,benchmarking-qwen27b-on-bare-llm-20260417_032032,glm-5.1,helpfulness,1
question_49,benchmarking-qwen27b-on-bare-llm-20260417_032032,glm-5.1,relevance,3
question_49,benchmarking-qwen27b-on-bare-llm-20260417_032032,glm-5.1,completeness,2
question_49,benchmarking-qwen27b-on-bare-llm-20260417_032032,glm-5.1,specificity,2
question_49,benchmarking-qwen27b-on-bare-llm-20260417_032032,glm-5.1,helpfulness,2
question_50,benchmarking-qwen27b-on-bare-llm-20260417_032032,glm-5.1,relevance,2
question_50,benchmarking-qwen27b-on-bare-llm-20260417_032032,glm-5.1,completeness,1
question_50,benchmarking-qwen27b-on-bare-llm-20260417_032032,glm-5.1,specificity,2
question_50,benchmarking-qwen27b-on-bare-llm-20260417_032032,glm-5.1,helpfulness,2
question_11,benchmarking-qwen27b-on-bare-llm-20260417_032032,glm-5.1,relevance,2
question_11,benchmarking-qwen27b-on-bare-llm-20260417_032032,glm-5.1,completeness,1
question_11,benchmarking-qwen27b-on-bare-llm-20260417_032032,glm-5.1,specificity,2
question_11,benchmarking-qwen27b-on-bare-llm-20260417_032032,glm-5.1,helpfulness,1
question_29,benchmarking-qwen27b-on-bare-llm-20260417_032032,glm-5.1,relevance,3
question_29,benchmarking-qwen27b-on-bare-llm-20260417_032032,glm-5.1,completeness,2
question_29,benchmarking-qwen27b-on-bare-llm-20260417_032032,glm-5.1,specificity,2
question_29,benchmarking-qwen27b-on-bare-llm-20260417_032032,glm-5.1,helpfulness,2
question_31,benchmarking-qwen27b-on-bare-llm-20260417_032032,glm-5.1,relevance,4
question_31,benchmarking-qwen27b-on-bare-llm-20260417_032032,glm-5.1,completeness,4
question_31,benchmarking-qwen27b-on-bare-llm-20260417_032032,glm-5.1,specificity,2
question_31,benchmarking-qwen27b-on-bare-llm-20260417_032032,glm-5.1,helpfulness,2
question_12,benchmarking-qwen27b-on-bare-llm-20260417_032032,glm-5.1,relevance,2
question_12,benchmarking-qwen27b-on-bare-llm-20260417_032032,glm-5.1,completeness,1
question_12,benchmarking-qwen27b-on-bare-llm-20260417_032032,glm-5.1,specificity,2
question_12,benchmarking-qwen27b-on-bare-llm-20260417_032032,glm-5.1,helpfulness,1
question_32,benchmarking-qwen27b-on-bare-llm-20260417_032032,glm-5.1,relevance,2
question_32,benchmarking-qwen27b-on-bare-llm-20260417_032032,glm-5.1,completeness,1
question_32,benchmarking-qwen27b-on-bare-llm-20260417_032032,glm-5.1,specificity,2
question_32,benchmarking-qwen27b-on-bare-llm-20260417_032032,glm-5.1,helpfulness,1
question_13,benchmarking-qwen27b-on-bare-llm-20260417_032032,glm-5.1,relevance,5
question_13,benchmarking-qwen27b-on-bare-llm-20260417_032032,glm-5.1,completeness,3
question_13,benchmarking-qwen27b-on-bare-llm-20260417_032032,glm-5.1,specificity,3
question_13,benchmarking-qwen27b-on-bare-llm-20260417_032032,glm-5.1,helpfulness,3
question_43,benchmarking-qwen27b-on-bare-llm-20260417_032032,glm-5.1,relevance,5
question_43,benchmarking-qwen27b-on-bare-llm-20260417_032032,glm-5.1,completeness,5
question_43,benchmarking-qwen27b-on-bare-llm-20260417_032032,glm-5.1,specificity,3
question_43,benchmarking-qwen27b-on-bare-llm-20260417_032032,glm-5.1,helpfulness,3
question_33,benchmarking-qwen27b-on-bare-llm-20260417_032032,glm-5.1,relevance,2
question_33,benchmarking-qwen27b-on-bare-llm-20260417_032032,glm-5.1,completeness,2
question_33,benchmarking-qwen27b-on-bare-llm-20260417_032032,glm-5.1,specificity,2
question_33,benchmarking-qwen27b-on-bare-llm-20260417_032032,glm-5.1,helpfulness,1
question_2,benchmarking-qwen27b-on-bare-llm-20260417_032032,glm-5.1,relevance,3
question_2,benchmarking-qwen27b-on-bare-llm-20260417_032032,glm-5.1,completeness,2
question_2,benchmarking-qwen27b-on-bare-llm-20260417_032032,glm-5.1,specificity,2
question_2,benchmarking-qwen27b-on-bare-llm-20260417_032032,glm-5.1,helpfulness,2
question_34,benchmarking-qwen27b-on-bare-llm-20260417_032032,glm-5.1,relevance,5
question_34,benchmarking-qwen27b-on-bare-llm-20260417_032032,glm-5.1,completeness,4
question_34,benchmarking-qwen27b-on-bare-llm-20260417_032032,glm-5.1,specificity,4
question_34,benchmarking-qwen27b-on-bare-llm-20260417_032032,glm-5.1,helpfulness,4
question_15,benchmarking-qwen27b-on-bare-llm-20260417_032032,glm-5.1,relevance,5
question_15,benchmarking-qwen27b-on-bare-llm-20260417_032032,glm-5.1,completeness,5
question_15,benchmarking-qwen27b-on-bare-llm-20260417_032032,glm-5.1,specificity,4
question_15,benchmarking-qwen27b-on-bare-llm-20260417_032032,glm-5.1,helpfulness,5
question_44,benchmarking-qwen27b-on-bare-llm-20260417_032032,glm-5.1,relevance,5
question_44,benchmarking-qwen27b-on-bare-llm-20260417_032032,glm-5.1,completeness,4
question_44,benchmarking-qwen27b-on-bare-llm-20260417_032032,glm-5.1,specificity,3
question_44,benchmarking-qwen27b-on-bare-llm-20260417_032032,glm-5.1,helpfulness,3
question_51,benchmarking-qwen27b-on-bare-llm-20260417_032032,glm-5.1,relevance,3
question_51,benchmarking-qwen27b-on-bare-llm-20260417_032032,glm-5.1,completeness,1
question_51,benchmarking-qwen27b-on-bare-llm-20260417_032032,glm-5.1,specificity,2
question_51,benchmarking-qwen27b-on-bare-llm-20260417_032032,glm-5.1,helpfulness,2
question_16,benchmarking-qwen27b-on-bare-llm-20260417_032032,glm-5.1,relevance,5
question_16,benchmarking-qwen27b-on-bare-llm-20260417_032032,glm-5.1,completeness,5
question_16,benchmarking-qwen27b-on-bare-llm-20260417_032032,glm-5.1,specificity,4
question_16,benchmarking-qwen27b-on-bare-llm-20260417_032032,glm-5.1,helpfulness,5
question_17,benchmarking-qwen27b-on-bare-llm-20260417_032032,glm-5.1,relevance,4
question_17,benchmarking-qwen27b-on-bare-llm-20260417_032032,glm-5.1,completeness,3
question_17,benchmarking-qwen27b-on-bare-llm-20260417_032032,glm-5.1,specificity,4
question_17,benchmarking-qwen27b-on-bare-llm-20260417_032032,glm-5.1,helpfulness,4
question_52,benchmarking-qwen27b-on-bare-llm-20260417_032032,glm-5.1,relevance,3
question_52,benchmarking-qwen27b-on-bare-llm-20260417_032032,glm-5.1,completeness,3
question_52,benchmarking-qwen27b-on-bare-llm-20260417_032032,glm-5.1,specificity,3
question_52,benchmarking-qwen27b-on-bare-llm-20260417_032032,glm-5.1,helpfulness,3
question_53,benchmarking-qwen27b-on-bare-llm-20260417_032032,glm-5.1,relevance,3
question_53,benchmarking-qwen27b-on-bare-llm-20260417_032032,glm-5.1,completeness,3
question_53,benchmarking-qwen27b-on-bare-llm-20260417_032032,glm-5.1,specificity,2
question_53,benchmarking-qwen27b-on-bare-llm-20260417_032032,glm-5.1,helpfulness,2
question_35,benchmarking-qwen27b-on-bare-llm-20260417_032032,glm-5.1,relevance,5
question_35,benchmarking-qwen27b-on-bare-llm-20260417_032032,glm-5.1,completeness,5
question_35,benchmarking-qwen27b-on-bare-llm-20260417_032032,glm-5.1,specificity,5
question_35,benchmarking-qwen27b-on-bare-llm-20260417_032032,glm-5.1,helpfulness,5
question_3,benchmarking-qwen27b-on-bare-llm-20260417_032032,glm-5.1,relevance,5
question_3,benchmarking-qwen27b-on-bare-llm-20260417_032032,glm-5.1,completeness,5
question_3,benchmarking-qwen27b-on-bare-llm-20260417_032032,glm-5.1,specificity,4
question_3,benchmarking-qwen27b-on-bare-llm-20260417_032032,glm-5.1,helpfulness,5
question_45,benchmarking-qwen27b-on-bare-llm-20260417_032032,glm-5.1,relevance,5
question_45,benchmarking-qwen27b-on-bare-llm-20260417_032032,glm-5.1,completeness,5
question_45,benchmarking-qwen27b-on-bare-llm-20260417_032032,glm-5.1,specificity,4
question_45,benchmarking-qwen27b-on-bare-llm-20260417_032032,glm-5.1,helpfulness,4
question_18,benchmarking-qwen27b-on-bare-llm-20260417_032032,glm-5.1,relevance,5
question_18,benchmarking-qwen27b-on-bare-llm-20260417_032032,glm-5.1,completeness,5
question_18,benchmarking-qwen27b-on-bare-llm-20260417_032032,glm-5.1,specificity,3
question_18,benchmarking-qwen27b-on-bare-llm-20260417_032032,glm-5.1,helpfulness,4
question_19,benchmarking-qwen27b-on-bare-llm-20260417_032032,glm-5.1,relevance,5
question_19,benchmarking-qwen27b-on-bare-llm-20260417_032032,glm-5.1,completeness,5
question_19,benchmarking-qwen27b-on-bare-llm-20260417_032032,glm-5.1,specificity,4
question_19,benchmarking-qwen27b-on-bare-llm-20260417_032032,glm-5.1,helpfulness,4
question_20,benchmarking-qwen27b-on-bare-llm-20260417_032032,glm-5.1,relevance,4
question_20,benchmarking-qwen27b-on-bare-llm-20260417_032032,glm-5.1,completeness,3
question_20,benchmarking-qwen27b-on-bare-llm-20260417_032032,glm-5.1,specificity,2
question_20,benchmarking-qwen27b-on-bare-llm-20260417_032032,glm-5.1,helpfulness,2
question_38,benchmarking-qwen27b-on-bare-llm-20260417_032032,glm-5.1,relevance,3
question_38,benchmarking-qwen27b-on-bare-llm-20260417_032032,glm-5.1,completeness,2
question_38,benchmarking-qwen27b-on-bare-llm-20260417_032032,glm-5.1,specificity,2
question_38,benchmarking-qwen27b-on-bare-llm-20260417_032032,glm-5.1,helpfulness,2
question_21,benchmarking-qwen27b-on-bare-llm-20260417_032032,glm-5.1,relevance,5
question_21,benchmarking-qwen27b-on-bare-llm-20260417_032032,glm-5.1,completeness,4
question_21,benchmarking-qwen27b-on-bare-llm-20260417_032032,glm-5.1,specificity,2
question_21,benchmarking-qwen27b-on-bare-llm-20260417_032032,glm-5.1,helpfulness,2
question_22,benchmarking-qwen27b-on-bare-llm-20260417_032032,glm-5.1,relevance,2
question_22,benchmarking-qwen27b-on-bare-llm-20260417_032032,glm-5.1,completeness,2
question_22,benchmarking-qwen27b-on-bare-llm-20260417_032032,glm-5.1,specificity,2
question_22,benchmarking-qwen27b-on-bare-llm-20260417_032032,glm-5.1,helpfulness,1
question_46,compops-tools-fixed_gemma4-26b,glm-5.1,relevance,5
question_46,compops-tools-fixed_gemma4-26b,glm-5.1,completeness,3
question_46,compops-tools-fixed_gemma4-26b,glm-5.1,specificity,2
question_46,compops-tools-fixed_gemma4-26b,glm-5.1,helpfulness,2
question_1,compops-tools-fixed_gemma4-26b,glm-5.1,relevance,5
question_1,compops-tools-fixed_gemma4-26b,glm-5.1,completeness,4
question_1,compops-tools-fixed_gemma4-26b,glm-5.1,specificity,3
question_1,compops-tools-fixed_gemma4-26b,glm-5.1,helpfulness,3
question_1,compops-tools-fixed_gemma4-26b,glm-5.1,source_faithfulness,2
question_23,compops-tools-fixed_gemma4-26b,glm-5.1,relevance,5
question_23,compops-tools-fixed_gemma4-26b,glm-5.1,completeness,4
question_23,compops-tools-fixed_gemma4-26b,glm-5.1,specificity,4
question_23,compops-tools-fixed_gemma4-26b,glm-5.1,helpfulness,4
question_23,compops-tools-fixed_gemma4-26b,glm-5.1,source_faithfulness,3
question_39,compops-tools-fixed_gemma4-26b,glm-5.1,relevance,5
question_39,compops-tools-fixed_gemma4-26b,glm-5.1,completeness,4
question_39,compops-tools-fixed_gemma4-26b,glm-5.1,specificity,2
question_39,compops-tools-fixed_gemma4-26b,glm-5.1,helpfulness,3
question_39,compops-tools-fixed_gemma4-26b,glm-5.1,source_faithfulness,2
question_24,compops-tools-fixed_gemma4-26b,glm-5.1,relevance,2
question_24,compops-tools-fixed_gemma4-26b,glm-5.1,completeness,1
question_24,compops-tools-fixed_gemma4-26b,glm-5.1,specificity,2
question_24,compops-tools-fixed_gemma4-26b,glm-5.1,helpfulness,1
question_25,compops-tools-fixed_gemma4-26b,glm-5.1,relevance,5
question_25,compops-tools-fixed_gemma4-26b,glm-5.1,completeness,4
question_25,compops-tools-fixed_gemma4-26b,glm-5.1,specificity,5
question_25,compops-tools-fixed_gemma4-26b,glm-5.1,helpfulness,5
question_25,compops-tools-fixed_gemma4-26b,glm-5.1,source_faithfulness,4
question_26,compops-tools-fixed_gemma4-26b,glm-5.1,relevance,5
question_26,compops-tools-fixed_gemma4-26b,glm-5.1,completeness,4
question_26,compops-tools-fixed_gemma4-26b,glm-5.1,specificity,2
question_26,compops-tools-fixed_gemma4-26b,glm-5.1,helpfulness,4
question_26,compops-tools-fixed_gemma4-26b,glm-5.1,source_faithfulness,3
question_47,compops-tools-fixed_gemma4-26b,glm-5.1,relevance,1
question_47,compops-tools-fixed_gemma4-26b,glm-5.1,completeness,1
question_47,compops-tools-fixed_gemma4-26b,glm-5.1,specificity,1
question_47,compops-tools-fixed_gemma4-26b,glm-5.1,helpfulness,1
question_40,compops-tools-fixed_gemma4-26b,glm-5.1,relevance,5
question_40,compops-tools-fixed_gemma4-26b,glm-5.1,completeness,5
question_40,compops-tools-fixed_gemma4-26b,glm-5.1,specificity,4
question_40,compops-tools-fixed_gemma4-26b,glm-5.1,helpfulness,4
question_40,compops-tools-fixed_gemma4-26b,glm-5.1,source_faithfulness,3
question_27,compops-tools-fixed_gemma4-26b,glm-5.1,relevance,5
question_27,compops-tools-fixed_gemma4-26b,glm-5.1,completeness,4
question_27,compops-tools-fixed_gemma4-26b,glm-5.1,specificity,2
question_27,compops-tools-fixed_gemma4-26b,glm-5.1,helpfulness,3
question_27,compops-tools-fixed_gemma4-26b,glm-5.1,source_faithfulness,2
question_48,compops-tools-fixed_gemma4-26b,glm-5.1,relevance,4
question_48,compops-tools-fixed_gemma4-26b,glm-5.1,completeness,3
question_48,compops-tools-fixed_gemma4-26b,glm-5.1,specificity,4
question_48,compops-tools-fixed_gemma4-26b,glm-5.1,helpfulness,3
question_48,compops-tools-fixed_gemma4-26b,glm-5.1,source_faithfulness,4
question_41,compops-tools-fixed_gemma4-26b,glm-5.1,relevance,5
question_41,compops-tools-fixed_gemma4-26b,glm-5.1,completeness,5
question_41,compops-tools-fixed_gemma4-26b,glm-5.1,specificity,4
question_41,compops-tools-fixed_gemma4-26b,glm-5.1,helpfulness,5
question_41,compops-tools-fixed_gemma4-26b,glm-5.1,source_faithfulness,4
question_42,compops-tools-fixed_gemma4-26b,glm-5.1,relevance,5
question_42,compops-tools-fixed_gemma4-26b,glm-5.1,completeness,5
question_42,compops-tools-fixed_gemma4-26b,glm-5.1,specificity,5
question_42,compops-tools-fixed_gemma4-26b,glm-5.1,helpfulness,5
question_42,compops-tools-fixed_gemma4-26b,glm-5.1,source_faithfulness,5
question_4,compops-tools-fixed_gemma4-26b,glm-5.1,relevance,5
question_4,compops-tools-fixed_gemma4-26b,glm-5.1,completeness,5
question_4,compops-tools-fixed_gemma4-26b,glm-5.1,specificity,4
question_4,compops-tools-fixed_gemma4-26b,glm-5.1,helpfulness,5
question_4,compops-tools-fixed_gemma4-26b,glm-5.1,source_faithfulness,5
question_6,compops-tools-fixed_gemma4-26b,glm-5.1,relevance,5
question_6,compops-tools-fixed_gemma4-26b,glm-5.1,completeness,5
question_6,compops-tools-fixed_gemma4-26b,glm-5.1,specificity,2
question_6,compops-tools-fixed_gemma4-26b,glm-5.1,helpfulness,3
question_7,compops-tools-fixed_gemma4-26b,glm-5.1,relevance,4
question_7,compops-tools-fixed_gemma4-26b,glm-5.1,completeness,3
question_7,compops-tools-fixed_gemma4-26b,glm-5.1,specificity,2
question_7,compops-tools-fixed_gemma4-26b,glm-5.1,helpfulness,2
question_7,compops-tools-fixed_gemma4-26b,glm-5.1,source_faithfulness,1
question_5,compops-tools-fixed_gemma4-26b,glm-5.1,relevance,4
question_5,compops-tools-fixed_gemma4-26b,glm-5.1,completeness,3
question_5,compops-tools-fixed_gemma4-26b,glm-5.1,specificity,2
question_5,compops-tools-fixed_gemma4-26b,glm-5.1,helpfulness,2
question_5,compops-tools-fixed_gemma4-26b,glm-5.1,source_faithfulness,2
question_8,compops-tools-fixed_gemma4-26b,glm-5.1,relevance,5
question_8,compops-tools-fixed_gemma4-26b,glm-5.1,completeness,5
question_8,compops-tools-fixed_gemma4-26b,glm-5.1,specificity,5
question_8,compops-tools-fixed_gemma4-26b,glm-5.1,helpfulness,5
question_8,compops-tools-fixed_gemma4-26b,glm-5.1,source_faithfulness,5
question_9,compops-tools-fixed_gemma4-26b,glm-5.1,relevance,1
question_9,compops-tools-fixed_gemma4-26b,glm-5.1,completeness,1
question_9,compops-tools-fixed_gemma4-26b,glm-5.1,specificity,1
question_9,compops-tools-fixed_gemma4-26b,glm-5.1,helpfulness,1
question_9,compops-tools-fixed_gemma4-26b,glm-5.1,source_faithfulness,1
question_28,compops-tools-fixed_gemma4-26b,glm-5.1,relevance,4
question_28,compops-tools-fixed_gemma4-26b,glm-5.1,completeness,3
question_28,compops-tools-fixed_gemma4-26b,glm-5.1,specificity,3
question_28,compops-tools-fixed_gemma4-26b,glm-5.1,helpfulness,3
question_28,compops-tools-fixed_gemma4-26b,glm-5.1,source_faithfulness,3
question_10,compops-tools-fixed_gemma4-26b,glm-5.1,relevance,5
question_10,compops-tools-fixed_gemma4-26b,glm-5.1,completeness,4
question_10,compops-tools-fixed_gemma4-26b,glm-5.1,specificity,2
question_10,compops-tools-fixed_gemma4-26b,glm-5.1,helpfulness,3
question_10,compops-tools-fixed_gemma4-26b,glm-5.1,source_faithfulness,2
question_49,compops-tools-fixed_gemma4-26b,glm-5.1,relevance,5
question_49,compops-tools-fixed_gemma4-26b,glm-5.1,completeness,4
question_49,compops-tools-fixed_gemma4-26b,glm-5.1,specificity,5
question_49,compops-tools-fixed_gemma4-26b,glm-5.1,helpfulness,4
question_49,compops-tools-fixed_gemma4-26b,glm-5.1,source_faithfulness,4
question_50,compops-tools-fixed_gemma4-26b,glm-5.1,relevance,5
question_50,compops-tools-fixed_gemma4-26b,glm-5.1,completeness,3
question_50,compops-tools-fixed_gemma4-26b,glm-5.1,specificity,4
question_50,compops-tools-fixed_gemma4-26b,glm-5.1,helpfulness,4
question_50,compops-tools-fixed_gemma4-26b,glm-5.1,source_faithfulness,5
question_11,compops-tools-fixed_gemma4-26b,glm-5.1,relevance,5
question_11,compops-tools-fixed_gemma4-26b,glm-5.1,completeness,5
question_11,compops-tools-fixed_gemma4-26b,glm-5.1,specificity,5
question_11,compops-tools-fixed_gemma4-26b,glm-5.1,helpfulness,5
question_11,compops-tools-fixed_gemma4-26b,glm-5.1,source_faithfulness,5
question_29,compops-tools-fixed_gemma4-26b,glm-5.1,relevance,3
question_29,compops-tools-fixed_gemma4-26b,glm-5.1,completeness,2
question_29,compops-tools-fixed_gemma4-26b,glm-5.1,specificity,3
question_29,compops-tools-fixed_gemma4-26b,glm-5.1,helpfulness,2
question_29,compops-tools-fixed_gemma4-26b,glm-5.1,source_faithfulness,3
question_30,compops-tools-fixed_gemma4-26b,glm-5.1,relevance,1
question_30,compops-tools-fixed_gemma4-26b,glm-5.1,completeness,1
question_30,compops-tools-fixed_gemma4-26b,glm-5.1,specificity,1
question_30,compops-tools-fixed_gemma4-26b,glm-5.1,helpfulness,1
question_30,compops-tools-fixed_gemma4-26b,glm-5.1,source_faithfulness,1
question_31,compops-tools-fixed_gemma4-26b,glm-5.1,relevance,5
question_31,compops-tools-fixed_gemma4-26b,glm-5.1,completeness,5
question_31,compops-tools-fixed_gemma4-26b,glm-5.1,specificity,4
question_31,compops-tools-fixed_gemma4-26b,glm-5.1,helpfulness,4
question_31,compops-tools-fixed_gemma4-26b,glm-5.1,source_faithfulness,4
question_12,compops-tools-fixed_gemma4-26b,glm-5.1,relevance,3
question_12,compops-tools-fixed_gemma4-26b,glm-5.1,completeness,2
question_12,compops-tools-fixed_gemma4-26b,glm-5.1,specificity,2
question_12,compops-tools-fixed_gemma4-26b,glm-5.1,helpfulness,2
question_12,compops-tools-fixed_gemma4-26b,glm-5.1,source_faithfulness,2
question_32,compops-tools-fixed_gemma4-26b,glm-5.1,relevance,5
question_32,compops-tools-fixed_gemma4-26b,glm-5.1,completeness,4
question_32,compops-tools-fixed_gemma4-26b,glm-5.1,specificity,3
question_32,compops-tools-fixed_gemma4-26b,glm-5.1,helpfulness,4
question_32,compops-tools-fixed_gemma4-26b,glm-5.1,source_faithfulness,3
question_13,compops-tools-fixed_gemma4-26b,glm-5.1,relevance,5
question_13,compops-tools-fixed_gemma4-26b,glm-5.1,completeness,3
question_13,compops-tools-fixed_gemma4-26b,glm-5.1,specificity,4
question_13,compops-tools-fixed_gemma4-26b,glm-5.1,helpfulness,4
question_43,compops-tools-fixed_gemma4-26b,glm-5.1,relevance,5
question_43,compops-tools-fixed_gemma4-26b,glm-5.1,completeness,4
question_43,compops-tools-fixed_gemma4-26b,glm-5.1,specificity,3
question_43,compops-tools-fixed_gemma4-26b,glm-5.1,helpfulness,4
question_43,compops-tools-fixed_gemma4-26b,glm-5.1,source_faithfulness,2
question_14,compops-tools-fixed_gemma4-26b,glm-5.1,relevance,3
question_14,compops-tools-fixed_gemma4-26b,glm-5.1,completeness,2
question_14,compops-tools-fixed_gemma4-26b,glm-5.1,specificity,2
question_14,compops-tools-fixed_gemma4-26b,glm-5.1,helpfulness,2
question_14,compops-tools-fixed_gemma4-26b,glm-5.1,source_faithfulness,3
question_33,compops-tools-fixed_gemma4-26b,glm-5.1,relevance,5
question_33,compops-tools-fixed_gemma4-26b,glm-5.1,completeness,5
question_33,compops-tools-fixed_gemma4-26b,glm-5.1,specificity,4
question_33,compops-tools-fixed_gemma4-26b,glm-5.1,helpfulness,4
question_33,compops-tools-fixed_gemma4-26b,glm-5.1,source_faithfulness,4
question_2,compops-tools-fixed_gemma4-26b,glm-5.1,relevance,5
question_2,compops-tools-fixed_gemma4-26b,glm-5.1,completeness,3
question_2,compops-tools-fixed_gemma4-26b,glm-5.1,specificity,3
question_2,compops-tools-fixed_gemma4-26b,glm-5.1,helpfulness,3
question_2,compops-tools-fixed_gemma4-26b,glm-5.1,source_faithfulness,3
question_34,compops-tools-fixed_gemma4-26b,glm-5.1,relevance,5
question_34,compops-tools-fixed_gemma4-26b,glm-5.1,completeness,5
question_34,compops-tools-fixed_gemma4-26b,glm-5.1,specificity,4
question_34,compops-tools-fixed_gemma4-26b,glm-5.1,helpfulness,4
question_34,compops-tools-fixed_gemma4-26b,glm-5.1,source_faithfulness,3
question_15,compops-tools-fixed_gemma4-26b,glm-5.1,relevance,5
question_15,compops-tools-fixed_gemma4-26b,glm-5.1,completeness,5
question_15,compops-tools-fixed_gemma4-26b,glm-5.1,specificity,5
question_15,compops-tools-fixed_gemma4-26b,glm-5.1,helpfulness,5
question_15,compops-tools-fixed_gemma4-26b,glm-5.1,source_faithfulness,5
question_44,compops-tools-fixed_gemma4-26b,glm-5.1,relevance,5
question_44,compops-tools-fixed_gemma4-26b,glm-5.1,completeness,4
question_44,compops-tools-fixed_gemma4-26b,glm-5.1,specificity,3
question_44,compops-tools-fixed_gemma4-26b,glm-5.1,helpfulness,3
question_44,compops-tools-fixed_gemma4-26b,glm-5.1,source_faithfulness,3
question_51,compops-tools-fixed_gemma4-26b,glm-5.1,relevance,2
question_51,compops-tools-fixed_gemma4-26b,glm-5.1,completeness,3
question_51,compops-tools-fixed_gemma4-26b,glm-5.1,specificity,4
question_51,compops-tools-fixed_gemma4-26b,glm-5.1,helpfulness,2
question_51,compops-tools-fixed_gemma4-26b,glm-5.1,source_faithfulness,3
question_16,compops-tools-fixed_gemma4-26b,glm-5.1,relevance,5
question_16,compops-tools-fixed_gemma4-26b,glm-5.1,completeness,5
question_16,compops-tools-fixed_gemma4-26b,glm-5.1,specificity,5
question_16,compops-tools-fixed_gemma4-26b,glm-5.1,helpfulness,5
question_16,compops-tools-fixed_gemma4-26b,glm-5.1,source_faithfulness,3
question_17,compops-tools-fixed_gemma4-26b,glm-5.1,relevance,1
question_17,compops-tools-fixed_gemma4-26b,glm-5.1,completeness,1
question_17,compops-tools-fixed_gemma4-26b,glm-5.1,specificity,1
question_17,compops-tools-fixed_gemma4-26b,glm-5.1,helpfulness,1
question_17,compops-tools-fixed_gemma4-26b,glm-5.1,source_faithfulness,1
question_52,compops-tools-fixed_gemma4-26b,glm-5.1,relevance,5
question_52,compops-tools-fixed_gemma4-26b,glm-5.1,completeness,4
question_52,compops-tools-fixed_gemma4-26b,glm-5.1,specificity,3
question_52,compops-tools-fixed_gemma4-26b,glm-5.1,helpfulness,4
question_52,compops-tools-fixed_gemma4-26b,glm-5.1,source_faithfulness,3
question_53,compops-tools-fixed_gemma4-26b,glm-5.1,relevance,4
question_53,compops-tools-fixed_gemma4-26b,glm-5.1,completeness,3
question_53,compops-tools-fixed_gemma4-26b,glm-5.1,specificity,3
question_53,compops-tools-fixed_gemma4-26b,glm-5.1,helpfulness,3
question_35,compops-tools-fixed_gemma4-26b,glm-5.1,relevance,5
question_35,compops-tools-fixed_gemma4-26b,glm-5.1,completeness,5
question_35,compops-tools-fixed_gemma4-26b,glm-5.1,specificity,5
question_35,compops-tools-fixed_gemma4-26b,glm-5.1,helpfulness,5
question_35,compops-tools-fixed_gemma4-26b,glm-5.1,source_faithfulness,4
question_36,compops-tools-fixed_gemma4-26b,glm-5.1,relevance,5
question_36,compops-tools-fixed_gemma4-26b,glm-5.1,completeness,5
question_36,compops-tools-fixed_gemma4-26b,glm-5.1,specificity,5
question_36,compops-tools-fixed_gemma4-26b,glm-5.1,helpfulness,5
question_36,compops-tools-fixed_gemma4-26b,glm-5.1,source_faithfulness,5
question_3,compops-tools-fixed_gemma4-26b,glm-5.1,relevance,4
question_3,compops-tools-fixed_gemma4-26b,glm-5.1,completeness,3
question_3,compops-tools-fixed_gemma4-26b,glm-5.1,specificity,3
question_3,compops-tools-fixed_gemma4-26b,glm-5.1,helpfulness,3
question_3,compops-tools-fixed_gemma4-26b,glm-5.1,source_faithfulness,3
question_45,compops-tools-fixed_gemma4-26b,glm-5.1,relevance,5
question_45,compops-tools-fixed_gemma4-26b,glm-5.1,completeness,5
question_45,compops-tools-fixed_gemma4-26b,glm-5.1,specificity,5
question_45,compops-tools-fixed_gemma4-26b,glm-5.1,helpfulness,5
question_45,compops-tools-fixed_gemma4-26b,glm-5.1,source_faithfulness,4
question_37,compops-tools-fixed_gemma4-26b,glm-5.1,relevance,5
question_37,compops-tools-fixed_gemma4-26b,glm-5.1,completeness,4
question_37,compops-tools-fixed_gemma4-26b,glm-5.1,specificity,4
question_37,compops-tools-fixed_gemma4-26b,glm-5.1,helpfulness,4
question_37,compops-tools-fixed_gemma4-26b,glm-5.1,source_faithfulness,4
question_18,compops-tools-fixed_gemma4-26b,glm-5.1,relevance,4
question_18,compops-tools-fixed_gemma4-26b,glm-5.1,completeness,3
question_18,compops-tools-fixed_gemma4-26b,glm-5.1,specificity,2
question_18,compops-tools-fixed_gemma4-26b,glm-5.1,helpfulness,2
question_18,compops-tools-fixed_gemma4-26b,glm-5.1,source_faithfulness,1
question_19,compops-tools-fixed_gemma4-26b,glm-5.1,relevance,4
question_19,compops-tools-fixed_gemma4-26b,glm-5.1,completeness,3
question_19,compops-tools-fixed_gemma4-26b,glm-5.1,specificity,2
question_19,compops-tools-fixed_gemma4-26b,glm-5.1,helpfulness,3
question_19,compops-tools-fixed_gemma4-26b,glm-5.1,source_faithfulness,2
question_20,compops-tools-fixed_gemma4-26b,glm-5.1,relevance,5
question_20,compops-tools-fixed_gemma4-26b,glm-5.1,completeness,4
question_20,compops-tools-fixed_gemma4-26b,glm-5.1,specificity,4
question_20,compops-tools-fixed_gemma4-26b,glm-5.1,helpfulness,4
question_20,compops-tools-fixed_gemma4-26b,glm-5.1,source_faithfulness,3
question_38,compops-tools-fixed_gemma4-26b,glm-5.1,relevance,5
question_38,compops-tools-fixed_gemma4-26b,glm-5.1,completeness,4
question_38,compops-tools-fixed_gemma4-26b,glm-5.1,specificity,2
question_38,compops-tools-fixed_gemma4-26b,glm-5.1,helpfulness,3
question_38,compops-tools-fixed_gemma4-26b,glm-5.1,source_faithfulness,2
question_21,compops-tools-fixed_gemma4-26b,glm-5.1,relevance,5
question_21,compops-tools-fixed_gemma4-26b,glm-5.1,completeness,3
question_21,compops-tools-fixed_gemma4-26b,glm-5.1,specificity,3
question_21,compops-tools-fixed_gemma4-26b,glm-5.1,helpfulness,2
question_21,compops-tools-fixed_gemma4-26b,glm-5.1,source_faithfulness,4
question_22,compops-tools-fixed_gemma4-26b,glm-5.1,relevance,5
question_22,compops-tools-fixed_gemma4-26b,glm-5.1,completeness,4
question_22,compops-tools-fixed_gemma4-26b,glm-5.1,specificity,2
question_22,compops-tools-fixed_gemma4-26b,glm-5.1,helpfulness,3
question_22,compops-tools-fixed_gemma4-26b,glm-5.1,source_faithfulness,2
question_46,optimized-tools_compops-gemma4-26b,glm-5.1,relevance,5
question_46,optimized-tools_compops-gemma4-26b,glm-5.1,completeness,4
question_46,optimized-tools_compops-gemma4-26b,glm-5.1,specificity,4
question_46,optimized-tools_compops-gemma4-26b,glm-5.1,helpfulness,4
question_46,optimized-tools_compops-gemma4-26b,glm-5.1,source_faithfulness,4
question_1,optimized-tools_compops-gemma4-26b,glm-5.1,relevance,4
question_1,optimized-tools_compops-gemma4-26b,glm-5.1,completeness,3
question_1,optimized-tools_compops-gemma4-26b,glm-5.1,specificity,2
question_1,optimized-tools_compops-gemma4-26b,glm-5.1,helpfulness,3
question_1,optimized-tools_compops-gemma4-26b,glm-5.1,source_faithfulness,2
question_23,optimized-tools_compops-gemma4-26b,glm-5.1,relevance,5
question_23,optimized-tools_compops-gemma4-26b,glm-5.1,completeness,4
question_23,optimized-tools_compops-gemma4-26b,glm-5.1,specificity,5
question_23,optimized-tools_compops-gemma4-26b,glm-5.1,helpfulness,5
question_23,optimized-tools_compops-gemma4-26b,glm-5.1,source_faithfulness,4
question_39,optimized-tools_compops-gemma4-26b,glm-5.1,relevance,5
question_39,optimized-tools_compops-gemma4-26b,glm-5.1,completeness,4
question_39,optimized-tools_compops-gemma4-26b,glm-5.1,specificity,4
question_39,optimized-tools_compops-gemma4-26b,glm-5.1,helpfulness,4
question_39,optimized-tools_compops-gemma4-26b,glm-5.1,source_faithfulness,4
question_24,optimized-tools_compops-gemma4-26b,glm-5.1,relevance,5
question_24,optimized-tools_compops-gemma4-26b,glm-5.1,completeness,4
question_24,optimized-tools_compops-gemma4-26b,glm-5.1,specificity,4
question_24,optimized-tools_compops-gemma4-26b,glm-5.1,helpfulness,4
question_24,optimized-tools_compops-gemma4-26b,glm-5.1,source_faithfulness,5
question_25,optimized-tools_compops-gemma4-26b,glm-5.1,relevance,5
question_25,optimized-tools_compops-gemma4-26b,glm-5.1,completeness,4
question_25,optimized-tools_compops-gemma4-26b,glm-5.1,specificity,5
question_25,optimized-tools_compops-gemma4-26b,glm-5.1,helpfulness,5
question_25,optimized-tools_compops-gemma4-26b,glm-5.1,source_faithfulness,4
question_26,optimized-tools_compops-gemma4-26b,glm-5.1,relevance,5
question_26,optimized-tools_compops-gemma4-26b,glm-5.1,completeness,5
question_26,optimized-tools_compops-gemma4-26b,glm-5.1,specificity,5
question_26,optimized-tools_compops-gemma4-26b,glm-5.1,helpfulness,5
question_26,optimized-tools_compops-gemma4-26b,glm-5.1,source_faithfulness,3
question_47,optimized-tools_compops-gemma4-26b,glm-5.1,relevance,5
question_47,optimized-tools_compops-gemma4-26b,glm-5.1,completeness,4
question_47,optimized-tools_compops-gemma4-26b,glm-5.1,specificity,2
question_47,optimized-tools_compops-gemma4-26b,glm-5.1,helpfulness,3
question_40,optimized-tools_compops-gemma4-26b,glm-5.1,relevance,5
question_40,optimized-tools_compops-gemma4-26b,glm-5.1,completeness,5
question_40,optimized-tools_compops-gemma4-26b,glm-5.1,specificity,5
question_40,optimized-tools_compops-gemma4-26b,glm-5.1,helpfulness,5
question_40,optimized-tools_compops-gemma4-26b,glm-5.1,source_faithfulness,4
question_27,optimized-tools_compops-gemma4-26b,glm-5.1,relevance,5
question_27,optimized-tools_compops-gemma4-26b,glm-5.1,completeness,5
question_27,optimized-tools_compops-gemma4-26b,glm-5.1,specificity,2
question_27,optimized-tools_compops-gemma4-26b,glm-5.1,helpfulness,2
question_27,optimized-tools_compops-gemma4-26b,glm-5.1,source_faithfulness,1
question_48,optimized-tools_compops-gemma4-26b,glm-5.1,relevance,4
question_48,optimized-tools_compops-gemma4-26b,glm-5.1,completeness,2
question_48,optimized-tools_compops-gemma4-26b,glm-5.1,specificity,2
question_48,optimized-tools_compops-gemma4-26b,glm-5.1,helpfulness,2
question_48,optimized-tools_compops-gemma4-26b,glm-5.1,source_faithfulness,4
question_41,optimized-tools_compops-gemma4-26b,glm-5.1,relevance,5
question_41,optimized-tools_compops-gemma4-26b,glm-5.1,completeness,4
question_41,optimized-tools_compops-gemma4-26b,glm-5.1,specificity,4
question_41,optimized-tools_compops-gemma4-26b,glm-5.1,helpfulness,4
question_41,optimized-tools_compops-gemma4-26b,glm-5.1,source_faithfulness,4
question_42,optimized-tools_compops-gemma4-26b,glm-5.1,relevance,4
question_42,optimized-tools_compops-gemma4-26b,glm-5.1,completeness,2
question_42,optimized-tools_compops-gemma4-26b,glm-5.1,specificity,3
question_42,optimized-tools_compops-gemma4-26b,glm-5.1,helpfulness,2
question_42,optimized-tools_compops-gemma4-26b,glm-5.1,source_faithfulness,4
question_4,optimized-tools_compops-gemma4-26b,glm-5.1,relevance,5
question_4,optimized-tools_compops-gemma4-26b,glm-5.1,completeness,5
question_4,optimized-tools_compops-gemma4-26b,glm-5.1,specificity,4
question_4,optimized-tools_compops-gemma4-26b,glm-5.1,helpfulness,5
question_4,optimized-tools_compops-gemma4-26b,glm-5.1,source_faithfulness,4
question_6,optimized-tools_compops-gemma4-26b,glm-5.1,relevance,5
question_6,optimized-tools_compops-gemma4-26b,glm-5.1,completeness,5
question_6,optimized-tools_compops-gemma4-26b,glm-5.1,specificity,2
question_6,optimized-tools_compops-gemma4-26b,glm-5.1,helpfulness,2
question_7,optimized-tools_compops-gemma4-26b,glm-5.1,relevance,4
question_7,optimized-tools_compops-gemma4-26b,glm-5.1,completeness,3
question_7,optimized-tools_compops-gemma4-26b,glm-5.1,specificity,2
question_7,optimized-tools_compops-gemma4-26b,glm-5.1,helpfulness,2
question_7,optimized-tools_compops-gemma4-26b,glm-5.1,source_faithfulness,2
question_5,optimized-tools_compops-gemma4-26b,glm-5.1,relevance,5
question_5,optimized-tools_compops-gemma4-26b,glm-5.1,completeness,2
question_5,optimized-tools_compops-gemma4-26b,glm-5.1,specificity,3
question_5,optimized-tools_compops-gemma4-26b,glm-5.1,helpfulness,2
question_5,optimized-tools_compops-gemma4-26b,glm-5.1,source_faithfulness,4
question_8,optimized-tools_compops-gemma4-26b,glm-5.1,relevance,5
question_8,optimized-tools_compops-gemma4-26b,glm-5.1,completeness,5
question_8,optimized-tools_compops-gemma4-26b,glm-5.1,specificity,2
question_8,optimized-tools_compops-gemma4-26b,glm-5.1,helpfulness,4
question_8,optimized-tools_compops-gemma4-26b,glm-5.1,source_faithfulness,5
question_9,optimized-tools_compops-gemma4-26b,glm-5.1,relevance,4
question_9,optimized-tools_compops-gemma4-26b,glm-5.1,completeness,2
question_9,optimized-tools_compops-gemma4-26b,glm-5.1,specificity,2
question_9,optimized-tools_compops-gemma4-26b,glm-5.1,helpfulness,2
question_9,optimized-tools_compops-gemma4-26b,glm-5.1,source_faithfulness,4
question_28,optimized-tools_compops-gemma4-26b,glm-5.1,relevance,5
question_28,optimized-tools_compops-gemma4-26b,glm-5.1,completeness,4
question_28,optimized-tools_compops-gemma4-26b,glm-5.1,specificity,4
question_28,optimized-tools_compops-gemma4-26b,glm-5.1,helpfulness,4
question_28,optimized-tools_compops-gemma4-26b,glm-5.1,source_faithfulness,4
question_10,optimized-tools_compops-gemma4-26b,glm-5.1,relevance,5
question_10,optimized-tools_compops-gemma4-26b,glm-5.1,completeness,4
question_10,optimized-tools_compops-gemma4-26b,glm-5.1,specificity,3
question_10,optimized-tools_compops-gemma4-26b,glm-5.1,helpfulness,3
question_10,optimized-tools_compops-gemma4-26b,glm-5.1,source_faithfulness,3
question_49,optimized-tools_compops-gemma4-26b,glm-5.1,relevance,1
question_49,optimized-tools_compops-gemma4-26b,glm-5.1,completeness,1
question_49,optimized-tools_compops-gemma4-26b,glm-5.1,specificity,1
question_49,optimized-tools_compops-gemma4-26b,glm-5.1,helpfulness,1
question_49,optimized-tools_compops-gemma4-26b,glm-5.1,source_faithfulness,1
question_50,optimized-tools_compops-gemma4-26b,glm-5.1,relevance,2
question_50,optimized-tools_compops-gemma4-26b,glm-5.1,completeness,2
question_50,optimized-tools_compops-gemma4-26b,glm-5.1,specificity,2
question_50,optimized-tools_compops-gemma4-26b,glm-5.1,helpfulness,2
question_50,optimized-tools_compops-gemma4-26b,glm-5.1,source_faithfulness,3
question_11,optimized-tools_compops-gemma4-26b,glm-5.1,relevance,5
question_11,optimized-tools_compops-gemma4-26b,glm-5.1,completeness,4
question_11,optimized-tools_compops-gemma4-26b,glm-5.1,specificity,4
question_11,optimized-tools_compops-gemma4-26b,glm-5.1,helpfulness,4
question_11,optimized-tools_compops-gemma4-26b,glm-5.1,source_faithfulness,3
question_29,optimized-tools_compops-gemma4-26b,glm-5.1,relevance,5
question_29,optimized-tools_compops-gemma4-26b,glm-5.1,completeness,4
question_29,optimized-tools_compops-gemma4-26b,glm-5.1,specificity,2
question_29,optimized-tools_compops-gemma4-26b,glm-5.1,helpfulness,3
question_29,optimized-tools_compops-gemma4-26b,glm-5.1,source_faithfulness,1
question_30,optimized-tools_compops-gemma4-26b,glm-5.1,relevance,5
question_30,optimized-tools_compops-gemma4-26b,glm-5.1,completeness,4
question_30,optimized-tools_compops-gemma4-26b,glm-5.1,specificity,4
question_30,optimized-tools_compops-gemma4-26b,glm-5.1,helpfulness,4
question_30,optimized-tools_compops-gemma4-26b,glm-5.1,source_faithfulness,5
question_31,optimized-tools_compops-gemma4-26b,glm-5.1,relevance,5
question_31,optimized-tools_compops-gemma4-26b,glm-5.1,completeness,5
question_31,optimized-tools_compops-gemma4-26b,glm-5.1,specificity,2
question_31,optimized-tools_compops-gemma4-26b,glm-5.1,helpfulness,4
question_31,optimized-tools_compops-gemma4-26b,glm-5.1,source_faithfulness,4
question_12,optimized-tools_compops-gemma4-26b,glm-5.1,relevance,3
question_12,optimized-tools_compops-gemma4-26b,glm-5.1,completeness,2
question_12,optimized-tools_compops-gemma4-26b,glm-5.1,specificity,3
question_12,optimized-tools_compops-gemma4-26b,glm-5.1,helpfulness,2
question_12,optimized-tools_compops-gemma4-26b,glm-5.1,source_faithfulness,4
question_32,optimized-tools_compops-gemma4-26b,glm-5.1,relevance,5
question_32,optimized-tools_compops-gemma4-26b,glm-5.1,completeness,5
question_32,optimized-tools_compops-gemma4-26b,glm-5.1,specificity,5
question_32,optimized-tools_compops-gemma4-26b,glm-5.1,helpfulness,5
question_32,optimized-tools_compops-gemma4-26b,glm-5.1,source_faithfulness,5
question_13,optimized-tools_compops-gemma4-26b,glm-5.1,relevance,5
question_13,optimized-tools_compops-gemma4-26b,glm-5.1,completeness,5
question_13,optimized-tools_compops-gemma4-26b,glm-5.1,specificity,5
question_13,optimized-tools_compops-gemma4-26b,glm-5.1,helpfulness,5
question_43,optimized-tools_compops-gemma4-26b,glm-5.1,relevance,5
question_43,optimized-tools_compops-gemma4-26b,glm-5.1,completeness,5
question_43,optimized-tools_compops-gemma4-26b,glm-5.1,specificity,5
question_43,optimized-tools_compops-gemma4-26b,glm-5.1,helpfulness,5
question_43,optimized-tools_compops-gemma4-26b,glm-5.1,source_faithfulness,5
question_14,optimized-tools_compops-gemma4-26b,glm-5.1,relevance,3
question_14,optimized-tools_compops-gemma4-26b,glm-5.1,completeness,2
question_14,optimized-tools_compops-gemma4-26b,glm-5.1,specificity,2
question_14,optimized-tools_compops-gemma4-26b,glm-5.1,helpfulness,2
question_14,optimized-tools_compops-gemma4-26b,glm-5.1,source_faithfulness,3
question_33,optimized-tools_compops-gemma4-26b,glm-5.1,relevance,5
question_33,optimized-tools_compops-gemma4-26b,glm-5.1,completeness,5
question_33,optimized-tools_compops-gemma4-26b,glm-5.1,specificity,3
question_33,optimized-tools_compops-gemma4-26b,glm-5.1,helpfulness,4
question_33,optimized-tools_compops-gemma4-26b,glm-5.1,source_faithfulness,3
question_2,optimized-tools_compops-gemma4-26b,glm-5.1,relevance,5
question_2,optimized-tools_compops-gemma4-26b,glm-5.1,completeness,3
question_2,optimized-tools_compops-gemma4-26b,glm-5.1,specificity,2
question_2,optimized-tools_compops-gemma4-26b,glm-5.1,helpfulness,3
question_2,optimized-tools_compops-gemma4-26b,glm-5.1,source_faithfulness,3
question_34,optimized-tools_compops-gemma4-26b,glm-5.1,relevance,5
question_34,optimized-tools_compops-gemma4-26b,glm-5.1,completeness,5
question_34,optimized-tools_compops-gemma4-26b,glm-5.1,specificity,4
question_34,optimized-tools_compops-gemma4-26b,glm-5.1,helpfulness,4
question_34,optimized-tools_compops-gemma4-26b,glm-5.1,source_faithfulness,4
question_15,optimized-tools_compops-gemma4-26b,glm-5.1,relevance,5
question_15,optimized-tools_compops-gemma4-26b,glm-5.1,completeness,5
question_15,optimized-tools_compops-gemma4-26b,glm-5.1,specificity,4
question_15,optimized-tools_compops-gemma4-26b,glm-5.1,helpfulness,5
question_15,optimized-tools_compops-gemma4-26b,glm-5.1,source_faithfulness,4
question_44,optimized-tools_compops-gemma4-26b,glm-5.1,relevance,5
question_44,optimized-tools_compops-gemma4-26b,glm-5.1,completeness,5
question_44,optimized-tools_compops-gemma4-26b,glm-5.1,specificity,3
question_44,optimized-tools_compops-gemma4-26b,glm-5.1,helpfulness,4
question_44,optimized-tools_compops-gemma4-26b,glm-5.1,source_faithfulness,5
question_51,optimized-tools_compops-gemma4-26b,glm-5.1,relevance,2
question_51,optimized-tools_compops-gemma4-26b,glm-5.1,completeness,3
question_51,optimized-tools_compops-gemma4-26b,glm-5.1,specificity,4
question_51,optimized-tools_compops-gemma4-26b,glm-5.1,helpfulness,2
question_51,optimized-tools_compops-gemma4-26b,glm-5.1,source_faithfulness,3
question_17,optimized-tools_compops-gemma4-26b,glm-5.1,relevance,1
question_17,optimized-tools_compops-gemma4-26b,glm-5.1,completeness,1
question_17,optimized-tools_compops-gemma4-26b,glm-5.1,specificity,1
question_17,optimized-tools_compops-gemma4-26b,glm-5.1,helpfulness,1
question_17,optimized-tools_compops-gemma4-26b,glm-5.1,source_faithfulness,1
question_52,optimized-tools_compops-gemma4-26b,glm-5.1,relevance,5
question_52,optimized-tools_compops-gemma4-26b,glm-5.1,completeness,5
question_52,optimized-tools_compops-gemma4-26b,glm-5.1,specificity,2
question_52,optimized-tools_compops-gemma4-26b,glm-5.1,helpfulness,3
question_52,optimized-tools_compops-gemma4-26b,glm-5.1,source_faithfulness,3
question_53,optimized-tools_compops-gemma4-26b,glm-5.1,relevance,5
question_53,optimized-tools_compops-gemma4-26b,glm-5.1,completeness,5
question_53,optimized-tools_compops-gemma4-26b,glm-5.1,specificity,5
question_53,optimized-tools_compops-gemma4-26b,glm-5.1,helpfulness,5
question_35,optimized-tools_compops-gemma4-26b,glm-5.1,relevance,5
question_35,optimized-tools_compops-gemma4-26b,glm-5.1,completeness,5
question_35,optimized-tools_compops-gemma4-26b,glm-5.1,specificity,5
question_35,optimized-tools_compops-gemma4-26b,glm-5.1,helpfulness,5
question_35,optimized-tools_compops-gemma4-26b,glm-5.1,source_faithfulness,5
question_36,optimized-tools_compops-gemma4-26b,glm-5.1,relevance,5
question_36,optimized-tools_compops-gemma4-26b,glm-5.1,completeness,5
question_36,optimized-tools_compops-gemma4-26b,glm-5.1,specificity,5
question_36,optimized-tools_compops-gemma4-26b,glm-5.1,helpfulness,5
question_36,optimized-tools_compops-gemma4-26b,glm-5.1,source_faithfulness,5
question_3,optimized-tools_compops-gemma4-26b,glm-5.1,relevance,3
question_3,optimized-tools_compops-gemma4-26b,glm-5.1,completeness,2
question_3,optimized-tools_compops-gemma4-26b,glm-5.1,specificity,2
question_3,optimized-tools_compops-gemma4-26b,glm-5.1,helpfulness,2
question_3,optimized-tools_compops-gemma4-26b,glm-5.1,source_faithfulness,2
question_45,optimized-tools_compops-gemma4-26b,glm-5.1,relevance,5
question_45,optimized-tools_compops-gemma4-26b,glm-5.1,completeness,5
question_45,optimized-tools_compops-gemma4-26b,glm-5.1,specificity,5
question_45,optimized-tools_compops-gemma4-26b,glm-5.1,helpfulness,5
question_45,optimized-tools_compops-gemma4-26b,glm-5.1,source_faithfulness,5
question_37,optimized-tools_compops-gemma4-26b,glm-5.1,relevance,5
question_37,optimized-tools_compops-gemma4-26b,glm-5.1,completeness,4
question_37,optimized-tools_compops-gemma4-26b,glm-5.1,specificity,4
question_37,optimized-tools_compops-gemma4-26b,glm-5.1,helpfulness,4
question_37,optimized-tools_compops-gemma4-26b,glm-5.1,source_faithfulness,3
question_18,optimized-tools_compops-gemma4-26b,glm-5.1,relevance,1
question_18,optimized-tools_compops-gemma4-26b,glm-5.1,completeness,1
question_18,optimized-tools_compops-gemma4-26b,glm-5.1,specificity,1
question_18,optimized-tools_compops-gemma4-26b,glm-5.1,helpfulness,1
question_18,optimized-tools_compops-gemma4-26b,glm-5.1,source_faithfulness,1
question_19,optimized-tools_compops-gemma4-26b,glm-5.1,relevance,5
question_19,optimized-tools_compops-gemma4-26b,glm-5.1,completeness,3
question_19,optimized-tools_compops-gemma4-26b,glm-5.1,specificity,3
question_19,optimized-tools_compops-gemma4-26b,glm-5.1,helpfulness,3
question_19,optimized-tools_compops-gemma4-26b,glm-5.1,source_faithfulness,2
question_20,optimized-tools_compops-gemma4-26b,glm-5.1,relevance,4
question_20,optimized-tools_compops-gemma4-26b,glm-5.1,completeness,2
question_20,optimized-tools_compops-gemma4-26b,glm-5.1,specificity,2
question_20,optimized-tools_compops-gemma4-26b,glm-5.1,helpfulness,1
question_20,optimized-tools_compops-gemma4-26b,glm-5.1,source_faithfulness,3
question_38,optimized-tools_compops-gemma4-26b,glm-5.1,relevance,5
question_38,optimized-tools_compops-gemma4-26b,glm-5.1,completeness,3
question_38,optimized-tools_compops-gemma4-26b,glm-5.1,specificity,2
question_38,optimized-tools_compops-gemma4-26b,glm-5.1,helpfulness,3
question_38,optimized-tools_compops-gemma4-26b,glm-5.1,source_faithfulness,2
question_21,optimized-tools_compops-gemma4-26b,glm-5.1,relevance,4
question_21,optimized-tools_compops-gemma4-26b,glm-5.1,completeness,2
question_21,optimized-tools_compops-gemma4-26b,glm-5.1,specificity,3
question_21,optimized-tools_compops-gemma4-26b,glm-5.1,helpfulness,2
question_21,optimized-tools_compops-gemma4-26b,glm-5.1,source_faithfulness,3
question_22,optimized-tools_compops-gemma4-26b,glm-5.1,relevance,5
question_22,optimized-tools_compops-gemma4-26b,glm-5.1,completeness,4
question_22,optimized-tools_compops-gemma4-26b,glm-5.1,specificity,3
question_22,optimized-tools_compops-gemma4-26b,glm-5.1,helpfulness,3
question_22,optimized-tools_compops-gemma4-26b,glm-5.1,source_faithfulness,5
question_46,optimized-tools_copilot-gemma4-26b,glm-5.1,relevance,5
question_46,optimized-tools_copilot-gemma4-26b,glm-5.1,completeness,3
question_46,optimized-tools_copilot-gemma4-26b,glm-5.1,specificity,3
question_46,optimized-tools_copilot-gemma4-26b,glm-5.1,helpfulness,3
question_46,optimized-tools_copilot-gemma4-26b,glm-5.1,source_faithfulness,2
question_1,optimized-tools_copilot-gemma4-26b,glm-5.1,relevance,5
question_1,optimized-tools_copilot-gemma4-26b,glm-5.1,completeness,4
question_1,optimized-tools_copilot-gemma4-26b,glm-5.1,specificity,3
question_1,optimized-tools_copilot-gemma4-26b,glm-5.1,helpfulness,3
question_1,optimized-tools_copilot-gemma4-26b,glm-5.1,source_faithfulness,3
question_23,optimized-tools_copilot-gemma4-26b,glm-5.1,relevance,4
question_23,optimized-tools_copilot-gemma4-26b,glm-5.1,completeness,4
question_23,optimized-tools_copilot-gemma4-26b,glm-5.1,specificity,2
question_23,optimized-tools_copilot-gemma4-26b,glm-5.1,helpfulness,2
question_23,optimized-tools_copilot-gemma4-26b,glm-5.1,source_faithfulness,1
question_39,optimized-tools_copilot-gemma4-26b,glm-5.1,relevance,5
question_39,optimized-tools_copilot-gemma4-26b,glm-5.1,completeness,3
question_39,optimized-tools_copilot-gemma4-26b,glm-5.1,specificity,3
question_39,optimized-tools_copilot-gemma4-26b,glm-5.1,helpfulness,3
question_39,optimized-tools_copilot-gemma4-26b,glm-5.1,source_faithfulness,3
question_24,optimized-tools_copilot-gemma4-26b,glm-5.1,relevance,4
question_24,optimized-tools_copilot-gemma4-26b,glm-5.1,completeness,3
question_24,optimized-tools_copilot-gemma4-26b,glm-5.1,specificity,2
question_24,optimized-tools_copilot-gemma4-26b,glm-5.1,helpfulness,2
question_25,optimized-tools_copilot-gemma4-26b,glm-5.1,relevance,5
question_25,optimized-tools_copilot-gemma4-26b,glm-5.1,completeness,5
question_25,optimized-tools_copilot-gemma4-26b,glm-5.1,specificity,2
question_25,optimized-tools_copilot-gemma4-26b,glm-5.1,helpfulness,4
question_25,optimized-tools_copilot-gemma4-26b,glm-5.1,source_faithfulness,5
question_26,optimized-tools_copilot-gemma4-26b,glm-5.1,relevance,5
question_26,optimized-tools_copilot-gemma4-26b,glm-5.1,completeness,4
question_26,optimized-tools_copilot-gemma4-26b,glm-5.1,specificity,3
question_26,optimized-tools_copilot-gemma4-26b,glm-5.1,helpfulness,4
question_26,optimized-tools_copilot-gemma4-26b,glm-5.1,source_faithfulness,3
question_40,optimized-tools_copilot-gemma4-26b,glm-5.1,relevance,5
question_40,optimized-tools_copilot-gemma4-26b,glm-5.1,completeness,5
question_40,optimized-tools_copilot-gemma4-26b,glm-5.1,specificity,4
question_40,optimized-tools_copilot-gemma4-26b,glm-5.1,helpfulness,5
question_40,optimized-tools_copilot-gemma4-26b,glm-5.1,source_faithfulness,4
question_27,optimized-tools_copilot-gemma4-26b,glm-5.1,relevance,5
question_27,optimized-tools_copilot-gemma4-26b,glm-5.1,completeness,4
question_27,optimized-tools_copilot-gemma4-26b,glm-5.1,specificity,2
question_27,optimized-tools_copilot-gemma4-26b,glm-5.1,helpfulness,3
question_27,optimized-tools_copilot-gemma4-26b,glm-5.1,source_faithfulness,1
question_48,optimized-tools_copilot-gemma4-26b,glm-5.1,relevance,5
question_48,optimized-tools_copilot-gemma4-26b,glm-5.1,completeness,4
question_48,optimized-tools_copilot-gemma4-26b,glm-5.1,specificity,2
question_48,optimized-tools_copilot-gemma4-26b,glm-5.1,helpfulness,3
question_48,optimized-tools_copilot-gemma4-26b,glm-5.1,source_faithfulness,2
question_41,optimized-tools_copilot-gemma4-26b,glm-5.1,relevance,4
question_41,optimized-tools_copilot-gemma4-26b,glm-5.1,completeness,3
question_41,optimized-tools_copilot-gemma4-26b,glm-5.1,specificity,2
question_41,optimized-tools_copilot-gemma4-26b,glm-5.1,helpfulness,2
question_41,optimized-tools_copilot-gemma4-26b,glm-5.1,source_faithfulness,2
question_42,optimized-tools_copilot-gemma4-26b,glm-5.1,relevance,5
question_42,optimized-tools_copilot-gemma4-26b,glm-5.1,completeness,2
question_42,optimized-tools_copilot-gemma4-26b,glm-5.1,specificity,2
question_42,optimized-tools_copilot-gemma4-26b,glm-5.1,helpfulness,2
question_42,optimized-tools_copilot-gemma4-26b,glm-5.1,source_faithfulness,5
question_4,optimized-tools_copilot-gemma4-26b,glm-5.1,relevance,5
question_4,optimized-tools_copilot-gemma4-26b,glm-5.1,completeness,5
question_4,optimized-tools_copilot-gemma4-26b,glm-5.1,specificity,5
question_4,optimized-tools_copilot-gemma4-26b,glm-5.1,helpfulness,5
question_4,optimized-tools_copilot-gemma4-26b,glm-5.1,source_faithfulness,4
question_6,optimized-tools_copilot-gemma4-26b,glm-5.1,relevance,5
question_6,optimized-tools_copilot-gemma4-26b,glm-5.1,completeness,5
question_6,optimized-tools_copilot-gemma4-26b,glm-5.1,specificity,2
question_6,optimized-tools_copilot-gemma4-26b,glm-5.1,helpfulness,2
question_7,optimized-tools_copilot-gemma4-26b,glm-5.1,relevance,4
question_7,optimized-tools_copilot-gemma4-26b,glm-5.1,completeness,3
question_7,optimized-tools_copilot-gemma4-26b,glm-5.1,specificity,2
question_7,optimized-tools_copilot-gemma4-26b,glm-5.1,helpfulness,2
question_7,optimized-tools_copilot-gemma4-26b,glm-5.1,source_faithfulness,2
question_5,optimized-tools_copilot-gemma4-26b,glm-5.1,relevance,5
question_5,optimized-tools_copilot-gemma4-26b,glm-5.1,completeness,5
question_5,optimized-tools_copilot-gemma4-26b,glm-5.1,specificity,5
question_5,optimized-tools_copilot-gemma4-26b,glm-5.1,helpfulness,5
question_5,optimized-tools_copilot-gemma4-26b,glm-5.1,source_faithfulness,4
question_8,optimized-tools_copilot-gemma4-26b,glm-5.1,relevance,5
question_8,optimized-tools_copilot-gemma4-26b,glm-5.1,completeness,4
question_8,optimized-tools_copilot-gemma4-26b,glm-5.1,specificity,4
question_8,optimized-tools_copilot-gemma4-26b,glm-5.1,helpfulness,4
question_8,optimized-tools_copilot-gemma4-26b,glm-5.1,source_faithfulness,3
question_28,optimized-tools_copilot-gemma4-26b,glm-5.1,relevance,5
question_28,optimized-tools_copilot-gemma4-26b,glm-5.1,completeness,4
question_28,optimized-tools_copilot-gemma4-26b,glm-5.1,specificity,3
question_28,optimized-tools_copilot-gemma4-26b,glm-5.1,helpfulness,4
question_28,optimized-tools_copilot-gemma4-26b,glm-5.1,source_faithfulness,3
question_10,optimized-tools_copilot-gemma4-26b,glm-5.1,relevance,5
question_10,optimized-tools_copilot-gemma4-26b,glm-5.1,completeness,4
question_10,optimized-tools_copilot-gemma4-26b,glm-5.1,specificity,5
question_10,optimized-tools_copilot-gemma4-26b,glm-5.1,helpfulness,4
question_10,optimized-tools_copilot-gemma4-26b,glm-5.1,source_faithfulness,4
question_49,optimized-tools_copilot-gemma4-26b,glm-5.1,relevance,5
question_49,optimized-tools_copilot-gemma4-26b,glm-5.1,completeness,3
question_49,optimized-tools_copilot-gemma4-26b,glm-5.1,specificity,4
question_49,optimized-tools_copilot-gemma4-26b,glm-5.1,helpfulness,3
question_49,optimized-tools_copilot-gemma4-26b,glm-5.1,source_faithfulness,4
question_50,optimized-tools_copilot-gemma4-26b,glm-5.1,relevance,3
question_50,optimized-tools_copilot-gemma4-26b,glm-5.1,completeness,2
question_50,optimized-tools_copilot-gemma4-26b,glm-5.1,specificity,3
question_50,optimized-tools_copilot-gemma4-26b,glm-5.1,helpfulness,2
question_50,optimized-tools_copilot-gemma4-26b,glm-5.1,source_faithfulness,3
question_11,optimized-tools_copilot-gemma4-26b,glm-5.1,relevance,5
question_11,optimized-tools_copilot-gemma4-26b,glm-5.1,completeness,5
question_11,optimized-tools_copilot-gemma4-26b,glm-5.1,specificity,5
question_11,optimized-tools_copilot-gemma4-26b,glm-5.1,helpfulness,5
question_11,optimized-tools_copilot-gemma4-26b,glm-5.1,source_faithfulness,4
question_29,optimized-tools_copilot-gemma4-26b,glm-5.1,relevance,4
question_29,optimized-tools_copilot-gemma4-26b,glm-5.1,completeness,3
question_29,optimized-tools_copilot-gemma4-26b,glm-5.1,specificity,3
question_29,optimized-tools_copilot-gemma4-26b,glm-5.1,helpfulness,3
question_29,optimized-tools_copilot-gemma4-26b,glm-5.1,source_faithfulness,4
question_30,optimized-tools_copilot-gemma4-26b,glm-5.1,relevance,4
question_30,optimized-tools_copilot-gemma4-26b,glm-5.1,completeness,3
question_30,optimized-tools_copilot-gemma4-26b,glm-5.1,specificity,3
question_30,optimized-tools_copilot-gemma4-26b,glm-5.1,helpfulness,3
question_30,optimized-tools_copilot-gemma4-26b,glm-5.1,source_faithfulness,4
question_31,optimized-tools_copilot-gemma4-26b,glm-5.1,relevance,5
question_31,optimized-tools_copilot-gemma4-26b,glm-5.1,completeness,4
question_31,optimized-tools_copilot-gemma4-26b,glm-5.1,specificity,3
question_31,optimized-tools_copilot-gemma4-26b,glm-5.1,helpfulness,4
question_31,optimized-tools_copilot-gemma4-26b,glm-5.1,source_faithfulness,3
question_12,optimized-tools_copilot-gemma4-26b,glm-5.1,relevance,5
question_12,optimized-tools_copilot-gemma4-26b,glm-5.1,completeness,3
question_12,optimized-tools_copilot-gemma4-26b,glm-5.1,specificity,2
question_12,optimized-tools_copilot-gemma4-26b,glm-5.1,helpfulness,3
question_12,optimized-tools_copilot-gemma4-26b,glm-5.1,source_faithfulness,2
question_32,optimized-tools_copilot-gemma4-26b,glm-5.1,relevance,5
question_32,optimized-tools_copilot-gemma4-26b,glm-5.1,completeness,5
question_32,optimized-tools_copilot-gemma4-26b,glm-5.1,specificity,3
question_32,optimized-tools_copilot-gemma4-26b,glm-5.1,helpfulness,4
question_32,optimized-tools_copilot-gemma4-26b,glm-5.1,source_faithfulness,2
question_13,optimized-tools_copilot-gemma4-26b,glm-5.1,relevance,5
question_13,optimized-tools_copilot-gemma4-26b,glm-5.1,completeness,3
question_13,optimized-tools_copilot-gemma4-26b,glm-5.1,specificity,2
question_13,optimized-tools_copilot-gemma4-26b,glm-5.1,helpfulness,3
question_43,optimized-tools_copilot-gemma4-26b,glm-5.1,relevance,5
question_43,optimized-tools_copilot-gemma4-26b,glm-5.1,completeness,4
question_43,optimized-tools_copilot-gemma4-26b,glm-5.1,specificity,4
question_43,optimized-tools_copilot-gemma4-26b,glm-5.1,helpfulness,4
question_43,optimized-tools_copilot-gemma4-26b,glm-5.1,source_faithfulness,3
question_14,optimized-tools_copilot-gemma4-26b,glm-5.1,relevance,2
question_14,optimized-tools_copilot-gemma4-26b,glm-5.1,completeness,2
question_14,optimized-tools_copilot-gemma4-26b,glm-5.1,specificity,2
question_14,optimized-tools_copilot-gemma4-26b,glm-5.1,helpfulness,2
question_14,optimized-tools_copilot-gemma4-26b,glm-5.1,source_faithfulness,1
question_33,optimized-tools_copilot-gemma4-26b,glm-5.1,relevance,5
question_33,optimized-tools_copilot-gemma4-26b,glm-5.1,completeness,4
question_33,optimized-tools_copilot-gemma4-26b,glm-5.1,specificity,3
question_33,optimized-tools_copilot-gemma4-26b,glm-5.1,helpfulness,3
question_33,optimized-tools_copilot-gemma4-26b,glm-5.1,source_faithfulness,3
question_2,optimized-tools_copilot-gemma4-26b,glm-5.1,relevance,5
question_2,optimized-tools_copilot-gemma4-26b,glm-5.1,completeness,3
question_2,optimized-tools_copilot-gemma4-26b,glm-5.1,specificity,3
question_2,optimized-tools_copilot-gemma4-26b,glm-5.1,helpfulness,3
question_2,optimized-tools_copilot-gemma4-26b,glm-5.1,source_faithfulness,3
question_34,optimized-tools_copilot-gemma4-26b,glm-5.1,relevance,5
question_34,optimized-tools_copilot-gemma4-26b,glm-5.1,completeness,5
question_34,optimized-tools_copilot-gemma4-26b,glm-5.1,specificity,4
question_34,optimized-tools_copilot-gemma4-26b,glm-5.1,helpfulness,4
question_34,optimized-tools_copilot-gemma4-26b,glm-5.1,source_faithfulness,3
question_15,optimized-tools_copilot-gemma4-26b,glm-5.1,relevance,5
question_15,optimized-tools_copilot-gemma4-26b,glm-5.1,completeness,5
question_15,optimized-tools_copilot-gemma4-26b,glm-5.1,specificity,4
question_15,optimized-tools_copilot-gemma4-26b,glm-5.1,helpfulness,5
question_15,optimized-tools_copilot-gemma4-26b,glm-5.1,source_faithfulness,5
question_44,optimized-tools_copilot-gemma4-26b,glm-5.1,relevance,5
question_44,optimized-tools_copilot-gemma4-26b,glm-5.1,completeness,3
question_44,optimized-tools_copilot-gemma4-26b,glm-5.1,specificity,3
question_44,optimized-tools_copilot-gemma4-26b,glm-5.1,helpfulness,3
question_44,optimized-tools_copilot-gemma4-26b,glm-5.1,source_faithfulness,3
question_51,optimized-tools_copilot-gemma4-26b,glm-5.1,relevance,2
question_51,optimized-tools_copilot-gemma4-26b,glm-5.1,completeness,2
question_51,optimized-tools_copilot-gemma4-26b,glm-5.1,specificity,2
question_51,optimized-tools_copilot-gemma4-26b,glm-5.1,helpfulness,2
question_51,optimized-tools_copilot-gemma4-26b,glm-5.1,source_faithfulness,2
question_16,optimized-tools_copilot-gemma4-26b,glm-5.1,relevance,5
question_16,optimized-tools_copilot-gemma4-26b,glm-5.1,completeness,5
question_16,optimized-tools_copilot-gemma4-26b,glm-5.1,specificity,3
question_16,optimized-tools_copilot-gemma4-26b,glm-5.1,helpfulness,2
question_16,optimized-tools_copilot-gemma4-26b,glm-5.1,source_faithfulness,2
question_17,optimized-tools_copilot-gemma4-26b,glm-5.1,relevance,3
question_17,optimized-tools_copilot-gemma4-26b,glm-5.1,completeness,2
question_17,optimized-tools_copilot-gemma4-26b,glm-5.1,specificity,2
question_17,optimized-tools_copilot-gemma4-26b,glm-5.1,helpfulness,2
question_17,optimized-tools_copilot-gemma4-26b,glm-5.1,source_faithfulness,1
question_52,optimized-tools_copilot-gemma4-26b,glm-5.1,relevance,5
question_52,optimized-tools_copilot-gemma4-26b,glm-5.1,completeness,5
question_52,optimized-tools_copilot-gemma4-26b,glm-5.1,specificity,4
question_52,optimized-tools_copilot-gemma4-26b,glm-5.1,helpfulness,5
question_52,optimized-tools_copilot-gemma4-26b,glm-5.1,source_faithfulness,4
question_53,optimized-tools_copilot-gemma4-26b,glm-5.1,relevance,5
question_53,optimized-tools_copilot-gemma4-26b,glm-5.1,completeness,5
question_53,optimized-tools_copilot-gemma4-26b,glm-5.1,specificity,4
question_53,optimized-tools_copilot-gemma4-26b,glm-5.1,helpfulness,5
question_53,optimized-tools_copilot-gemma4-26b,glm-5.1,source_faithfulness,3
question_35,optimized-tools_copilot-gemma4-26b,glm-5.1,relevance,5
question_35,optimized-tools_copilot-gemma4-26b,glm-5.1,completeness,5
question_35,optimized-tools_copilot-gemma4-26b,glm-5.1,specificity,3
question_35,optimized-tools_copilot-gemma4-26b,glm-5.1,helpfulness,4
question_35,optimized-tools_copilot-gemma4-26b,glm-5.1,source_faithfulness,3
question_36,optimized-tools_copilot-gemma4-26b,glm-5.1,relevance,5
question_36,optimized-tools_copilot-gemma4-26b,glm-5.1,completeness,5
question_36,optimized-tools_copilot-gemma4-26b,glm-5.1,specificity,4
question_36,optimized-tools_copilot-gemma4-26b,glm-5.1,helpfulness,5
question_36,optimized-tools_copilot-gemma4-26b,glm-5.1,source_faithfulness,4
question_3,optimized-tools_copilot-gemma4-26b,glm-5.1,relevance,4
question_3,optimized-tools_copilot-gemma4-26b,glm-5.1,completeness,4
question_3,optimized-tools_copilot-gemma4-26b,glm-5.1,specificity,4
question_3,optimized-tools_copilot-gemma4-26b,glm-5.1,helpfulness,4
question_3,optimized-tools_copilot-gemma4-26b,glm-5.1,source_faithfulness,4
question_45,optimized-tools_copilot-gemma4-26b,glm-5.1,relevance,5
question_45,optimized-tools_copilot-gemma4-26b,glm-5.1,completeness,5
question_45,optimized-tools_copilot-gemma4-26b,glm-5.1,specificity,4
question_45,optimized-tools_copilot-gemma4-26b,glm-5.1,helpfulness,4
question_45,optimized-tools_copilot-gemma4-26b,glm-5.1,source_faithfulness,3
question_37,optimized-tools_copilot-gemma4-26b,glm-5.1,relevance,5
question_37,optimized-tools_copilot-gemma4-26b,glm-5.1,completeness,3
question_37,optimized-tools_copilot-gemma4-26b,glm-5.1,specificity,3
question_37,optimized-tools_copilot-gemma4-26b,glm-5.1,helpfulness,3
question_37,optimized-tools_copilot-gemma4-26b,glm-5.1,source_faithfulness,4
question_18,optimized-tools_copilot-gemma4-26b,glm-5.1,relevance,5
question_18,optimized-tools_copilot-gemma4-26b,glm-5.1,completeness,4
question_18,optimized-tools_copilot-gemma4-26b,glm-5.1,specificity,2
question_18,optimized-tools_copilot-gemma4-26b,glm-5.1,helpfulness,2
question_18,optimized-tools_copilot-gemma4-26b,glm-5.1,source_faithfulness,1
question_19,optimized-tools_copilot-gemma4-26b,glm-5.1,relevance,5
question_19,optimized-tools_copilot-gemma4-26b,glm-5.1,completeness,3
question_19,optimized-tools_copilot-gemma4-26b,glm-5.1,specificity,2
question_19,optimized-tools_copilot-gemma4-26b,glm-5.1,helpfulness,2
question_19,optimized-tools_copilot-gemma4-26b,glm-5.1,source_faithfulness,2
question_38,optimized-tools_copilot-gemma4-26b,glm-5.1,relevance,5
question_38,optimized-tools_copilot-gemma4-26b,glm-5.1,completeness,3
question_38,optimized-tools_copilot-gemma4-26b,glm-5.1,specificity,4
question_38,optimized-tools_copilot-gemma4-26b,glm-5.1,helpfulness,3
question_38,optimized-tools_copilot-gemma4-26b,glm-5.1,source_faithfulness,4
question_21,optimized-tools_copilot-gemma4-26b,glm-5.1,relevance,4
question_21,optimized-tools_copilot-gemma4-26b,glm-5.1,completeness,3
question_21,optimized-tools_copilot-gemma4-26b,glm-5.1,specificity,4
question_21,optimized-tools_copilot-gemma4-26b,glm-5.1,helpfulness,3
question_21,optimized-tools_copilot-gemma4-26b,glm-5.1,source_faithfulness,3
question_22,optimized-tools_copilot-gemma4-26b,glm-5.1,relevance,4
question_22,optimized-tools_copilot-gemma4-26b,glm-5.1,completeness,3
question_22,optimized-tools_copilot-gemma4-26b,glm-5.1,specificity,2
question_22,optimized-tools_copilot-gemma4-26b,glm-5.1,helpfulness,3
question_22,optimized-tools_copilot-gemma4-26b,glm-5.1,source_faithfulness,2
question_46,benchmarking-gemma4-think-on-bare-llm-20260415_080352,glm-5.1,relevance,4
question_46,benchmarking-gemma4-think-on-bare-llm-20260415_080352,glm-5.1,completeness,2
question_46,benchmarking-gemma4-think-on-bare-llm-20260415_080352,glm-5.1,specificity,3
question_46,benchmarking-gemma4-think-on-bare-llm-20260415_080352,glm-5.1,helpfulness,3
question_1,benchmarking-gemma4-think-on-bare-llm-20260415_080352,glm-5.1,relevance,5
question_1,benchmarking-gemma4-think-on-bare-llm-20260415_080352,glm-5.1,completeness,5
question_1,benchmarking-gemma4-think-on-bare-llm-20260415_080352,glm-5.1,specificity,4
question_1,benchmarking-gemma4-think-on-bare-llm-20260415_080352,glm-5.1,helpfulness,4
question_23,benchmarking-gemma4-think-on-bare-llm-20260415_080352,glm-5.1,relevance,2
question_23,benchmarking-gemma4-think-on-bare-llm-20260415_080352,glm-5.1,completeness,2
question_23,benchmarking-gemma4-think-on-bare-llm-20260415_080352,glm-5.1,specificity,2
question_23,benchmarking-gemma4-think-on-bare-llm-20260415_080352,glm-5.1,helpfulness,2
question_39,benchmarking-gemma4-think-on-bare-llm-20260415_080352,glm-5.1,relevance,2
question_39,benchmarking-gemma4-think-on-bare-llm-20260415_080352,glm-5.1,completeness,1
question_39,benchmarking-gemma4-think-on-bare-llm-20260415_080352,glm-5.1,specificity,1
question_39,benchmarking-gemma4-think-on-bare-llm-20260415_080352,glm-5.1,helpfulness,1
question_24,benchmarking-gemma4-think-on-bare-llm-20260415_080352,glm-5.1,relevance,2
question_24,benchmarking-gemma4-think-on-bare-llm-20260415_080352,glm-5.1,completeness,1
question_24,benchmarking-gemma4-think-on-bare-llm-20260415_080352,glm-5.1,specificity,1
question_24,benchmarking-gemma4-think-on-bare-llm-20260415_080352,glm-5.1,helpfulness,1
question_25,benchmarking-gemma4-think-on-bare-llm-20260415_080352,glm-5.1,relevance,2
question_25,benchmarking-gemma4-think-on-bare-llm-20260415_080352,glm-5.1,completeness,2
question_25,benchmarking-gemma4-think-on-bare-llm-20260415_080352,glm-5.1,specificity,2
question_25,benchmarking-gemma4-think-on-bare-llm-20260415_080352,glm-5.1,helpfulness,2
question_26,benchmarking-gemma4-think-on-bare-llm-20260415_080352,glm-5.1,relevance,2
question_26,benchmarking-gemma4-think-on-bare-llm-20260415_080352,glm-5.1,completeness,2
question_26,benchmarking-gemma4-think-on-bare-llm-20260415_080352,glm-5.1,specificity,2
question_26,benchmarking-gemma4-think-on-bare-llm-20260415_080352,glm-5.1,helpfulness,2
question_47,benchmarking-gemma4-think-on-bare-llm-20260415_080352,glm-5.1,relevance,4
question_47,benchmarking-gemma4-think-on-bare-llm-20260415_080352,glm-5.1,completeness,1
question_47,benchmarking-gemma4-think-on-bare-llm-20260415_080352,glm-5.1,specificity,2
question_47,benchmarking-gemma4-think-on-bare-llm-20260415_080352,glm-5.1,helpfulness,2
question_40,benchmarking-gemma4-think-on-bare-llm-20260415_080352,glm-5.1,relevance,2
question_40,benchmarking-gemma4-think-on-bare-llm-20260415_080352,glm-5.1,completeness,1
question_40,benchmarking-gemma4-think-on-bare-llm-20260415_080352,glm-5.1,specificity,1
question_40,benchmarking-gemma4-think-on-bare-llm-20260415_080352,glm-5.1,helpfulness,1
question_27,benchmarking-gemma4-think-on-bare-llm-20260415_080352,glm-5.1,relevance,2
question_27,benchmarking-gemma4-think-on-bare-llm-20260415_080352,glm-5.1,completeness,1
question_27,benchmarking-gemma4-think-on-bare-llm-20260415_080352,glm-5.1,specificity,2
question_27,benchmarking-gemma4-think-on-bare-llm-20260415_080352,glm-5.1,helpfulness,2
question_48,benchmarking-gemma4-think-on-bare-llm-20260415_080352,glm-5.1,relevance,3
question_48,benchmarking-gemma4-think-on-bare-llm-20260415_080352,glm-5.1,completeness,2
question_48,benchmarking-gemma4-think-on-bare-llm-20260415_080352,glm-5.1,specificity,2
question_48,benchmarking-gemma4-think-on-bare-llm-20260415_080352,glm-5.1,helpfulness,2
question_41,benchmarking-gemma4-think-on-bare-llm-20260415_080352,glm-5.1,relevance,1
question_41,benchmarking-gemma4-think-on-bare-llm-20260415_080352,glm-5.1,completeness,1
question_41,benchmarking-gemma4-think-on-bare-llm-20260415_080352,glm-5.1,specificity,2
question_41,benchmarking-gemma4-think-on-bare-llm-20260415_080352,glm-5.1,helpfulness,1
question_42,benchmarking-gemma4-think-on-bare-llm-20260415_080352,glm-5.1,relevance,2
question_42,benchmarking-gemma4-think-on-bare-llm-20260415_080352,glm-5.1,completeness,1
question_42,benchmarking-gemma4-think-on-bare-llm-20260415_080352,glm-5.1,specificity,2
question_42,benchmarking-gemma4-think-on-bare-llm-20260415_080352,glm-5.1,helpfulness,1
question_4,benchmarking-gemma4-think-on-bare-llm-20260415_080352,glm-5.1,relevance,3
question_4,benchmarking-gemma4-think-on-bare-llm-20260415_080352,glm-5.1,completeness,2
question_4,benchmarking-gemma4-think-on-bare-llm-20260415_080352,glm-5.1,specificity,2
question_4,benchmarking-gemma4-think-on-bare-llm-20260415_080352,glm-5.1,helpfulness,2
question_6,benchmarking-gemma4-think-on-bare-llm-20260415_080352,glm-5.1,relevance,4
question_6,benchmarking-gemma4-think-on-bare-llm-20260415_080352,glm-5.1,completeness,2
question_6,benchmarking-gemma4-think-on-bare-llm-20260415_080352,glm-5.1,specificity,2
question_6,benchmarking-gemma4-think-on-bare-llm-20260415_080352,glm-5.1,helpfulness,2
question_7,benchmarking-gemma4-think-on-bare-llm-20260415_080352,glm-5.1,relevance,5
question_7,benchmarking-gemma4-think-on-bare-llm-20260415_080352,glm-5.1,completeness,4
question_7,benchmarking-gemma4-think-on-bare-llm-20260415_080352,glm-5.1,specificity,2
question_7,benchmarking-gemma4-think-on-bare-llm-20260415_080352,glm-5.1,helpfulness,2
question_5,benchmarking-gemma4-think-on-bare-llm-20260415_080352,glm-5.1,relevance,5
question_5,benchmarking-gemma4-think-on-bare-llm-20260415_080352,glm-5.1,completeness,2
question_5,benchmarking-gemma4-think-on-bare-llm-20260415_080352,glm-5.1,specificity,2
question_5,benchmarking-gemma4-think-on-bare-llm-20260415_080352,glm-5.1,helpfulness,3
question_8,benchmarking-gemma4-think-on-bare-llm-20260415_080352,glm-5.1,relevance,3
question_8,benchmarking-gemma4-think-on-bare-llm-20260415_080352,glm-5.1,completeness,2
question_8,benchmarking-gemma4-think-on-bare-llm-20260415_080352,glm-5.1,specificity,2
question_8,benchmarking-gemma4-think-on-bare-llm-20260415_080352,glm-5.1,helpfulness,2
question_9,benchmarking-gemma4-think-on-bare-llm-20260415_080352,glm-5.1,relevance,4
question_9,benchmarking-gemma4-think-on-bare-llm-20260415_080352,glm-5.1,completeness,2
question_9,benchmarking-gemma4-think-on-bare-llm-20260415_080352,glm-5.1,specificity,2
question_9,benchmarking-gemma4-think-on-bare-llm-20260415_080352,glm-5.1,helpfulness,2
question_28,benchmarking-gemma4-think-on-bare-llm-20260415_080352,glm-5.1,relevance,2
question_28,benchmarking-gemma4-think-on-bare-llm-20260415_080352,glm-5.1,completeness,1
question_28,benchmarking-gemma4-think-on-bare-llm-20260415_080352,glm-5.1,specificity,2
question_28,benchmarking-gemma4-think-on-bare-llm-20260415_080352,glm-5.1,helpfulness,1
question_10,benchmarking-gemma4-think-on-bare-llm-20260415_080352,glm-5.1,relevance,2
question_10,benchmarking-gemma4-think-on-bare-llm-20260415_080352,glm-5.1,completeness,1
question_10,benchmarking-gemma4-think-on-bare-llm-20260415_080352,glm-5.1,specificity,2
question_10,benchmarking-gemma4-think-on-bare-llm-20260415_080352,glm-5.1,helpfulness,1
question_49,benchmarking-gemma4-think-on-bare-llm-20260415_080352,glm-5.1,relevance,4
question_49,benchmarking-gemma4-think-on-bare-llm-20260415_080352,glm-5.1,completeness,2
question_49,benchmarking-gemma4-think-on-bare-llm-20260415_080352,glm-5.1,specificity,3
question_49,benchmarking-gemma4-think-on-bare-llm-20260415_080352,glm-5.1,helpfulness,3
question_50,benchmarking-gemma4-think-on-bare-llm-20260415_080352,glm-5.1,relevance,2
question_50,benchmarking-gemma4-think-on-bare-llm-20260415_080352,glm-5.1,completeness,1
question_50,benchmarking-gemma4-think-on-bare-llm-20260415_080352,glm-5.1,specificity,2
question_50,benchmarking-gemma4-think-on-bare-llm-20260415_080352,glm-5.1,helpfulness,1
question_11,benchmarking-gemma4-think-on-bare-llm-20260415_080352,glm-5.1,relevance,2
question_11,benchmarking-gemma4-think-on-bare-llm-20260415_080352,glm-5.1,completeness,2
question_11,benchmarking-gemma4-think-on-bare-llm-20260415_080352,glm-5.1,specificity,2
question_11,benchmarking-gemma4-think-on-bare-llm-20260415_080352,glm-5.1,helpfulness,1
question_29,benchmarking-gemma4-think-on-bare-llm-20260415_080352,glm-5.1,relevance,3
question_29,benchmarking-gemma4-think-on-bare-llm-20260415_080352,glm-5.1,completeness,2
question_29,benchmarking-gemma4-think-on-bare-llm-20260415_080352,glm-5.1,specificity,2
question_29,benchmarking-gemma4-think-on-bare-llm-20260415_080352,glm-5.1,helpfulness,2
question_30,benchmarking-gemma4-think-on-bare-llm-20260415_080352,glm-5.1,relevance,3
question_30,benchmarking-gemma4-think-on-bare-llm-20260415_080352,glm-5.1,completeness,3
question_30,benchmarking-gemma4-think-on-bare-llm-20260415_080352,glm-5.1,specificity,2
question_30,benchmarking-gemma4-think-on-bare-llm-20260415_080352,glm-5.1,helpfulness,2
question_31,benchmarking-gemma4-think-on-bare-llm-20260415_080352,glm-5.1,relevance,5
question_31,benchmarking-gemma4-think-on-bare-llm-20260415_080352,glm-5.1,completeness,3
question_31,benchmarking-gemma4-think-on-bare-llm-20260415_080352,glm-5.1,specificity,2
question_31,benchmarking-gemma4-think-on-bare-llm-20260415_080352,glm-5.1,helpfulness,2
question_12,benchmarking-gemma4-think-on-bare-llm-20260415_080352,glm-5.1,relevance,3
question_12,benchmarking-gemma4-think-on-bare-llm-20260415_080352,glm-5.1,completeness,2
question_12,benchmarking-gemma4-think-on-bare-llm-20260415_080352,glm-5.1,specificity,2
question_12,benchmarking-gemma4-think-on-bare-llm-20260415_080352,glm-5.1,helpfulness,2
question_32,benchmarking-gemma4-think-on-bare-llm-20260415_080352,glm-5.1,relevance,1
question_32,benchmarking-gemma4-think-on-bare-llm-20260415_080352,glm-5.1,completeness,1
question_32,benchmarking-gemma4-think-on-bare-llm-20260415_080352,glm-5.1,specificity,1
question_32,benchmarking-gemma4-think-on-bare-llm-20260415_080352,glm-5.1,helpfulness,1
question_13,benchmarking-gemma4-think-on-bare-llm-20260415_080352,glm-5.1,relevance,5
question_13,benchmarking-gemma4-think-on-bare-llm-20260415_080352,glm-5.1,completeness,4
question_13,benchmarking-gemma4-think-on-bare-llm-20260415_080352,glm-5.1,specificity,4
question_13,benchmarking-gemma4-think-on-bare-llm-20260415_080352,glm-5.1,helpfulness,4
question_43,benchmarking-gemma4-think-on-bare-llm-20260415_080352,glm-5.1,relevance,5
question_43,benchmarking-gemma4-think-on-bare-llm-20260415_080352,glm-5.1,completeness,5
question_43,benchmarking-gemma4-think-on-bare-llm-20260415_080352,glm-5.1,specificity,3
question_43,benchmarking-gemma4-think-on-bare-llm-20260415_080352,glm-5.1,helpfulness,3
question_14,benchmarking-gemma4-think-on-bare-llm-20260415_080352,glm-5.1,relevance,2
question_14,benchmarking-gemma4-think-on-bare-llm-20260415_080352,glm-5.1,completeness,2
question_14,benchmarking-gemma4-think-on-bare-llm-20260415_080352,glm-5.1,specificity,2
question_14,benchmarking-gemma4-think-on-bare-llm-20260415_080352,glm-5.1,helpfulness,1
question_33,benchmarking-gemma4-think-on-bare-llm-20260415_080352,glm-5.1,relevance,2
question_33,benchmarking-gemma4-think-on-bare-llm-20260415_080352,glm-5.1,completeness,2
question_33,benchmarking-gemma4-think-on-bare-llm-20260415_080352,glm-5.1,specificity,2
question_33,benchmarking-gemma4-think-on-bare-llm-20260415_080352,glm-5.1,helpfulness,2
question_2,benchmarking-gemma4-think-on-bare-llm-20260415_080352,glm-5.1,relevance,2
question_2,benchmarking-gemma4-think-on-bare-llm-20260415_080352,glm-5.1,completeness,2
question_2,benchmarking-gemma4-think-on-bare-llm-20260415_080352,glm-5.1,specificity,2
question_2,benchmarking-gemma4-think-on-bare-llm-20260415_080352,glm-5.1,helpfulness,1
question_34,benchmarking-gemma4-think-on-bare-llm-20260415_080352,glm-5.1,relevance,5
question_34,benchmarking-gemma4-think-on-bare-llm-20260415_080352,glm-5.1,completeness,5
question_34,benchmarking-gemma4-think-on-bare-llm-20260415_080352,glm-5.1,specificity,3
question_34,benchmarking-gemma4-think-on-bare-llm-20260415_080352,glm-5.1,helpfulness,4
question_15,benchmarking-gemma4-think-on-bare-llm-20260415_080352,glm-5.1,relevance,5
question_15,benchmarking-gemma4-think-on-bare-llm-20260415_080352,glm-5.1,completeness,4
question_15,benchmarking-gemma4-think-on-bare-llm-20260415_080352,glm-5.1,specificity,2
question_15,benchmarking-gemma4-think-on-bare-llm-20260415_080352,glm-5.1,helpfulness,3
question_44,benchmarking-gemma4-think-on-bare-llm-20260415_080352,glm-5.1,relevance,3
question_44,benchmarking-gemma4-think-on-bare-llm-20260415_080352,glm-5.1,completeness,2
question_44,benchmarking-gemma4-think-on-bare-llm-20260415_080352,glm-5.1,specificity,2
question_44,benchmarking-gemma4-think-on-bare-llm-20260415_080352,glm-5.1,helpfulness,2
question_51,benchmarking-gemma4-think-on-bare-llm-20260415_080352,glm-5.1,relevance,4
question_51,benchmarking-gemma4-think-on-bare-llm-20260415_080352,glm-5.1,completeness,1
question_51,benchmarking-gemma4-think-on-bare-llm-20260415_080352,glm-5.1,specificity,1
question_51,benchmarking-gemma4-think-on-bare-llm-20260415_080352,glm-5.1,helpfulness,1
question_16,benchmarking-gemma4-think-on-bare-llm-20260415_080352,glm-5.1,relevance,5
question_16,benchmarking-gemma4-think-on-bare-llm-20260415_080352,glm-5.1,completeness,5
question_16,benchmarking-gemma4-think-on-bare-llm-20260415_080352,glm-5.1,specificity,3
question_16,benchmarking-gemma4-think-on-bare-llm-20260415_080352,glm-5.1,helpfulness,4
question_17,benchmarking-gemma4-think-on-bare-llm-20260415_080352,glm-5.1,relevance,4
question_17,benchmarking-gemma4-think-on-bare-llm-20260415_080352,glm-5.1,completeness,3
question_17,benchmarking-gemma4-think-on-bare-llm-20260415_080352,glm-5.1,specificity,2
question_17,benchmarking-gemma4-think-on-bare-llm-20260415_080352,glm-5.1,helpfulness,2
question_52,benchmarking-gemma4-think-on-bare-llm-20260415_080352,glm-5.1,relevance,2
question_52,benchmarking-gemma4-think-on-bare-llm-20260415_080352,glm-5.1,completeness,1
question_52,benchmarking-gemma4-think-on-bare-llm-20260415_080352,glm-5.1,specificity,2
question_52,benchmarking-gemma4-think-on-bare-llm-20260415_080352,glm-5.1,helpfulness,1
question_53,benchmarking-gemma4-think-on-bare-llm-20260415_080352,glm-5.1,relevance,3
question_53,benchmarking-gemma4-think-on-bare-llm-20260415_080352,glm-5.1,completeness,2
question_53,benchmarking-gemma4-think-on-bare-llm-20260415_080352,glm-5.1,specificity,2
question_53,benchmarking-gemma4-think-on-bare-llm-20260415_080352,glm-5.1,helpfulness,2
question_35,benchmarking-gemma4-think-on-bare-llm-20260415_080352,glm-5.1,relevance,5
question_35,benchmarking-gemma4-think-on-bare-llm-20260415_080352,glm-5.1,completeness,5
question_35,benchmarking-gemma4-think-on-bare-llm-20260415_080352,glm-5.1,specificity,5
question_35,benchmarking-gemma4-think-on-bare-llm-20260415_080352,glm-5.1,helpfulness,5
question_36,benchmarking-gemma4-think-on-bare-llm-20260415_080352,glm-5.1,relevance,2
question_36,benchmarking-gemma4-think-on-bare-llm-20260415_080352,glm-5.1,completeness,2
question_36,benchmarking-gemma4-think-on-bare-llm-20260415_080352,glm-5.1,specificity,2
question_36,benchmarking-gemma4-think-on-bare-llm-20260415_080352,glm-5.1,helpfulness,1
question_3,benchmarking-gemma4-think-on-bare-llm-20260415_080352,glm-5.1,relevance,5
question_3,benchmarking-gemma4-think-on-bare-llm-20260415_080352,glm-5.1,completeness,4
question_3,benchmarking-gemma4-think-on-bare-llm-20260415_080352,glm-5.1,specificity,3
question_3,benchmarking-gemma4-think-on-bare-llm-20260415_080352,glm-5.1,helpfulness,4
question_45,benchmarking-gemma4-think-on-bare-llm-20260415_080352,glm-5.1,relevance,5
question_45,benchmarking-gemma4-think-on-bare-llm-20260415_080352,glm-5.1,completeness,5
question_45,benchmarking-gemma4-think-on-bare-llm-20260415_080352,glm-5.1,specificity,4
question_45,benchmarking-gemma4-think-on-bare-llm-20260415_080352,glm-5.1,helpfulness,5
question_37,benchmarking-gemma4-think-on-bare-llm-20260415_080352,glm-5.1,relevance,1
question_37,benchmarking-gemma4-think-on-bare-llm-20260415_080352,glm-5.1,completeness,1
question_37,benchmarking-gemma4-think-on-bare-llm-20260415_080352,glm-5.1,specificity,2
question_37,benchmarking-gemma4-think-on-bare-llm-20260415_080352,glm-5.1,helpfulness,1
question_18,benchmarking-gemma4-think-on-bare-llm-20260415_080352,glm-5.1,relevance,2
question_18,benchmarking-gemma4-think-on-bare-llm-20260415_080352,glm-5.1,completeness,1
question_18,benchmarking-gemma4-think-on-bare-llm-20260415_080352,glm-5.1,specificity,2
question_18,benchmarking-gemma4-think-on-bare-llm-20260415_080352,glm-5.1,helpfulness,1
question_20,benchmarking-gemma4-think-on-bare-llm-20260415_080352,glm-5.1,relevance,5
question_20,benchmarking-gemma4-think-on-bare-llm-20260415_080352,glm-5.1,completeness,5
question_20,benchmarking-gemma4-think-on-bare-llm-20260415_080352,glm-5.1,specificity,4
question_20,benchmarking-gemma4-think-on-bare-llm-20260415_080352,glm-5.1,helpfulness,5
question_38,benchmarking-gemma4-think-on-bare-llm-20260415_080352,glm-5.1,relevance,3
question_38,benchmarking-gemma4-think-on-bare-llm-20260415_080352,glm-5.1,completeness,2
question_38,benchmarking-gemma4-think-on-bare-llm-20260415_080352,glm-5.1,specificity,2
question_38,benchmarking-gemma4-think-on-bare-llm-20260415_080352,glm-5.1,helpfulness,2
question_21,benchmarking-gemma4-think-on-bare-llm-20260415_080352,glm-5.1,relevance,5
question_21,benchmarking-gemma4-think-on-bare-llm-20260415_080352,glm-5.1,completeness,5
question_21,benchmarking-gemma4-think-on-bare-llm-20260415_080352,glm-5.1,specificity,4
question_21,benchmarking-gemma4-think-on-bare-llm-20260415_080352,glm-5.1,helpfulness,4
question_22,benchmarking-gemma4-think-on-bare-llm-20260415_080352,glm-5.1,relevance,2
question_22,benchmarking-gemma4-think-on-bare-llm-20260415_080352,glm-5.1,completeness,2
question_22,benchmarking-gemma4-think-on-bare-llm-20260415_080352,glm-5.1,specificity,2
question_22,benchmarking-gemma4-think-on-bare-llm-20260415_080352,glm-5.1,helpfulness,2
question_46,benchmarking-gemma4-think-on-no-tools-20260415_170848,glm-5.1,relevance,5
question_46,benchmarking-gemma4-think-on-no-tools-20260415_170848,glm-5.1,completeness,3
question_46,benchmarking-gemma4-think-on-no-tools-20260415_170848,glm-5.1,specificity,4
question_46,benchmarking-gemma4-think-on-no-tools-20260415_170848,glm-5.1,helpfulness,3
question_46,benchmarking-gemma4-think-on-no-tools-20260415_170848,glm-5.1,source_faithfulness,5
question_1,benchmarking-gemma4-think-on-no-tools-20260415_170848,glm-5.1,relevance,5
question_1,benchmarking-gemma4-think-on-no-tools-20260415_170848,glm-5.1,completeness,5
question_1,benchmarking-gemma4-think-on-no-tools-20260415_170848,glm-5.1,specificity,3
question_1,benchmarking-gemma4-think-on-no-tools-20260415_170848,glm-5.1,helpfulness,4
question_1,benchmarking-gemma4-think-on-no-tools-20260415_170848,glm-5.1,source_faithfulness,2
question_23,benchmarking-gemma4-think-on-no-tools-20260415_170848,glm-5.1,relevance,5
question_23,benchmarking-gemma4-think-on-no-tools-20260415_170848,glm-5.1,completeness,4
question_23,benchmarking-gemma4-think-on-no-tools-20260415_170848,glm-5.1,specificity,5
question_23,benchmarking-gemma4-think-on-no-tools-20260415_170848,glm-5.1,helpfulness,5
question_23,benchmarking-gemma4-think-on-no-tools-20260415_170848,glm-5.1,source_faithfulness,5
question_39,benchmarking-gemma4-think-on-no-tools-20260415_170848,glm-5.1,relevance,5
question_39,benchmarking-gemma4-think-on-no-tools-20260415_170848,glm-5.1,completeness,5
question_39,benchmarking-gemma4-think-on-no-tools-20260415_170848,glm-5.1,specificity,5
question_39,benchmarking-gemma4-think-on-no-tools-20260415_170848,glm-5.1,helpfulness,5
question_39,benchmarking-gemma4-think-on-no-tools-20260415_170848,glm-5.1,source_faithfulness,4
question_24,benchmarking-gemma4-think-on-no-tools-20260415_170848,glm-5.1,relevance,5
question_24,benchmarking-gemma4-think-on-no-tools-20260415_170848,glm-5.1,completeness,3
question_24,benchmarking-gemma4-think-on-no-tools-20260415_170848,glm-5.1,specificity,3
question_24,benchmarking-gemma4-think-on-no-tools-20260415_170848,glm-5.1,helpfulness,3
question_24,benchmarking-gemma4-think-on-no-tools-20260415_170848,glm-5.1,source_faithfulness,5
question_25,benchmarking-gemma4-think-on-no-tools-20260415_170848,glm-5.1,relevance,5
question_25,benchmarking-gemma4-think-on-no-tools-20260415_170848,glm-5.1,completeness,5
question_25,benchmarking-gemma4-think-on-no-tools-20260415_170848,glm-5.1,specificity,5
question_25,benchmarking-gemma4-think-on-no-tools-20260415_170848,glm-5.1,helpfulness,5
question_25,benchmarking-gemma4-think-on-no-tools-20260415_170848,glm-5.1,source_faithfulness,5
question_26,benchmarking-gemma4-think-on-no-tools-20260415_170848,glm-5.1,relevance,5
question_26,benchmarking-gemma4-think-on-no-tools-20260415_170848,glm-5.1,completeness,4
question_26,benchmarking-gemma4-think-on-no-tools-20260415_170848,glm-5.1,specificity,4
question_26,benchmarking-gemma4-think-on-no-tools-20260415_170848,glm-5.1,helpfulness,4
question_26,benchmarking-gemma4-think-on-no-tools-20260415_170848,glm-5.1,source_faithfulness,3
question_47,benchmarking-gemma4-think-on-no-tools-20260415_170848,glm-5.1,relevance,5
question_47,benchmarking-gemma4-think-on-no-tools-20260415_170848,glm-5.1,completeness,4
question_47,benchmarking-gemma4-think-on-no-tools-20260415_170848,glm-5.1,specificity,4
question_47,benchmarking-gemma4-think-on-no-tools-20260415_170848,glm-5.1,helpfulness,4
question_47,benchmarking-gemma4-think-on-no-tools-20260415_170848,glm-5.1,source_faithfulness,4
question_40,benchmarking-gemma4-think-on-no-tools-20260415_170848,glm-5.1,relevance,5
question_40,benchmarking-gemma4-think-on-no-tools-20260415_170848,glm-5.1,completeness,5
question_40,benchmarking-gemma4-think-on-no-tools-20260415_170848,glm-5.1,specificity,5
question_40,benchmarking-gemma4-think-on-no-tools-20260415_170848,glm-5.1,helpfulness,5
question_40,benchmarking-gemma4-think-on-no-tools-20260415_170848,glm-5.1,source_faithfulness,5
question_27,benchmarking-gemma4-think-on-no-tools-20260415_170848,glm-5.1,relevance,5
question_27,benchmarking-gemma4-think-on-no-tools-20260415_170848,glm-5.1,completeness,4
question_27,benchmarking-gemma4-think-on-no-tools-20260415_170848,glm-5.1,specificity,2
question_27,benchmarking-gemma4-think-on-no-tools-20260415_170848,glm-5.1,helpfulness,2
question_27,benchmarking-gemma4-think-on-no-tools-20260415_170848,glm-5.1,source_faithfulness,2
question_48,benchmarking-gemma4-think-on-no-tools-20260415_170848,glm-5.1,relevance,4
question_48,benchmarking-gemma4-think-on-no-tools-20260415_170848,glm-5.1,completeness,2
question_48,benchmarking-gemma4-think-on-no-tools-20260415_170848,glm-5.1,specificity,3
question_48,benchmarking-gemma4-think-on-no-tools-20260415_170848,glm-5.1,helpfulness,3
question_48,benchmarking-gemma4-think-on-no-tools-20260415_170848,glm-5.1,source_faithfulness,4
question_41,benchmarking-gemma4-think-on-no-tools-20260415_170848,glm-5.1,relevance,4
question_41,benchmarking-gemma4-think-on-no-tools-20260415_170848,glm-5.1,completeness,3
question_41,benchmarking-gemma4-think-on-no-tools-20260415_170848,glm-5.1,specificity,3
question_41,benchmarking-gemma4-think-on-no-tools-20260415_170848,glm-5.1,helpfulness,3
question_41,benchmarking-gemma4-think-on-no-tools-20260415_170848,glm-5.1,source_faithfulness,4
question_42,benchmarking-gemma4-think-on-no-tools-20260415_170848,glm-5.1,relevance,4
question_42,benchmarking-gemma4-think-on-no-tools-20260415_170848,glm-5.1,completeness,3
question_42,benchmarking-gemma4-think-on-no-tools-20260415_170848,glm-5.1,specificity,3
question_42,benchmarking-gemma4-think-on-no-tools-20260415_170848,glm-5.1,helpfulness,3
question_42,benchmarking-gemma4-think-on-no-tools-20260415_170848,glm-5.1,source_faithfulness,5
question_4,benchmarking-gemma4-think-on-no-tools-20260415_170848,glm-5.1,relevance,5
question_4,benchmarking-gemma4-think-on-no-tools-20260415_170848,glm-5.1,completeness,5
question_4,benchmarking-gemma4-think-on-no-tools-20260415_170848,glm-5.1,specificity,5
question_4,benchmarking-gemma4-think-on-no-tools-20260415_170848,glm-5.1,helpfulness,5
question_4,benchmarking-gemma4-think-on-no-tools-20260415_170848,glm-5.1,source_faithfulness,4
question_6,benchmarking-gemma4-think-on-no-tools-20260415_170848,glm-5.1,relevance,5
question_6,benchmarking-gemma4-think-on-no-tools-20260415_170848,glm-5.1,completeness,3
question_6,benchmarking-gemma4-think-on-no-tools-20260415_170848,glm-5.1,specificity,4
question_6,benchmarking-gemma4-think-on-no-tools-20260415_170848,glm-5.1,helpfulness,4
question_6,benchmarking-gemma4-think-on-no-tools-20260415_170848,glm-5.1,source_faithfulness,4
question_7,benchmarking-gemma4-think-on-no-tools-20260415_170848,glm-5.1,relevance,3
question_7,benchmarking-gemma4-think-on-no-tools-20260415_170848,glm-5.1,completeness,3
question_7,benchmarking-gemma4-think-on-no-tools-20260415_170848,glm-5.1,specificity,2
question_7,benchmarking-gemma4-think-on-no-tools-20260415_170848,glm-5.1,helpfulness,2
question_7,benchmarking-gemma4-think-on-no-tools-20260415_170848,glm-5.1,source_faithfulness,2
question_5,benchmarking-gemma4-think-on-no-tools-20260415_170848,glm-5.1,relevance,4
question_5,benchmarking-gemma4-think-on-no-tools-20260415_170848,glm-5.1,completeness,3
question_5,benchmarking-gemma4-think-on-no-tools-20260415_170848,glm-5.1,specificity,2
question_5,benchmarking-gemma4-think-on-no-tools-20260415_170848,glm-5.1,helpfulness,2
question_5,benchmarking-gemma4-think-on-no-tools-20260415_170848,glm-5.1,source_faithfulness,1
question_8,benchmarking-gemma4-think-on-no-tools-20260415_170848,glm-5.1,relevance,5
question_8,benchmarking-gemma4-think-on-no-tools-20260415_170848,glm-5.1,completeness,5
question_8,benchmarking-gemma4-think-on-no-tools-20260415_170848,glm-5.1,specificity,4
question_8,benchmarking-gemma4-think-on-no-tools-20260415_170848,glm-5.1,helpfulness,5
question_8,benchmarking-gemma4-think-on-no-tools-20260415_170848,glm-5.1,source_faithfulness,4
question_9,benchmarking-gemma4-think-on-no-tools-20260415_170848,glm-5.1,relevance,1
question_9,benchmarking-gemma4-think-on-no-tools-20260415_170848,glm-5.1,completeness,1
question_9,benchmarking-gemma4-think-on-no-tools-20260415_170848,glm-5.1,specificity,1
question_9,benchmarking-gemma4-think-on-no-tools-20260415_170848,glm-5.1,helpfulness,1
question_9,benchmarking-gemma4-think-on-no-tools-20260415_170848,glm-5.1,source_faithfulness,1
question_28,benchmarking-gemma4-think-on-no-tools-20260415_170848,glm-5.1,relevance,5
question_28,benchmarking-gemma4-think-on-no-tools-20260415_170848,glm-5.1,completeness,4
question_28,benchmarking-gemma4-think-on-no-tools-20260415_170848,glm-5.1,specificity,4
question_28,benchmarking-gemma4-think-on-no-tools-20260415_170848,glm-5.1,helpfulness,4
question_28,benchmarking-gemma4-think-on-no-tools-20260415_170848,glm-5.1,source_faithfulness,4
question_10,benchmarking-gemma4-think-on-no-tools-20260415_170848,glm-5.1,relevance,5
question_10,benchmarking-gemma4-think-on-no-tools-20260415_170848,glm-5.1,completeness,3
question_10,benchmarking-gemma4-think-on-no-tools-20260415_170848,glm-5.1,specificity,3
question_10,benchmarking-gemma4-think-on-no-tools-20260415_170848,glm-5.1,helpfulness,3
question_10,benchmarking-gemma4-think-on-no-tools-20260415_170848,glm-5.1,source_faithfulness,3
question_49,benchmarking-gemma4-think-on-no-tools-20260415_170848,glm-5.1,relevance,4
question_49,benchmarking-gemma4-think-on-no-tools-20260415_170848,glm-5.1,completeness,3
question_49,benchmarking-gemma4-think-on-no-tools-20260415_170848,glm-5.1,specificity,4
question_49,benchmarking-gemma4-think-on-no-tools-20260415_170848,glm-5.1,helpfulness,3
question_49,benchmarking-gemma4-think-on-no-tools-20260415_170848,glm-5.1,source_faithfulness,4
question_50,benchmarking-gemma4-think-on-no-tools-20260415_170848,glm-5.1,relevance,5
question_50,benchmarking-gemma4-think-on-no-tools-20260415_170848,glm-5.1,completeness,3
question_50,benchmarking-gemma4-think-on-no-tools-20260415_170848,glm-5.1,specificity,4
question_50,benchmarking-gemma4-think-on-no-tools-20260415_170848,glm-5.1,helpfulness,3
question_50,benchmarking-gemma4-think-on-no-tools-20260415_170848,glm-5.1,source_faithfulness,4
question_11,benchmarking-gemma4-think-on-no-tools-20260415_170848,glm-5.1,relevance,5
question_11,benchmarking-gemma4-think-on-no-tools-20260415_170848,glm-5.1,completeness,5
question_11,benchmarking-gemma4-think-on-no-tools-20260415_170848,glm-5.1,specificity,4
question_11,benchmarking-gemma4-think-on-no-tools-20260415_170848,glm-5.1,helpfulness,5
question_11,benchmarking-gemma4-think-on-no-tools-20260415_170848,glm-5.1,source_faithfulness,3
question_29,benchmarking-gemma4-think-on-no-tools-20260415_170848,glm-5.1,relevance,5
question_29,benchmarking-gemma4-think-on-no-tools-20260415_170848,glm-5.1,completeness,4
question_29,benchmarking-gemma4-think-on-no-tools-20260415_170848,glm-5.1,specificity,4
question_29,benchmarking-gemma4-think-on-no-tools-20260415_170848,glm-5.1,helpfulness,3
question_29,benchmarking-gemma4-think-on-no-tools-20260415_170848,glm-5.1,source_faithfulness,4
question_30,benchmarking-gemma4-think-on-no-tools-20260415_170848,glm-5.1,relevance,5
question_30,benchmarking-gemma4-think-on-no-tools-20260415_170848,glm-5.1,completeness,3
question_30,benchmarking-gemma4-think-on-no-tools-20260415_170848,glm-5.1,specificity,3
question_30,benchmarking-gemma4-think-on-no-tools-20260415_170848,glm-5.1,helpfulness,4
question_30,benchmarking-gemma4-think-on-no-tools-20260415_170848,glm-5.1,source_faithfulness,4
question_31,benchmarking-gemma4-think-on-no-tools-20260415_170848,glm-5.1,relevance,5
question_31,benchmarking-gemma4-think-on-no-tools-20260415_170848,glm-5.1,completeness,5
question_31,benchmarking-gemma4-think-on-no-tools-20260415_170848,glm-5.1,specificity,3
question_31,benchmarking-gemma4-think-on-no-tools-20260415_170848,glm-5.1,helpfulness,4
question_31,benchmarking-gemma4-think-on-no-tools-20260415_170848,glm-5.1,source_faithfulness,3
question_32,benchmarking-gemma4-think-on-no-tools-20260415_170848,glm-5.1,relevance,5
question_32,benchmarking-gemma4-think-on-no-tools-20260415_170848,glm-5.1,completeness,4
question_32,benchmarking-gemma4-think-on-no-tools-20260415_170848,glm-5.1,specificity,4
question_32,benchmarking-gemma4-think-on-no-tools-20260415_170848,glm-5.1,helpfulness,4
question_32,benchmarking-gemma4-think-on-no-tools-20260415_170848,glm-5.1,source_faithfulness,3
question_13,benchmarking-gemma4-think-on-no-tools-20260415_170848,glm-5.1,relevance,5
question_13,benchmarking-gemma4-think-on-no-tools-20260415_170848,glm-5.1,completeness,3
question_13,benchmarking-gemma4-think-on-no-tools-20260415_170848,glm-5.1,specificity,4
question_13,benchmarking-gemma4-think-on-no-tools-20260415_170848,glm-5.1,helpfulness,4
question_43,benchmarking-gemma4-think-on-no-tools-20260415_170848,glm-5.1,relevance,5
question_43,benchmarking-gemma4-think-on-no-tools-20260415_170848,glm-5.1,completeness,4
question_43,benchmarking-gemma4-think-on-no-tools-20260415_170848,glm-5.1,specificity,3
question_43,benchmarking-gemma4-think-on-no-tools-20260415_170848,glm-5.1,helpfulness,4
question_43,benchmarking-gemma4-think-on-no-tools-20260415_170848,glm-5.1,source_faithfulness,3
question_14,benchmarking-gemma4-think-on-no-tools-20260415_170848,glm-5.1,relevance,4
question_14,benchmarking-gemma4-think-on-no-tools-20260415_170848,glm-5.1,completeness,4
question_14,benchmarking-gemma4-think-on-no-tools-20260415_170848,glm-5.1,specificity,3
question_14,benchmarking-gemma4-think-on-no-tools-20260415_170848,glm-5.1,helpfulness,4
question_14,benchmarking-gemma4-think-on-no-tools-20260415_170848,glm-5.1,source_faithfulness,2
question_33,benchmarking-gemma4-think-on-no-tools-20260415_170848,glm-5.1,relevance,5
question_33,benchmarking-gemma4-think-on-no-tools-20260415_170848,glm-5.1,completeness,5
question_33,benchmarking-gemma4-think-on-no-tools-20260415_170848,glm-5.1,specificity,4
question_33,benchmarking-gemma4-think-on-no-tools-20260415_170848,glm-5.1,helpfulness,4
question_33,benchmarking-gemma4-think-on-no-tools-20260415_170848,glm-5.1,source_faithfulness,4
question_2,benchmarking-gemma4-think-on-no-tools-20260415_170848,glm-5.1,relevance,5
question_2,benchmarking-gemma4-think-on-no-tools-20260415_170848,glm-5.1,completeness,3
question_2,benchmarking-gemma4-think-on-no-tools-20260415_170848,glm-5.1,specificity,3
question_2,benchmarking-gemma4-think-on-no-tools-20260415_170848,glm-5.1,helpfulness,3
question_2,benchmarking-gemma4-think-on-no-tools-20260415_170848,glm-5.1,source_faithfulness,4
question_34,benchmarking-gemma4-think-on-no-tools-20260415_170848,glm-5.1,relevance,5
question_34,benchmarking-gemma4-think-on-no-tools-20260415_170848,glm-5.1,completeness,5
question_34,benchmarking-gemma4-think-on-no-tools-20260415_170848,glm-5.1,specificity,5
question_34,benchmarking-gemma4-think-on-no-tools-20260415_170848,glm-5.1,helpfulness,5
question_34,benchmarking-gemma4-think-on-no-tools-20260415_170848,glm-5.1,source_faithfulness,4
question_15,benchmarking-gemma4-think-on-no-tools-20260415_170848,glm-5.1,relevance,5
question_15,benchmarking-gemma4-think-on-no-tools-20260415_170848,glm-5.1,completeness,5
question_15,benchmarking-gemma4-think-on-no-tools-20260415_170848,glm-5.1,specificity,4
question_15,benchmarking-gemma4-think-on-no-tools-20260415_170848,glm-5.1,helpfulness,5
question_15,benchmarking-gemma4-think-on-no-tools-20260415_170848,glm-5.1,source_faithfulness,4
question_44,benchmarking-gemma4-think-on-no-tools-20260415_170848,glm-5.1,relevance,5
question_44,benchmarking-gemma4-think-on-no-tools-20260415_170848,glm-5.1,completeness,3
question_44,benchmarking-gemma4-think-on-no-tools-20260415_170848,glm-5.1,specificity,3
question_44,benchmarking-gemma4-think-on-no-tools-20260415_170848,glm-5.1,helpfulness,3
question_44,benchmarking-gemma4-think-on-no-tools-20260415_170848,glm-5.1,source_faithfulness,4
question_51,benchmarking-gemma4-think-on-no-tools-20260415_170848,glm-5.1,relevance,4
question_51,benchmarking-gemma4-think-on-no-tools-20260415_170848,glm-5.1,completeness,3
question_51,benchmarking-gemma4-think-on-no-tools-20260415_170848,glm-5.1,specificity,3
question_51,benchmarking-gemma4-think-on-no-tools-20260415_170848,glm-5.1,helpfulness,2
question_51,benchmarking-gemma4-think-on-no-tools-20260415_170848,glm-5.1,source_faithfulness,4
question_16,benchmarking-gemma4-think-on-no-tools-20260415_170848,glm-5.1,relevance,3
question_16,benchmarking-gemma4-think-on-no-tools-20260415_170848,glm-5.1,completeness,3
question_16,benchmarking-gemma4-think-on-no-tools-20260415_170848,glm-5.1,specificity,2
question_16,benchmarking-gemma4-think-on-no-tools-20260415_170848,glm-5.1,helpfulness,2
question_16,benchmarking-gemma4-think-on-no-tools-20260415_170848,glm-5.1,source_faithfulness,1
question_17,benchmarking-gemma4-think-on-no-tools-20260415_170848,glm-5.1,relevance,5
question_17,benchmarking-gemma4-think-on-no-tools-20260415_170848,glm-5.1,completeness,4
question_17,benchmarking-gemma4-think-on-no-tools-20260415_170848,glm-5.1,specificity,2
question_17,benchmarking-gemma4-think-on-no-tools-20260415_170848,glm-5.1,helpfulness,2
question_17,benchmarking-gemma4-think-on-no-tools-20260415_170848,glm-5.1,source_faithfulness,1
question_52,benchmarking-gemma4-think-on-no-tools-20260415_170848,glm-5.1,relevance,5
question_52,benchmarking-gemma4-think-on-no-tools-20260415_170848,glm-5.1,completeness,5
question_52,benchmarking-gemma4-think-on-no-tools-20260415_170848,glm-5.1,specificity,4
question_52,benchmarking-gemma4-think-on-no-tools-20260415_170848,glm-5.1,helpfulness,5
question_52,benchmarking-gemma4-think-on-no-tools-20260415_170848,glm-5.1,source_faithfulness,4
question_53,benchmarking-gemma4-think-on-no-tools-20260415_170848,glm-5.1,relevance,5
question_53,benchmarking-gemma4-think-on-no-tools-20260415_170848,glm-5.1,completeness,4
question_53,benchmarking-gemma4-think-on-no-tools-20260415_170848,glm-5.1,specificity,3
question_53,benchmarking-gemma4-think-on-no-tools-20260415_170848,glm-5.1,helpfulness,4
question_53,benchmarking-gemma4-think-on-no-tools-20260415_170848,glm-5.1,source_faithfulness,3
question_35,benchmarking-gemma4-think-on-no-tools-20260415_170848,glm-5.1,relevance,5
question_35,benchmarking-gemma4-think-on-no-tools-20260415_170848,glm-5.1,completeness,5
question_35,benchmarking-gemma4-think-on-no-tools-20260415_170848,glm-5.1,specificity,5
question_35,benchmarking-gemma4-think-on-no-tools-20260415_170848,glm-5.1,helpfulness,5
question_35,benchmarking-gemma4-think-on-no-tools-20260415_170848,glm-5.1,source_faithfulness,4
question_36,benchmarking-gemma4-think-on-no-tools-20260415_170848,glm-5.1,relevance,5
question_36,benchmarking-gemma4-think-on-no-tools-20260415_170848,glm-5.1,completeness,5
question_36,benchmarking-gemma4-think-on-no-tools-20260415_170848,glm-5.1,specificity,5
question_36,benchmarking-gemma4-think-on-no-tools-20260415_170848,glm-5.1,helpfulness,5
question_36,benchmarking-gemma4-think-on-no-tools-20260415_170848,glm-5.1,source_faithfulness,4
question_3,benchmarking-gemma4-think-on-no-tools-20260415_170848,glm-5.1,relevance,4
question_3,benchmarking-gemma4-think-on-no-tools-20260415_170848,glm-5.1,completeness,3
question_3,benchmarking-gemma4-think-on-no-tools-20260415_170848,glm-5.1,specificity,3
question_3,benchmarking-gemma4-think-on-no-tools-20260415_170848,glm-5.1,helpfulness,3
question_3,benchmarking-gemma4-think-on-no-tools-20260415_170848,glm-5.1,source_faithfulness,4
question_45,benchmarking-gemma4-think-on-no-tools-20260415_170848,glm-5.1,relevance,5
question_45,benchmarking-gemma4-think-on-no-tools-20260415_170848,glm-5.1,completeness,5
question_45,benchmarking-gemma4-think-on-no-tools-20260415_170848,glm-5.1,specificity,4
question_45,benchmarking-gemma4-think-on-no-tools-20260415_170848,glm-5.1,helpfulness,5
question_45,benchmarking-gemma4-think-on-no-tools-20260415_170848,glm-5.1,source_faithfulness,3
question_37,benchmarking-gemma4-think-on-no-tools-20260415_170848,glm-5.1,relevance,5
question_37,benchmarking-gemma4-think-on-no-tools-20260415_170848,glm-5.1,completeness,4
question_37,benchmarking-gemma4-think-on-no-tools-20260415_170848,glm-5.1,specificity,4
question_37,benchmarking-gemma4-think-on-no-tools-20260415_170848,glm-5.1,helpfulness,4
question_37,benchmarking-gemma4-think-on-no-tools-20260415_170848,glm-5.1,source_faithfulness,4
question_18,benchmarking-gemma4-think-on-no-tools-20260415_170848,glm-5.1,relevance,3
question_18,benchmarking-gemma4-think-on-no-tools-20260415_170848,glm-5.1,completeness,2
question_18,benchmarking-gemma4-think-on-no-tools-20260415_170848,glm-5.1,specificity,2
question_18,benchmarking-gemma4-think-on-no-tools-20260415_170848,glm-5.1,helpfulness,1
question_18,benchmarking-gemma4-think-on-no-tools-20260415_170848,glm-5.1,source_faithfulness,2
question_19,benchmarking-gemma4-think-on-no-tools-20260415_170848,glm-5.1,relevance,4
question_19,benchmarking-gemma4-think-on-no-tools-20260415_170848,glm-5.1,completeness,3
question_19,benchmarking-gemma4-think-on-no-tools-20260415_170848,glm-5.1,specificity,3
question_19,benchmarking-gemma4-think-on-no-tools-20260415_170848,glm-5.1,helpfulness,3
question_19,benchmarking-gemma4-think-on-no-tools-20260415_170848,glm-5.1,source_faithfulness,4
question_20,benchmarking-gemma4-think-on-no-tools-20260415_170848,glm-5.1,relevance,3
question_20,benchmarking-gemma4-think-on-no-tools-20260415_170848,glm-5.1,completeness,2
question_20,benchmarking-gemma4-think-on-no-tools-20260415_170848,glm-5.1,specificity,2
question_20,benchmarking-gemma4-think-on-no-tools-20260415_170848,glm-5.1,helpfulness,3
question_20,benchmarking-gemma4-think-on-no-tools-20260415_170848,glm-5.1,source_faithfulness,2
question_38,benchmarking-gemma4-think-on-no-tools-20260415_170848,glm-5.1,relevance,5
question_38,benchmarking-gemma4-think-on-no-tools-20260415_170848,glm-5.1,completeness,4
question_38,benchmarking-gemma4-think-on-no-tools-20260415_170848,glm-5.1,specificity,4
question_38,benchmarking-gemma4-think-on-no-tools-20260415_170848,glm-5.1,helpfulness,4
question_38,benchmarking-gemma4-think-on-no-tools-20260415_170848,glm-5.1,source_faithfulness,4
question_21,benchmarking-gemma4-think-on-no-tools-20260415_170848,glm-5.1,relevance,5
question_21,benchmarking-gemma4-think-on-no-tools-20260415_170848,glm-5.1,completeness,3
question_21,benchmarking-gemma4-think-on-no-tools-20260415_170848,glm-5.1,specificity,3
question_21,benchmarking-gemma4-think-on-no-tools-20260415_170848,glm-5.1,helpfulness,3
question_21,benchmarking-gemma4-think-on-no-tools-20260415_170848,glm-5.1,source_faithfulness,4
question_22,benchmarking-gemma4-think-on-no-tools-20260415_170848,glm-5.1,relevance,4
question_22,benchmarking-gemma4-think-on-no-tools-20260415_170848,glm-5.1,completeness,3
question_22,benchmarking-gemma4-think-on-no-tools-20260415_170848,glm-5.1,specificity,2
question_22,benchmarking-gemma4-think-on-no-tools-20260415_170848,glm-5.1,helpfulness,3
question_22,benchmarking-gemma4-think-on-no-tools-20260415_170848,glm-5.1,source_faithfulness,2
question_46,benchmarking-gemma4-think-on-optimized-20260415_195013,glm-5.1,relevance,5
question_46,benchmarking-gemma4-think-on-optimized-20260415_195013,glm-5.1,completeness,4
question_46,benchmarking-gemma4-think-on-optimized-20260415_195013,glm-5.1,specificity,4
question_46,benchmarking-gemma4-think-on-optimized-20260415_195013,glm-5.1,helpfulness,4
question_46,benchmarking-gemma4-think-on-optimized-20260415_195013,glm-5.1,source_faithfulness,5
question_1,benchmarking-gemma4-think-on-optimized-20260415_195013,glm-5.1,relevance,5
question_1,benchmarking-gemma4-think-on-optimized-20260415_195013,glm-5.1,completeness,4
question_1,benchmarking-gemma4-think-on-optimized-20260415_195013,glm-5.1,specificity,3
question_1,benchmarking-gemma4-think-on-optimized-20260415_195013,glm-5.1,helpfulness,4
question_1,benchmarking-gemma4-think-on-optimized-20260415_195013,glm-5.1,source_faithfulness,2
question_23,benchmarking-gemma4-think-on-optimized-20260415_195013,glm-5.1,relevance,2
question_23,benchmarking-gemma4-think-on-optimized-20260415_195013,glm-5.1,completeness,2
question_23,benchmarking-gemma4-think-on-optimized-20260415_195013,glm-5.1,specificity,1
question_23,benchmarking-gemma4-think-on-optimized-20260415_195013,glm-5.1,helpfulness,1
question_23,benchmarking-gemma4-think-on-optimized-20260415_195013,glm-5.1,source_faithfulness,2
question_39,benchmarking-gemma4-think-on-optimized-20260415_195013,glm-5.1,relevance,5
question_39,benchmarking-gemma4-think-on-optimized-20260415_195013,glm-5.1,completeness,5
question_39,benchmarking-gemma4-think-on-optimized-20260415_195013,glm-5.1,specificity,2
question_39,benchmarking-gemma4-think-on-optimized-20260415_195013,glm-5.1,helpfulness,3
question_39,benchmarking-gemma4-think-on-optimized-20260415_195013,glm-5.1,source_faithfulness,3
question_24,benchmarking-gemma4-think-on-optimized-20260415_195013,glm-5.1,relevance,5
question_24,benchmarking-gemma4-think-on-optimized-20260415_195013,glm-5.1,completeness,4
question_24,benchmarking-gemma4-think-on-optimized-20260415_195013,glm-5.1,specificity,4
question_24,benchmarking-gemma4-think-on-optimized-20260415_195013,glm-5.1,helpfulness,3
question_24,benchmarking-gemma4-think-on-optimized-20260415_195013,glm-5.1,source_faithfulness,5
question_25,benchmarking-gemma4-think-on-optimized-20260415_195013,glm-5.1,relevance,5
question_25,benchmarking-gemma4-think-on-optimized-20260415_195013,glm-5.1,completeness,4
question_25,benchmarking-gemma4-think-on-optimized-20260415_195013,glm-5.1,specificity,4
question_25,benchmarking-gemma4-think-on-optimized-20260415_195013,glm-5.1,helpfulness,4
question_25,benchmarking-gemma4-think-on-optimized-20260415_195013,glm-5.1,source_faithfulness,3
question_26,benchmarking-gemma4-think-on-optimized-20260415_195013,glm-5.1,relevance,5
question_26,benchmarking-gemma4-think-on-optimized-20260415_195013,glm-5.1,completeness,3
question_26,benchmarking-gemma4-think-on-optimized-20260415_195013,glm-5.1,specificity,2
question_26,benchmarking-gemma4-think-on-optimized-20260415_195013,glm-5.1,helpfulness,3
question_26,benchmarking-gemma4-think-on-optimized-20260415_195013,glm-5.1,source_faithfulness,2
question_47,benchmarking-gemma4-think-on-optimized-20260415_195013,glm-5.1,relevance,5
question_47,benchmarking-gemma4-think-on-optimized-20260415_195013,glm-5.1,completeness,3
question_47,benchmarking-gemma4-think-on-optimized-20260415_195013,glm-5.1,specificity,3
question_47,benchmarking-gemma4-think-on-optimized-20260415_195013,glm-5.1,helpfulness,3
question_47,benchmarking-gemma4-think-on-optimized-20260415_195013,glm-5.1,source_faithfulness,5
question_40,benchmarking-gemma4-think-on-optimized-20260415_195013,glm-5.1,relevance,5
question_40,benchmarking-gemma4-think-on-optimized-20260415_195013,glm-5.1,completeness,5
question_40,benchmarking-gemma4-think-on-optimized-20260415_195013,glm-5.1,specificity,4
question_40,benchmarking-gemma4-think-on-optimized-20260415_195013,glm-5.1,helpfulness,5
question_40,benchmarking-gemma4-think-on-optimized-20260415_195013,glm-5.1,source_faithfulness,4
question_27,benchmarking-gemma4-think-on-optimized-20260415_195013,glm-5.1,relevance,5
question_27,benchmarking-gemma4-think-on-optimized-20260415_195013,glm-5.1,completeness,5
question_27,benchmarking-gemma4-think-on-optimized-20260415_195013,glm-5.1,specificity,3
question_27,benchmarking-gemma4-think-on-optimized-20260415_195013,glm-5.1,helpfulness,4
question_27,benchmarking-gemma4-think-on-optimized-20260415_195013,glm-5.1,source_faithfulness,3
question_48,benchmarking-gemma4-think-on-optimized-20260415_195013,glm-5.1,relevance,4
question_48,benchmarking-gemma4-think-on-optimized-20260415_195013,glm-5.1,completeness,3
question_48,benchmarking-gemma4-think-on-optimized-20260415_195013,glm-5.1,specificity,3
question_48,benchmarking-gemma4-think-on-optimized-20260415_195013,glm-5.1,helpfulness,3
question_48,benchmarking-gemma4-think-on-optimized-20260415_195013,glm-5.1,source_faithfulness,4
question_41,benchmarking-gemma4-think-on-optimized-20260415_195013,glm-5.1,relevance,5
question_41,benchmarking-gemma4-think-on-optimized-20260415_195013,glm-5.1,completeness,4
question_41,benchmarking-gemma4-think-on-optimized-20260415_195013,glm-5.1,specificity,3
question_41,benchmarking-gemma4-think-on-optimized-20260415_195013,glm-5.1,helpfulness,4
question_41,benchmarking-gemma4-think-on-optimized-20260415_195013,glm-5.1,source_faithfulness,2
question_42,benchmarking-gemma4-think-on-optimized-20260415_195013,glm-5.1,relevance,4
question_42,benchmarking-gemma4-think-on-optimized-20260415_195013,glm-5.1,completeness,3
question_42,benchmarking-gemma4-think-on-optimized-20260415_195013,glm-5.1,specificity,3
question_42,benchmarking-gemma4-think-on-optimized-20260415_195013,glm-5.1,helpfulness,3
question_42,benchmarking-gemma4-think-on-optimized-20260415_195013,glm-5.1,source_faithfulness,4
question_4,benchmarking-gemma4-think-on-optimized-20260415_195013,glm-5.1,relevance,5
question_4,benchmarking-gemma4-think-on-optimized-20260415_195013,glm-5.1,completeness,5
question_4,benchmarking-gemma4-think-on-optimized-20260415_195013,glm-5.1,specificity,4
question_4,benchmarking-gemma4-think-on-optimized-20260415_195013,glm-5.1,helpfulness,5
question_4,benchmarking-gemma4-think-on-optimized-20260415_195013,glm-5.1,source_faithfulness,4
question_6,benchmarking-gemma4-think-on-optimized-20260415_195013,glm-5.1,relevance,5
question_6,benchmarking-gemma4-think-on-optimized-20260415_195013,glm-5.1,completeness,4
question_6,benchmarking-gemma4-think-on-optimized-20260415_195013,glm-5.1,specificity,2
question_6,benchmarking-gemma4-think-on-optimized-20260415_195013,glm-5.1,helpfulness,2
question_7,benchmarking-gemma4-think-on-optimized-20260415_195013,glm-5.1,relevance,5
question_7,benchmarking-gemma4-think-on-optimized-20260415_195013,glm-5.1,completeness,4
question_7,benchmarking-gemma4-think-on-optimized-20260415_195013,glm-5.1,specificity,3
question_7,benchmarking-gemma4-think-on-optimized-20260415_195013,glm-5.1,helpfulness,3
question_7,benchmarking-gemma4-think-on-optimized-20260415_195013,glm-5.1,source_faithfulness,4
question_5,benchmarking-gemma4-think-on-optimized-20260415_195013,glm-5.1,relevance,5
question_5,benchmarking-gemma4-think-on-optimized-20260415_195013,glm-5.1,completeness,4
question_5,benchmarking-gemma4-think-on-optimized-20260415_195013,glm-5.1,specificity,2
question_5,benchmarking-gemma4-think-on-optimized-20260415_195013,glm-5.1,helpfulness,2
question_5,benchmarking-gemma4-think-on-optimized-20260415_195013,glm-5.1,source_faithfulness,2
question_8,benchmarking-gemma4-think-on-optimized-20260415_195013,glm-5.1,relevance,5
question_8,benchmarking-gemma4-think-on-optimized-20260415_195013,glm-5.1,completeness,5
question_8,benchmarking-gemma4-think-on-optimized-20260415_195013,glm-5.1,specificity,3
question_8,benchmarking-gemma4-think-on-optimized-20260415_195013,glm-5.1,helpfulness,4
question_8,benchmarking-gemma4-think-on-optimized-20260415_195013,glm-5.1,source_faithfulness,3
question_9,benchmarking-gemma4-think-on-optimized-20260415_195013,glm-5.1,relevance,5
question_9,benchmarking-gemma4-think-on-optimized-20260415_195013,glm-5.1,completeness,4
question_9,benchmarking-gemma4-think-on-optimized-20260415_195013,glm-5.1,specificity,4
question_9,benchmarking-gemma4-think-on-optimized-20260415_195013,glm-5.1,helpfulness,4
question_9,benchmarking-gemma4-think-on-optimized-20260415_195013,glm-5.1,source_faithfulness,3
question_28,benchmarking-gemma4-think-on-optimized-20260415_195013,glm-5.1,relevance,3
question_28,benchmarking-gemma4-think-on-optimized-20260415_195013,glm-5.1,completeness,3
question_28,benchmarking-gemma4-think-on-optimized-20260415_195013,glm-5.1,specificity,2
question_28,benchmarking-gemma4-think-on-optimized-20260415_195013,glm-5.1,helpfulness,2
question_28,benchmarking-gemma4-think-on-optimized-20260415_195013,glm-5.1,source_faithfulness,2
question_10,benchmarking-gemma4-think-on-optimized-20260415_195013,glm-5.1,relevance,5
question_10,benchmarking-gemma4-think-on-optimized-20260415_195013,glm-5.1,completeness,4
question_10,benchmarking-gemma4-think-on-optimized-20260415_195013,glm-5.1,specificity,3
question_10,benchmarking-gemma4-think-on-optimized-20260415_195013,glm-5.1,helpfulness,4
question_10,benchmarking-gemma4-think-on-optimized-20260415_195013,glm-5.1,source_faithfulness,3
question_49,benchmarking-gemma4-think-on-optimized-20260415_195013,glm-5.1,relevance,4
question_49,benchmarking-gemma4-think-on-optimized-20260415_195013,glm-5.1,completeness,3
question_49,benchmarking-gemma4-think-on-optimized-20260415_195013,glm-5.1,specificity,4
question_49,benchmarking-gemma4-think-on-optimized-20260415_195013,glm-5.1,helpfulness,3
question_49,benchmarking-gemma4-think-on-optimized-20260415_195013,glm-5.1,source_faithfulness,4
question_50,benchmarking-gemma4-think-on-optimized-20260415_195013,glm-5.1,relevance,2
question_50,benchmarking-gemma4-think-on-optimized-20260415_195013,glm-5.1,completeness,2
question_50,benchmarking-gemma4-think-on-optimized-20260415_195013,glm-5.1,specificity,2
question_50,benchmarking-gemma4-think-on-optimized-20260415_195013,glm-5.1,helpfulness,2
question_50,benchmarking-gemma4-think-on-optimized-20260415_195013,glm-5.1,source_faithfulness,2
question_11,benchmarking-gemma4-think-on-optimized-20260415_195013,glm-5.1,relevance,5
question_11,benchmarking-gemma4-think-on-optimized-20260415_195013,glm-5.1,completeness,5
question_11,benchmarking-gemma4-think-on-optimized-20260415_195013,glm-5.1,specificity,4
question_11,benchmarking-gemma4-think-on-optimized-20260415_195013,glm-5.1,helpfulness,5
question_11,benchmarking-gemma4-think-on-optimized-20260415_195013,glm-5.1,source_faithfulness,4
question_29,benchmarking-gemma4-think-on-optimized-20260415_195013,glm-5.1,relevance,3
question_29,benchmarking-gemma4-think-on-optimized-20260415_195013,glm-5.1,completeness,2
question_29,benchmarking-gemma4-think-on-optimized-20260415_195013,glm-5.1,specificity,2
question_29,benchmarking-gemma4-think-on-optimized-20260415_195013,glm-5.1,helpfulness,2
question_29,benchmarking-gemma4-think-on-optimized-20260415_195013,glm-5.1,source_faithfulness,3
question_30,benchmarking-gemma4-think-on-optimized-20260415_195013,glm-5.1,relevance,5
question_30,benchmarking-gemma4-think-on-optimized-20260415_195013,glm-5.1,completeness,5
question_30,benchmarking-gemma4-think-on-optimized-20260415_195013,glm-5.1,specificity,4
question_30,benchmarking-gemma4-think-on-optimized-20260415_195013,glm-5.1,helpfulness,4
question_30,benchmarking-gemma4-think-on-optimized-20260415_195013,glm-5.1,source_faithfulness,4
question_31,benchmarking-gemma4-think-on-optimized-20260415_195013,glm-5.1,relevance,5
question_31,benchmarking-gemma4-think-on-optimized-20260415_195013,glm-5.1,completeness,4
question_31,benchmarking-gemma4-think-on-optimized-20260415_195013,glm-5.1,specificity,3
question_31,benchmarking-gemma4-think-on-optimized-20260415_195013,glm-5.1,helpfulness,3
question_31,benchmarking-gemma4-think-on-optimized-20260415_195013,glm-5.1,source_faithfulness,3
question_12,benchmarking-gemma4-think-on-optimized-20260415_195013,glm-5.1,relevance,5
question_12,benchmarking-gemma4-think-on-optimized-20260415_195013,glm-5.1,completeness,3
question_12,benchmarking-gemma4-think-on-optimized-20260415_195013,glm-5.1,specificity,3
question_12,benchmarking-gemma4-think-on-optimized-20260415_195013,glm-5.1,helpfulness,3
question_12,benchmarking-gemma4-think-on-optimized-20260415_195013,glm-5.1,source_faithfulness,2
question_32,benchmarking-gemma4-think-on-optimized-20260415_195013,glm-5.1,relevance,5
question_32,benchmarking-gemma4-think-on-optimized-20260415_195013,glm-5.1,completeness,4
question_32,benchmarking-gemma4-think-on-optimized-20260415_195013,glm-5.1,specificity,3
question_32,benchmarking-gemma4-think-on-optimized-20260415_195013,glm-5.1,helpfulness,4
question_32,benchmarking-gemma4-think-on-optimized-20260415_195013,glm-5.1,source_faithfulness,3
question_13,benchmarking-gemma4-think-on-optimized-20260415_195013,glm-5.1,relevance,5
question_13,benchmarking-gemma4-think-on-optimized-20260415_195013,glm-5.1,completeness,3
question_13,benchmarking-gemma4-think-on-optimized-20260415_195013,glm-5.1,specificity,2
question_13,benchmarking-gemma4-think-on-optimized-20260415_195013,glm-5.1,helpfulness,2
question_43,benchmarking-gemma4-think-on-optimized-20260415_195013,glm-5.1,relevance,5
question_43,benchmarking-gemma4-think-on-optimized-20260415_195013,glm-5.1,completeness,5
question_43,benchmarking-gemma4-think-on-optimized-20260415_195013,glm-5.1,specificity,5
question_43,benchmarking-gemma4-think-on-optimized-20260415_195013,glm-5.1,helpfulness,4
question_43,benchmarking-gemma4-think-on-optimized-20260415_195013,glm-5.1,source_faithfulness,4
question_14,benchmarking-gemma4-think-on-optimized-20260415_195013,glm-5.1,relevance,5
question_14,benchmarking-gemma4-think-on-optimized-20260415_195013,glm-5.1,completeness,3
question_14,benchmarking-gemma4-think-on-optimized-20260415_195013,glm-5.1,specificity,2
question_14,benchmarking-gemma4-think-on-optimized-20260415_195013,glm-5.1,helpfulness,2
question_14,benchmarking-gemma4-think-on-optimized-20260415_195013,glm-5.1,source_faithfulness,3
question_33,benchmarking-gemma4-think-on-optimized-20260415_195013,glm-5.1,relevance,4
question_33,benchmarking-gemma4-think-on-optimized-20260415_195013,glm-5.1,completeness,3
question_33,benchmarking-gemma4-think-on-optimized-20260415_195013,glm-5.1,specificity,3
question_33,benchmarking-gemma4-think-on-optimized-20260415_195013,glm-5.1,helpfulness,3
question_33,benchmarking-gemma4-think-on-optimized-20260415_195013,glm-5.1,source_faithfulness,3
question_2,benchmarking-gemma4-think-on-optimized-20260415_195013,glm-5.1,relevance,5
question_2,benchmarking-gemma4-think-on-optimized-20260415_195013,glm-5.1,completeness,4
question_2,benchmarking-gemma4-think-on-optimized-20260415_195013,glm-5.1,specificity,4
question_2,benchmarking-gemma4-think-on-optimized-20260415_195013,glm-5.1,helpfulness,4
question_2,benchmarking-gemma4-think-on-optimized-20260415_195013,glm-5.1,source_faithfulness,3
question_34,benchmarking-gemma4-think-on-optimized-20260415_195013,glm-5.1,relevance,5
question_34,benchmarking-gemma4-think-on-optimized-20260415_195013,glm-5.1,completeness,5
question_34,benchmarking-gemma4-think-on-optimized-20260415_195013,glm-5.1,specificity,4
question_34,benchmarking-gemma4-think-on-optimized-20260415_195013,glm-5.1,helpfulness,4
question_34,benchmarking-gemma4-think-on-optimized-20260415_195013,glm-5.1,source_faithfulness,3
question_15,benchmarking-gemma4-think-on-optimized-20260415_195013,glm-5.1,relevance,5
question_15,benchmarking-gemma4-think-on-optimized-20260415_195013,glm-5.1,completeness,5
question_15,benchmarking-gemma4-think-on-optimized-20260415_195013,glm-5.1,specificity,5
question_15,benchmarking-gemma4-think-on-optimized-20260415_195013,glm-5.1,helpfulness,5
question_15,benchmarking-gemma4-think-on-optimized-20260415_195013,glm-5.1,source_faithfulness,4
question_44,benchmarking-gemma4-think-on-optimized-20260415_195013,glm-5.1,relevance,5
question_44,benchmarking-gemma4-think-on-optimized-20260415_195013,glm-5.1,completeness,3
question_44,benchmarking-gemma4-think-on-optimized-20260415_195013,glm-5.1,specificity,3
question_44,benchmarking-gemma4-think-on-optimized-20260415_195013,glm-5.1,helpfulness,3
question_44,benchmarking-gemma4-think-on-optimized-20260415_195013,glm-5.1,source_faithfulness,3
question_51,benchmarking-gemma4-think-on-optimized-20260415_195013,glm-5.1,relevance,2
question_51,benchmarking-gemma4-think-on-optimized-20260415_195013,glm-5.1,completeness,2
question_51,benchmarking-gemma4-think-on-optimized-20260415_195013,glm-5.1,specificity,2
question_51,benchmarking-gemma4-think-on-optimized-20260415_195013,glm-5.1,helpfulness,2
question_51,benchmarking-gemma4-think-on-optimized-20260415_195013,glm-5.1,source_faithfulness,3
question_16,benchmarking-gemma4-think-on-optimized-20260415_195013,glm-5.1,relevance,5
question_16,benchmarking-gemma4-think-on-optimized-20260415_195013,glm-5.1,completeness,5
question_16,benchmarking-gemma4-think-on-optimized-20260415_195013,glm-5.1,specificity,4
question_16,benchmarking-gemma4-think-on-optimized-20260415_195013,glm-5.1,helpfulness,4
question_16,benchmarking-gemma4-think-on-optimized-20260415_195013,glm-5.1,source_faithfulness,5
question_17,benchmarking-gemma4-think-on-optimized-20260415_195013,glm-5.1,relevance,4
question_17,benchmarking-gemma4-think-on-optimized-20260415_195013,glm-5.1,completeness,3
question_17,benchmarking-gemma4-think-on-optimized-20260415_195013,glm-5.1,specificity,3
question_17,benchmarking-gemma4-think-on-optimized-20260415_195013,glm-5.1,helpfulness,3
question_17,benchmarking-gemma4-think-on-optimized-20260415_195013,glm-5.1,source_faithfulness,2
question_52,benchmarking-gemma4-think-on-optimized-20260415_195013,glm-5.1,relevance,5
question_52,benchmarking-gemma4-think-on-optimized-20260415_195013,glm-5.1,completeness,5
question_52,benchmarking-gemma4-think-on-optimized-20260415_195013,glm-5.1,specificity,2
question_52,benchmarking-gemma4-think-on-optimized-20260415_195013,glm-5.1,helpfulness,3
question_52,benchmarking-gemma4-think-on-optimized-20260415_195013,glm-5.1,source_faithfulness,3
question_53,benchmarking-gemma4-think-on-optimized-20260415_195013,glm-5.1,relevance,5
question_53,benchmarking-gemma4-think-on-optimized-20260415_195013,glm-5.1,completeness,5
question_53,benchmarking-gemma4-think-on-optimized-20260415_195013,glm-5.1,specificity,5
question_53,benchmarking-gemma4-think-on-optimized-20260415_195013,glm-5.1,helpfulness,4
question_53,benchmarking-gemma4-think-on-optimized-20260415_195013,glm-5.1,source_faithfulness,4
question_35,benchmarking-gemma4-think-on-optimized-20260415_195013,glm-5.1,relevance,5
question_35,benchmarking-gemma4-think-on-optimized-20260415_195013,glm-5.1,completeness,5
question_35,benchmarking-gemma4-think-on-optimized-20260415_195013,glm-5.1,specificity,4
question_35,benchmarking-gemma4-think-on-optimized-20260415_195013,glm-5.1,helpfulness,5
question_35,benchmarking-gemma4-think-on-optimized-20260415_195013,glm-5.1,source_faithfulness,3
question_36,benchmarking-gemma4-think-on-optimized-20260415_195013,glm-5.1,relevance,5
question_36,benchmarking-gemma4-think-on-optimized-20260415_195013,glm-5.1,completeness,4
question_36,benchmarking-gemma4-think-on-optimized-20260415_195013,glm-5.1,specificity,4
question_36,benchmarking-gemma4-think-on-optimized-20260415_195013,glm-5.1,helpfulness,4
question_36,benchmarking-gemma4-think-on-optimized-20260415_195013,glm-5.1,source_faithfulness,4
question_3,benchmarking-gemma4-think-on-optimized-20260415_195013,glm-5.1,relevance,4
question_3,benchmarking-gemma4-think-on-optimized-20260415_195013,glm-5.1,completeness,3
question_3,benchmarking-gemma4-think-on-optimized-20260415_195013,glm-5.1,specificity,4
question_3,benchmarking-gemma4-think-on-optimized-20260415_195013,glm-5.1,helpfulness,4
question_3,benchmarking-gemma4-think-on-optimized-20260415_195013,glm-5.1,source_faithfulness,3
question_45,benchmarking-gemma4-think-on-optimized-20260415_195013,glm-5.1,relevance,5
question_45,benchmarking-gemma4-think-on-optimized-20260415_195013,glm-5.1,completeness,5
question_45,benchmarking-gemma4-think-on-optimized-20260415_195013,glm-5.1,specificity,4
question_45,benchmarking-gemma4-think-on-optimized-20260415_195013,glm-5.1,helpfulness,5
question_45,benchmarking-gemma4-think-on-optimized-20260415_195013,glm-5.1,source_faithfulness,4
question_37,benchmarking-gemma4-think-on-optimized-20260415_195013,glm-5.1,relevance,5
question_37,benchmarking-gemma4-think-on-optimized-20260415_195013,glm-5.1,completeness,3
question_37,benchmarking-gemma4-think-on-optimized-20260415_195013,glm-5.1,specificity,3
question_37,benchmarking-gemma4-think-on-optimized-20260415_195013,glm-5.1,helpfulness,3
question_37,benchmarking-gemma4-think-on-optimized-20260415_195013,glm-5.1,source_faithfulness,4
question_18,benchmarking-gemma4-think-on-optimized-20260415_195013,glm-5.1,relevance,5
question_18,benchmarking-gemma4-think-on-optimized-20260415_195013,glm-5.1,completeness,3
question_18,benchmarking-gemma4-think-on-optimized-20260415_195013,glm-5.1,specificity,2
question_18,benchmarking-gemma4-think-on-optimized-20260415_195013,glm-5.1,helpfulness,3
question_18,benchmarking-gemma4-think-on-optimized-20260415_195013,glm-5.1,source_faithfulness,2
question_19,benchmarking-gemma4-think-on-optimized-20260415_195013,glm-5.1,relevance,4
question_19,benchmarking-gemma4-think-on-optimized-20260415_195013,glm-5.1,completeness,2
question_19,benchmarking-gemma4-think-on-optimized-20260415_195013,glm-5.1,specificity,2
question_19,benchmarking-gemma4-think-on-optimized-20260415_195013,glm-5.1,helpfulness,2
question_19,benchmarking-gemma4-think-on-optimized-20260415_195013,glm-5.1,source_faithfulness,4
question_20,benchmarking-gemma4-think-on-optimized-20260415_195013,glm-5.1,relevance,5
question_20,benchmarking-gemma4-think-on-optimized-20260415_195013,glm-5.1,completeness,4
question_20,benchmarking-gemma4-think-on-optimized-20260415_195013,glm-5.1,specificity,4
question_20,benchmarking-gemma4-think-on-optimized-20260415_195013,glm-5.1,helpfulness,4
question_20,benchmarking-gemma4-think-on-optimized-20260415_195013,glm-5.1,source_faithfulness,3
question_38,benchmarking-gemma4-think-on-optimized-20260415_195013,glm-5.1,relevance,5
question_38,benchmarking-gemma4-think-on-optimized-20260415_195013,glm-5.1,completeness,4
question_38,benchmarking-gemma4-think-on-optimized-20260415_195013,glm-5.1,specificity,3
question_38,benchmarking-gemma4-think-on-optimized-20260415_195013,glm-5.1,helpfulness,4
question_38,benchmarking-gemma4-think-on-optimized-20260415_195013,glm-5.1,source_faithfulness,4
question_21,benchmarking-gemma4-think-on-optimized-20260415_195013,glm-5.1,relevance,4
question_21,benchmarking-gemma4-think-on-optimized-20260415_195013,glm-5.1,completeness,2
question_21,benchmarking-gemma4-think-on-optimized-20260415_195013,glm-5.1,specificity,3
question_21,benchmarking-gemma4-think-on-optimized-20260415_195013,glm-5.1,helpfulness,2
question_21,benchmarking-gemma4-think-on-optimized-20260415_195013,glm-5.1,source_faithfulness,3
question_22,benchmarking-gemma4-think-on-optimized-20260415_195013,glm-5.1,relevance,4
question_22,benchmarking-gemma4-think-on-optimized-20260415_195013,glm-5.1,completeness,3
question_22,benchmarking-gemma4-think-on-optimized-20260415_195013,glm-5.1,specificity,3
question_22,benchmarking-gemma4-think-on-optimized-20260415_195013,glm-5.1,helpfulness,3
question_22,benchmarking-gemma4-think-on-optimized-20260415_195013,glm-5.1,source_faithfulness,2
question_46,benchmarking-gemma4-think-on-rag-only-20260415_152307,glm-5.1,relevance,5
question_46,benchmarking-gemma4-think-on-rag-only-20260415_152307,glm-5.1,completeness,4
question_46,benchmarking-gemma4-think-on-rag-only-20260415_152307,glm-5.1,specificity,4
question_46,benchmarking-gemma4-think-on-rag-only-20260415_152307,glm-5.1,helpfulness,4
question_46,benchmarking-gemma4-think-on-rag-only-20260415_152307,glm-5.1,source_faithfulness,5
question_1,benchmarking-gemma4-think-on-rag-only-20260415_152307,glm-5.1,relevance,5
question_1,benchmarking-gemma4-think-on-rag-only-20260415_152307,glm-5.1,completeness,5
question_1,benchmarking-gemma4-think-on-rag-only-20260415_152307,glm-5.1,specificity,4
question_1,benchmarking-gemma4-think-on-rag-only-20260415_152307,glm-5.1,helpfulness,5
question_23,benchmarking-gemma4-think-on-rag-only-20260415_152307,glm-5.1,relevance,4
question_23,benchmarking-gemma4-think-on-rag-only-20260415_152307,glm-5.1,completeness,3
question_23,benchmarking-gemma4-think-on-rag-only-20260415_152307,glm-5.1,specificity,4
question_23,benchmarking-gemma4-think-on-rag-only-20260415_152307,glm-5.1,helpfulness,4
question_23,benchmarking-gemma4-think-on-rag-only-20260415_152307,glm-5.1,source_faithfulness,5
question_39,benchmarking-gemma4-think-on-rag-only-20260415_152307,glm-5.1,relevance,2
question_39,benchmarking-gemma4-think-on-rag-only-20260415_152307,glm-5.1,completeness,1
question_39,benchmarking-gemma4-think-on-rag-only-20260415_152307,glm-5.1,specificity,1
question_39,benchmarking-gemma4-think-on-rag-only-20260415_152307,glm-5.1,helpfulness,1
question_24,benchmarking-gemma4-think-on-rag-only-20260415_152307,glm-5.1,relevance,5
question_24,benchmarking-gemma4-think-on-rag-only-20260415_152307,glm-5.1,completeness,2
question_24,benchmarking-gemma4-think-on-rag-only-20260415_152307,glm-5.1,specificity,2
question_24,benchmarking-gemma4-think-on-rag-only-20260415_152307,glm-5.1,helpfulness,2
question_24,benchmarking-gemma4-think-on-rag-only-20260415_152307,glm-5.1,source_faithfulness,5
question_25,benchmarking-gemma4-think-on-rag-only-20260415_152307,glm-5.1,relevance,5
question_25,benchmarking-gemma4-think-on-rag-only-20260415_152307,glm-5.1,completeness,4
question_25,benchmarking-gemma4-think-on-rag-only-20260415_152307,glm-5.1,specificity,4
question_25,benchmarking-gemma4-think-on-rag-only-20260415_152307,glm-5.1,helpfulness,4
question_25,benchmarking-gemma4-think-on-rag-only-20260415_152307,glm-5.1,source_faithfulness,3
question_26,benchmarking-gemma4-think-on-rag-only-20260415_152307,glm-5.1,relevance,5
question_26,benchmarking-gemma4-think-on-rag-only-20260415_152307,glm-5.1,completeness,4
question_26,benchmarking-gemma4-think-on-rag-only-20260415_152307,glm-5.1,specificity,3
question_26,benchmarking-gemma4-think-on-rag-only-20260415_152307,glm-5.1,helpfulness,4
question_26,benchmarking-gemma4-think-on-rag-only-20260415_152307,glm-5.1,source_faithfulness,3
question_47,benchmarking-gemma4-think-on-rag-only-20260415_152307,glm-5.1,relevance,5
question_47,benchmarking-gemma4-think-on-rag-only-20260415_152307,glm-5.1,completeness,4
question_47,benchmarking-gemma4-think-on-rag-only-20260415_152307,glm-5.1,specificity,5
question_47,benchmarking-gemma4-think-on-rag-only-20260415_152307,glm-5.1,helpfulness,4
question_47,benchmarking-gemma4-think-on-rag-only-20260415_152307,glm-5.1,source_faithfulness,5
question_40,benchmarking-gemma4-think-on-rag-only-20260415_152307,glm-5.1,relevance,5
question_40,benchmarking-gemma4-think-on-rag-only-20260415_152307,glm-5.1,completeness,5
question_40,benchmarking-gemma4-think-on-rag-only-20260415_152307,glm-5.1,specificity,5
question_40,benchmarking-gemma4-think-on-rag-only-20260415_152307,glm-5.1,helpfulness,5
question_40,benchmarking-gemma4-think-on-rag-only-20260415_152307,glm-5.1,source_faithfulness,5
question_27,benchmarking-gemma4-think-on-rag-only-20260415_152307,glm-5.1,relevance,3
question_27,benchmarking-gemma4-think-on-rag-only-20260415_152307,glm-5.1,completeness,3
question_27,benchmarking-gemma4-think-on-rag-only-20260415_152307,glm-5.1,specificity,4
question_27,benchmarking-gemma4-think-on-rag-only-20260415_152307,glm-5.1,helpfulness,3
question_27,benchmarking-gemma4-think-on-rag-only-20260415_152307,glm-5.1,source_faithfulness,4
question_48,benchmarking-gemma4-think-on-rag-only-20260415_152307,glm-5.1,relevance,4
question_48,benchmarking-gemma4-think-on-rag-only-20260415_152307,glm-5.1,completeness,2
question_48,benchmarking-gemma4-think-on-rag-only-20260415_152307,glm-5.1,specificity,3
question_48,benchmarking-gemma4-think-on-rag-only-20260415_152307,glm-5.1,helpfulness,2
question_48,benchmarking-gemma4-think-on-rag-only-20260415_152307,glm-5.1,source_faithfulness,5
question_41,benchmarking-gemma4-think-on-rag-only-20260415_152307,glm-5.1,relevance,4
question_41,benchmarking-gemma4-think-on-rag-only-20260415_152307,glm-5.1,completeness,3
question_41,benchmarking-gemma4-think-on-rag-only-20260415_152307,glm-5.1,specificity,3
question_41,benchmarking-gemma4-think-on-rag-only-20260415_152307,glm-5.1,helpfulness,3
question_41,benchmarking-gemma4-think-on-rag-only-20260415_152307,glm-5.1,source_faithfulness,5
question_42,benchmarking-gemma4-think-on-rag-only-20260415_152307,glm-5.1,relevance,4
question_42,benchmarking-gemma4-think-on-rag-only-20260415_152307,glm-5.1,completeness,2
question_42,benchmarking-gemma4-think-on-rag-only-20260415_152307,glm-5.1,specificity,2
question_42,benchmarking-gemma4-think-on-rag-only-20260415_152307,glm-5.1,helpfulness,2
question_42,benchmarking-gemma4-think-on-rag-only-20260415_152307,glm-5.1,source_faithfulness,5
question_4,benchmarking-gemma4-think-on-rag-only-20260415_152307,glm-5.1,relevance,5
question_4,benchmarking-gemma4-think-on-rag-only-20260415_152307,glm-5.1,completeness,5
question_4,benchmarking-gemma4-think-on-rag-only-20260415_152307,glm-5.1,specificity,5
question_4,benchmarking-gemma4-think-on-rag-only-20260415_152307,glm-5.1,helpfulness,5
question_4,benchmarking-gemma4-think-on-rag-only-20260415_152307,glm-5.1,source_faithfulness,5
question_6,benchmarking-gemma4-think-on-rag-only-20260415_152307,glm-5.1,relevance,5
question_6,benchmarking-gemma4-think-on-rag-only-20260415_152307,glm-5.1,completeness,4
question_6,benchmarking-gemma4-think-on-rag-only-20260415_152307,glm-5.1,specificity,4
question_6,benchmarking-gemma4-think-on-rag-only-20260415_152307,glm-5.1,helpfulness,4
question_6,benchmarking-gemma4-think-on-rag-only-20260415_152307,glm-5.1,source_faithfulness,5
question_7,benchmarking-gemma4-think-on-rag-only-20260415_152307,glm-5.1,relevance,3
question_7,benchmarking-gemma4-think-on-rag-only-20260415_152307,glm-5.1,completeness,1
question_7,benchmarking-gemma4-think-on-rag-only-20260415_152307,glm-5.1,specificity,1
question_7,benchmarking-gemma4-think-on-rag-only-20260415_152307,glm-5.1,helpfulness,2
question_7,benchmarking-gemma4-think-on-rag-only-20260415_152307,glm-5.1,source_faithfulness,5
question_5,benchmarking-gemma4-think-on-rag-only-20260415_152307,glm-5.1,relevance,4
question_5,benchmarking-gemma4-think-on-rag-only-20260415_152307,glm-5.1,completeness,2
question_5,benchmarking-gemma4-think-on-rag-only-20260415_152307,glm-5.1,specificity,2
question_5,benchmarking-gemma4-think-on-rag-only-20260415_152307,glm-5.1,helpfulness,2
question_5,benchmarking-gemma4-think-on-rag-only-20260415_152307,glm-5.1,source_faithfulness,5
question_8,benchmarking-gemma4-think-on-rag-only-20260415_152307,glm-5.1,relevance,5
question_8,benchmarking-gemma4-think-on-rag-only-20260415_152307,glm-5.1,completeness,5
question_8,benchmarking-gemma4-think-on-rag-only-20260415_152307,glm-5.1,specificity,2
question_8,benchmarking-gemma4-think-on-rag-only-20260415_152307,glm-5.1,helpfulness,3
question_8,benchmarking-gemma4-think-on-rag-only-20260415_152307,glm-5.1,source_faithfulness,2
question_9,benchmarking-gemma4-think-on-rag-only-20260415_152307,glm-5.1,relevance,5
question_9,benchmarking-gemma4-think-on-rag-only-20260415_152307,glm-5.1,completeness,4
question_9,benchmarking-gemma4-think-on-rag-only-20260415_152307,glm-5.1,specificity,4
question_9,benchmarking-gemma4-think-on-rag-only-20260415_152307,glm-5.1,helpfulness,3
question_9,benchmarking-gemma4-think-on-rag-only-20260415_152307,glm-5.1,source_faithfulness,5
question_28,benchmarking-gemma4-think-on-rag-only-20260415_152307,glm-5.1,relevance,3
question_28,benchmarking-gemma4-think-on-rag-only-20260415_152307,glm-5.1,completeness,2
question_28,benchmarking-gemma4-think-on-rag-only-20260415_152307,glm-5.1,specificity,4
question_28,benchmarking-gemma4-think-on-rag-only-20260415_152307,glm-5.1,helpfulness,2
question_28,benchmarking-gemma4-think-on-rag-only-20260415_152307,glm-5.1,source_faithfulness,4
question_10,benchmarking-gemma4-think-on-rag-only-20260415_152307,glm-5.1,relevance,5
question_10,benchmarking-gemma4-think-on-rag-only-20260415_152307,glm-5.1,completeness,5
question_10,benchmarking-gemma4-think-on-rag-only-20260415_152307,glm-5.1,specificity,5
question_10,benchmarking-gemma4-think-on-rag-only-20260415_152307,glm-5.1,helpfulness,5
question_10,benchmarking-gemma4-think-on-rag-only-20260415_152307,glm-5.1,source_faithfulness,4
question_49,benchmarking-gemma4-think-on-rag-only-20260415_152307,glm-5.1,relevance,5
question_49,benchmarking-gemma4-think-on-rag-only-20260415_152307,glm-5.1,completeness,5
question_49,benchmarking-gemma4-think-on-rag-only-20260415_152307,glm-5.1,specificity,2
question_49,benchmarking-gemma4-think-on-rag-only-20260415_152307,glm-5.1,helpfulness,3
question_49,benchmarking-gemma4-think-on-rag-only-20260415_152307,glm-5.1,source_faithfulness,1
question_50,benchmarking-gemma4-think-on-rag-only-20260415_152307,glm-5.1,relevance,5
question_50,benchmarking-gemma4-think-on-rag-only-20260415_152307,glm-5.1,completeness,4
question_50,benchmarking-gemma4-think-on-rag-only-20260415_152307,glm-5.1,specificity,4
question_50,benchmarking-gemma4-think-on-rag-only-20260415_152307,glm-5.1,helpfulness,3
question_50,benchmarking-gemma4-think-on-rag-only-20260415_152307,glm-5.1,source_faithfulness,5
question_11,benchmarking-gemma4-think-on-rag-only-20260415_152307,glm-5.1,relevance,5
question_11,benchmarking-gemma4-think-on-rag-only-20260415_152307,glm-5.1,completeness,4
question_11,benchmarking-gemma4-think-on-rag-only-20260415_152307,glm-5.1,specificity,3
question_11,benchmarking-gemma4-think-on-rag-only-20260415_152307,glm-5.1,helpfulness,4
question_11,benchmarking-gemma4-think-on-rag-only-20260415_152307,glm-5.1,source_faithfulness,3
question_29,benchmarking-gemma4-think-on-rag-only-20260415_152307,glm-5.1,relevance,5
question_29,benchmarking-gemma4-think-on-rag-only-20260415_152307,glm-5.1,completeness,4
question_29,benchmarking-gemma4-think-on-rag-only-20260415_152307,glm-5.1,specificity,5
question_29,benchmarking-gemma4-think-on-rag-only-20260415_152307,glm-5.1,helpfulness,4
question_29,benchmarking-gemma4-think-on-rag-only-20260415_152307,glm-5.1,source_faithfulness,5
question_30,benchmarking-gemma4-think-on-rag-only-20260415_152307,glm-5.1,relevance,4
question_30,benchmarking-gemma4-think-on-rag-only-20260415_152307,glm-5.1,completeness,3
question_30,benchmarking-gemma4-think-on-rag-only-20260415_152307,glm-5.1,specificity,3
question_30,benchmarking-gemma4-think-on-rag-only-20260415_152307,glm-5.1,helpfulness,3
question_30,benchmarking-gemma4-think-on-rag-only-20260415_152307,glm-5.1,source_faithfulness,3
question_31,benchmarking-gemma4-think-on-rag-only-20260415_152307,glm-5.1,relevance,4
question_31,benchmarking-gemma4-think-on-rag-only-20260415_152307,glm-5.1,completeness,2
question_31,benchmarking-gemma4-think-on-rag-only-20260415_152307,glm-5.1,specificity,3
question_31,benchmarking-gemma4-think-on-rag-only-20260415_152307,glm-5.1,helpfulness,2
question_31,benchmarking-gemma4-think-on-rag-only-20260415_152307,glm-5.1,source_faithfulness,5
question_12,benchmarking-gemma4-think-on-rag-only-20260415_152307,glm-5.1,relevance,4
question_12,benchmarking-gemma4-think-on-rag-only-20260415_152307,glm-5.1,completeness,3
question_12,benchmarking-gemma4-think-on-rag-only-20260415_152307,glm-5.1,specificity,3
question_12,benchmarking-gemma4-think-on-rag-only-20260415_152307,glm-5.1,helpfulness,3
question_12,benchmarking-gemma4-think-on-rag-only-20260415_152307,glm-5.1,source_faithfulness,4
question_32,benchmarking-gemma4-think-on-rag-only-20260415_152307,glm-5.1,relevance,3
question_32,benchmarking-gemma4-think-on-rag-only-20260415_152307,glm-5.1,completeness,2
question_32,benchmarking-gemma4-think-on-rag-only-20260415_152307,glm-5.1,specificity,3
question_32,benchmarking-gemma4-think-on-rag-only-20260415_152307,glm-5.1,helpfulness,2
question_32,benchmarking-gemma4-think-on-rag-only-20260415_152307,glm-5.1,source_faithfulness,4
question_13,benchmarking-gemma4-think-on-rag-only-20260415_152307,glm-5.1,relevance,4
question_13,benchmarking-gemma4-think-on-rag-only-20260415_152307,glm-5.1,completeness,2
question_13,benchmarking-gemma4-think-on-rag-only-20260415_152307,glm-5.1,specificity,3
question_13,benchmarking-gemma4-think-on-rag-only-20260415_152307,glm-5.1,helpfulness,3
question_43,benchmarking-gemma4-think-on-rag-only-20260415_152307,glm-5.1,relevance,5
question_43,benchmarking-gemma4-think-on-rag-only-20260415_152307,glm-5.1,completeness,5
question_43,benchmarking-gemma4-think-on-rag-only-20260415_152307,glm-5.1,specificity,4
question_43,benchmarking-gemma4-think-on-rag-only-20260415_152307,glm-5.1,helpfulness,4
question_43,benchmarking-gemma4-think-on-rag-only-20260415_152307,glm-5.1,source_faithfulness,4
question_14,benchmarking-gemma4-think-on-rag-only-20260415_152307,glm-5.1,relevance,4
question_14,benchmarking-gemma4-think-on-rag-only-20260415_152307,glm-5.1,completeness,3
question_14,benchmarking-gemma4-think-on-rag-only-20260415_152307,glm-5.1,specificity,3
question_14,benchmarking-gemma4-think-on-rag-only-20260415_152307,glm-5.1,helpfulness,3
question_14,benchmarking-gemma4-think-on-rag-only-20260415_152307,glm-5.1,source_faithfulness,4
question_33,benchmarking-gemma4-think-on-rag-only-20260415_152307,glm-5.1,relevance,5
question_33,benchmarking-gemma4-think-on-rag-only-20260415_152307,glm-5.1,completeness,5
question_33,benchmarking-gemma4-think-on-rag-only-20260415_152307,glm-5.1,specificity,4
question_33,benchmarking-gemma4-think-on-rag-only-20260415_152307,glm-5.1,helpfulness,4
question_33,benchmarking-gemma4-think-on-rag-only-20260415_152307,glm-5.1,source_faithfulness,4
question_2,benchmarking-gemma4-think-on-rag-only-20260415_152307,glm-5.1,relevance,3
question_2,benchmarking-gemma4-think-on-rag-only-20260415_152307,glm-5.1,completeness,2
question_2,benchmarking-gemma4-think-on-rag-only-20260415_152307,glm-5.1,specificity,3
question_2,benchmarking-gemma4-think-on-rag-only-20260415_152307,glm-5.1,helpfulness,2
question_2,benchmarking-gemma4-think-on-rag-only-20260415_152307,glm-5.1,source_faithfulness,3
question_34,benchmarking-gemma4-think-on-rag-only-20260415_152307,glm-5.1,relevance,5
question_34,benchmarking-gemma4-think-on-rag-only-20260415_152307,glm-5.1,completeness,5
question_34,benchmarking-gemma4-think-on-rag-only-20260415_152307,glm-5.1,specificity,5
question_34,benchmarking-gemma4-think-on-rag-only-20260415_152307,glm-5.1,helpfulness,5
question_34,benchmarking-gemma4-think-on-rag-only-20260415_152307,glm-5.1,source_faithfulness,4
question_15,benchmarking-gemma4-think-on-rag-only-20260415_152307,glm-5.1,relevance,5
question_15,benchmarking-gemma4-think-on-rag-only-20260415_152307,glm-5.1,completeness,5
question_15,benchmarking-gemma4-think-on-rag-only-20260415_152307,glm-5.1,specificity,4
question_15,benchmarking-gemma4-think-on-rag-only-20260415_152307,glm-5.1,helpfulness,5
question_15,benchmarking-gemma4-think-on-rag-only-20260415_152307,glm-5.1,source_faithfulness,4
question_44,benchmarking-gemma4-think-on-rag-only-20260415_152307,glm-5.1,relevance,5
question_44,benchmarking-gemma4-think-on-rag-only-20260415_152307,glm-5.1,completeness,4
question_44,benchmarking-gemma4-think-on-rag-only-20260415_152307,glm-5.1,specificity,4
question_44,benchmarking-gemma4-think-on-rag-only-20260415_152307,glm-5.1,helpfulness,3
question_44,benchmarking-gemma4-think-on-rag-only-20260415_152307,glm-5.1,source_faithfulness,4
question_51,benchmarking-gemma4-think-on-rag-only-20260415_152307,glm-5.1,relevance,4
question_51,benchmarking-gemma4-think-on-rag-only-20260415_152307,glm-5.1,completeness,2
question_51,benchmarking-gemma4-think-on-rag-only-20260415_152307,glm-5.1,specificity,2
question_51,benchmarking-gemma4-think-on-rag-only-20260415_152307,glm-5.1,helpfulness,3
question_51,benchmarking-gemma4-think-on-rag-only-20260415_152307,glm-5.1,source_faithfulness,5
question_16,benchmarking-gemma4-think-on-rag-only-20260415_152307,glm-5.1,relevance,5
question_16,benchmarking-gemma4-think-on-rag-only-20260415_152307,glm-5.1,completeness,2
question_16,benchmarking-gemma4-think-on-rag-only-20260415_152307,glm-5.1,specificity,2
question_16,benchmarking-gemma4-think-on-rag-only-20260415_152307,glm-5.1,helpfulness,2
question_16,benchmarking-gemma4-think-on-rag-only-20260415_152307,glm-5.1,source_faithfulness,5
question_17,benchmarking-gemma4-think-on-rag-only-20260415_152307,glm-5.1,relevance,5
question_17,benchmarking-gemma4-think-on-rag-only-20260415_152307,glm-5.1,completeness,4
question_17,benchmarking-gemma4-think-on-rag-only-20260415_152307,glm-5.1,specificity,4
question_17,benchmarking-gemma4-think-on-rag-only-20260415_152307,glm-5.1,helpfulness,4
question_17,benchmarking-gemma4-think-on-rag-only-20260415_152307,glm-5.1,source_faithfulness,4
question_52,benchmarking-gemma4-think-on-rag-only-20260415_152307,glm-5.1,relevance,5
question_52,benchmarking-gemma4-think-on-rag-only-20260415_152307,glm-5.1,completeness,5
question_52,benchmarking-gemma4-think-on-rag-only-20260415_152307,glm-5.1,specificity,5
question_52,benchmarking-gemma4-think-on-rag-only-20260415_152307,glm-5.1,helpfulness,5
question_52,benchmarking-gemma4-think-on-rag-only-20260415_152307,glm-5.1,source_faithfulness,5
question_53,benchmarking-gemma4-think-on-rag-only-20260415_152307,glm-5.1,relevance,4
question_53,benchmarking-gemma4-think-on-rag-only-20260415_152307,glm-5.1,completeness,3
question_53,benchmarking-gemma4-think-on-rag-only-20260415_152307,glm-5.1,specificity,4
question_53,benchmarking-gemma4-think-on-rag-only-20260415_152307,glm-5.1,helpfulness,3
question_53,benchmarking-gemma4-think-on-rag-only-20260415_152307,glm-5.1,source_faithfulness,4
question_35,benchmarking-gemma4-think-on-rag-only-20260415_152307,glm-5.1,relevance,5
question_35,benchmarking-gemma4-think-on-rag-only-20260415_152307,glm-5.1,completeness,5
question_35,benchmarking-gemma4-think-on-rag-only-20260415_152307,glm-5.1,specificity,4
question_35,benchmarking-gemma4-think-on-rag-only-20260415_152307,glm-5.1,helpfulness,5
question_35,benchmarking-gemma4-think-on-rag-only-20260415_152307,glm-5.1,source_faithfulness,4
question_36,benchmarking-gemma4-think-on-rag-only-20260415_152307,glm-5.1,relevance,5
question_36,benchmarking-gemma4-think-on-rag-only-20260415_152307,glm-5.1,completeness,4
question_36,benchmarking-gemma4-think-on-rag-only-20260415_152307,glm-5.1,specificity,5
question_36,benchmarking-gemma4-think-on-rag-only-20260415_152307,glm-5.1,helpfulness,4
question_36,benchmarking-gemma4-think-on-rag-only-20260415_152307,glm-5.1,source_faithfulness,5
question_3,benchmarking-gemma4-think-on-rag-only-20260415_152307,glm-5.1,relevance,5
question_3,benchmarking-gemma4-think-on-rag-only-20260415_152307,glm-5.1,completeness,4
question_3,benchmarking-gemma4-think-on-rag-only-20260415_152307,glm-5.1,specificity,4
question_3,benchmarking-gemma4-think-on-rag-only-20260415_152307,glm-5.1,helpfulness,4
question_3,benchmarking-gemma4-think-on-rag-only-20260415_152307,glm-5.1,source_faithfulness,3
question_45,benchmarking-gemma4-think-on-rag-only-20260415_152307,glm-5.1,relevance,5
question_45,benchmarking-gemma4-think-on-rag-only-20260415_152307,glm-5.1,completeness,5
question_45,benchmarking-gemma4-think-on-rag-only-20260415_152307,glm-5.1,specificity,5
question_45,benchmarking-gemma4-think-on-rag-only-20260415_152307,glm-5.1,helpfulness,5
question_45,benchmarking-gemma4-think-on-rag-only-20260415_152307,glm-5.1,source_faithfulness,5
question_37,benchmarking-gemma4-think-on-rag-only-20260415_152307,glm-5.1,relevance,3
question_37,benchmarking-gemma4-think-on-rag-only-20260415_152307,glm-5.1,completeness,1
question_37,benchmarking-gemma4-think-on-rag-only-20260415_152307,glm-5.1,specificity,1
question_37,benchmarking-gemma4-think-on-rag-only-20260415_152307,glm-5.1,helpfulness,2
question_37,benchmarking-gemma4-think-on-rag-only-20260415_152307,glm-5.1,source_faithfulness,5
question_18,benchmarking-gemma4-think-on-rag-only-20260415_152307,glm-5.1,relevance,4
question_18,benchmarking-gemma4-think-on-rag-only-20260415_152307,glm-5.1,completeness,1
question_18,benchmarking-gemma4-think-on-rag-only-20260415_152307,glm-5.1,specificity,1
question_18,benchmarking-gemma4-think-on-rag-only-20260415_152307,glm-5.1,helpfulness,1
question_18,benchmarking-gemma4-think-on-rag-only-20260415_152307,glm-5.1,source_faithfulness,5
question_19,benchmarking-gemma4-think-on-rag-only-20260415_152307,glm-5.1,relevance,5
question_19,benchmarking-gemma4-think-on-rag-only-20260415_152307,glm-5.1,completeness,3
question_19,benchmarking-gemma4-think-on-rag-only-20260415_152307,glm-5.1,specificity,3
question_19,benchmarking-gemma4-think-on-rag-only-20260415_152307,glm-5.1,helpfulness,2
question_19,benchmarking-gemma4-think-on-rag-only-20260415_152307,glm-5.1,source_faithfulness,5
question_20,benchmarking-gemma4-think-on-rag-only-20260415_152307,glm-5.1,relevance,4
question_20,benchmarking-gemma4-think-on-rag-only-20260415_152307,glm-5.1,completeness,2
question_20,benchmarking-gemma4-think-on-rag-only-20260415_152307,glm-5.1,specificity,1
question_20,benchmarking-gemma4-think-on-rag-only-20260415_152307,glm-5.1,helpfulness,2
question_20,benchmarking-gemma4-think-on-rag-only-20260415_152307,glm-5.1,source_faithfulness,5
question_38,benchmarking-gemma4-think-on-rag-only-20260415_152307,glm-5.1,relevance,3
question_38,benchmarking-gemma4-think-on-rag-only-20260415_152307,glm-5.1,completeness,2
question_38,benchmarking-gemma4-think-on-rag-only-20260415_152307,glm-5.1,specificity,2
question_38,benchmarking-gemma4-think-on-rag-only-20260415_152307,glm-5.1,helpfulness,2
question_38,benchmarking-gemma4-think-on-rag-only-20260415_152307,glm-5.1,source_faithfulness,5
question_21,benchmarking-gemma4-think-on-rag-only-20260415_152307,glm-5.1,relevance,3
question_21,benchmarking-gemma4-think-on-rag-only-20260415_152307,glm-5.1,completeness,2
question_21,benchmarking-gemma4-think-on-rag-only-20260415_152307,glm-5.1,specificity,3
question_21,benchmarking-gemma4-think-on-rag-only-20260415_152307,glm-5.1,helpfulness,2
question_21,benchmarking-gemma4-think-on-rag-only-20260415_152307,glm-5.1,source_faithfulness,5
question_22,benchmarking-gemma4-think-on-rag-only-20260415_152307,glm-5.1,relevance,2
question_22,benchmarking-gemma4-think-on-rag-only-20260415_152307,glm-5.1,completeness,1
question_22,benchmarking-gemma4-think-on-rag-only-20260415_152307,glm-5.1,specificity,1
question_22,benchmarking-gemma4-think-on-rag-only-20260415_152307,glm-5.1,helpfulness,2
