question_id,config,judge,reasoning
question_46,bare-llm_gemma4-26b,glm-5.1,"The question asks for a specific date when T0_CH_CERN_Tape was disabled for production output. The answer honestly admits it doesn't have access to this information, which is better than fabricating a date. However, it then provides tangential context about the CASTOR to CTA transition (2018-2021) that doesn't directly answer the question. The answer fails to provide the specific factual information requested, and the general context about tape system transitions, while related, doesn't help an operator who needs to know when that particular endpoint was disabled."
question_1,bare-llm_gemma4-26b,glm-5.1,"The answer directly addresses the 50513 exit code question with a structured debugging approach, analyzing the provided log output and noting that multi-site failures point to software/config issues rather than site-specific problems. It provides specific references from the log (CMSSW_15_0_18, el8_amd64_gcc12, PSet.py, edm_pset_tweak.py) and actionable steps like local replay and dmesg checks. However, some specific claims are not well-grounded — calling 'export LD_LIBRARY_PATH=$LD_LIBRARY_PATH' 'suspicious' is incorrect (this is normal shell behavior), and the OOM kill hypothesis is speculative without supporting evidence from the log. The answer correctly identifies that the log ends abruptly after a tweak operation, which is a valid observation, and the recommendation not to blindly resubmit is sound."
question_23,bare-llm_gemma4-26b,glm-5.1,"The question is asked in the context of a CMS Computing Operations assistant, where 'gridpack' has a specific meaning (pre-computed matrix element packages used in Monte Carlo event generation, typically stored on CERN EOS or referenced in production databases). The generated answer completely misses this domain context, treating 'gridpack' as an unknown generic file and offering generic Linux file-searching advice. References to NVIDIA Isaac Sim and robotics simulators are off-topic for CMS operations. While the generic commands (find, locate, grep) could technically locate a file, they miss the CMS-specific tools, storage paths (e.g., /store/mc/ areas), and workflows that an operator would actually use, making this answer minimally useful in practice."
question_39,bare-llm_gemma4-26b,glm-5.1,"The question asks about HLTSCOUT and L1SCOUT datasets in a CMS Computing Operations context, which refers to scouting datasets from the CMS experiment's trigger system (High Level Trigger scouting and Level-1 Trigger scouting). The generated answer completely hallucinates a different domain, interpreting these as protein structure design datasets. This is a severe error that makes the entire response irrelevant and actively misleading. While the answer is structured and detailed, all of its specifics (PDB, Hugging Face, protein design, biological ML) are fabricated in this context and would mislead a CMS operator."
question_24,bare-llm_gemma4-26b,glm-5.1,"The question is asked in the context of CMS Computing Operations, where 'Winter 26 campaign' likely refers to a CMS computing campaign (e.g., data processing, Monte Carlo production). The generated answer completely fails to recognize this domain context and instead lists irrelevant possibilities like fashion, gaming, and politics. This is effectively a domain-unaware refusal that provides no useful information for a CMS operator. While the answer is honest about not knowing, it doesn't acknowledge the CMS computing context at all, making it no better than a non-response for the intended user."
question_25,bare-llm_gemma4-26b,glm-5.1,"The question is asked in the context of a CMS Computing Operations AI assistant, where 'workflow' refers to CMS production/analysis workflows (managed by WMCore, ReqMgr, CRAB, etc.). The generated answer completely misses this context and instead provides detailed instructions for CI/CD platforms (GitHub Actions, GitLab, Jenkins), data orchestration tools (Airflow), and automation tools (Zapier) — none of which are relevant to CMS Computing Operations. A CMS operator would not be using any of these tools for CMS workflows, making this answer actively misleading."
question_26,bare-llm_gemma4-26b,glm-5.1,"In the CMS Computing context, 'wmagent' refers to the CMS Workload Management Agent (WMAgent/WMCore), a well-known component of the CMS distributed computing infrastructure. The generated answer completely misidentifies wmagent as Wipro WFM, a Web Application Firewall, or a generic enterprise tool. The specific paths, commands, and scenarios provided (e.g., /etc/wmagent/wmagent.conf, WFM Admin Console) are irrelevant to CMS operations and constitute unsupported specifics that would mislead an operator. The generic Linux troubleshooting tips (find, ps aux) are the only marginally useful content, but they don't compensate for the fundamentally wrong identification of the software."
question_47,bare-llm_gemma4-26b,glm-5.1,"The question asks for a specific data value (amount of data deleted in the 2025 deletion campaign). The answer honestly acknowledges it doesn't have access to this information and explains why, rather than fabricating data. While the answer is relevant and on-topic, it cannot provide the core information requested, making it incomplete and lacking specificity. The suggestions to check internal reports or share documents offer minimal guidance but require the operator to do all the investigative work themselves."
question_40,bare-llm_gemma4-26b,glm-5.1,"The question asks about MINIAOD (Mini Analysis Object Data), a well-known CMS data format, and its policy change in 2025. The generated answer completely fails to recognize MINIAOD as a CMS computing concept, instead treating it as a potential typo and suggesting unrelated possibilities like the EU AI Act or OECD guidelines. This demonstrates a fundamental lack of domain knowledge for a CMS Computing Operations assistant. While the answer is honestly admitting ignorance rather than fabricating details (which is better than inventing data), it provides zero relevant information about the actual topic and its suggestions could actively mislead an operator into thinking they asked the wrong question."
question_27,bare-llm_gemma4-26b,glm-5.1,"The question asks for a summary of internal CMS Winter26 workflow issues. The generated answer correctly admits it lacks access to this private internal information, avoiding hallucination, but it completely fails to provide the requested summary. It touches on the general subject (acknowledging 'Winter26 workflows') but does not answer the prompt, offers no CMS-specific alternative resources for the operator to check, and simply asks the user to paste the details instead."
question_48,bare-llm_gemma4-26b,glm-5.1,"The question asks for a specific link, and the generated answer responds with an honest refusal to provide an unsupported link, followed by clarifying questions. While the answer is topically relevant and avoids hallucinating a fake link (which is good per the guardrails), it completely fails to provide the requested link, resulting in low completeness. The specificity is low because it can only offer generic advice (e.g., 'check Confluence') rather than concrete CMS details. Helpfulness is low because a CMS operator would not make progress finding the actual document based on this generic response, though it avoids sending them to a fabricated link."
question_41,bare-llm_gemma4-26b,glm-5.1,"The question is about CMS Computing Operations, specifically asking about a 'trustpulists' (likely 'trust policies' or a similar CMS-specific term) field configuration for 'minbias' (minimum bias) workflows in particle physics computing. The generated answer completely misinterprets the context, treating 'Minbias' as a generic business platform and 'trustpulists' as 'Trustpilot' (a review management service). The entire response is about Trustpilot integration workflows with CRM systems, which is entirely unrelated to CMS computing operations. This is a fundamental context failure that provides actively misleading information."
question_42,bare-llm_gemma4-26b,glm-5.1,"The question is asked in the context of CMS Computing Operations, where 'Unified' refers to a specific CMS workflow orchestration/configuration management system. The answer completely misses this context and instead provides generic software engineering interpretations of 'Unified' (UKI, UML, Unified Diff, etc.) that are irrelevant to a CMS operator. While the answer provides specific URLs and repository names, they are all wrong for the actual question being asked—this is a case where wrong specifics actively mislead rather than help."
question_4,bare-llm_gemma4-26b,glm-5.1,"The question asks the assistant to look up a specific ticket (CMSPROD-368) and explain who and how sets MergedLFNBase correctly. The generated answer is essentially a refusal — it cannot access internal systems and therefore cannot check the ticket or provide any actual information about MergedLFNBase. It offers to analyze information if the user pastes it, and outlines what it would look for, but provides no substantive answer. While the refusal is honest and avoids fabricating data, the answer still fails to address the question and offers only a minimal path forward that requires the operator to do all the legwork themselves."
question_6,bare-llm_gemma4-26b,glm-5.1,"The question asks for a summary of 2025 activity in CMSDM and CMSTRANSF, which are CMS computing systems. The answer honestly acknowledges it lacks access to internal databases and cannot produce the requested summary, which is better than fabricating data per the evaluation principles. However, it doesn't actually answer the question — it only offers a generic template structure and asks the user to provide the data. The template is somewhat relevant as it references both systems, but it contains no real information about 2025 activities. A CMS operator would still need to compile all the data themselves; the template provides only marginal organizational value."
question_7,bare-llm_gemma4-26b,glm-5.1,"The answer directly targets the question but provides factually incorrect domain-specific definitions. In CMS Computing, 'AAA' stands for 'Any data, Anytime, Anywhere' (a remote data access mechanism via xrootd), not 'Authentication, Authorization, and Accounting'. Additionally, 'blockDict[""PhEDExNodeNames""]' contains the list of sites where a data block is located, not a 'blacklist' of problematic nodes. Per the guidelines, unsupported and incorrect specific claims are worse than honest vagueness, as they actively mislead the operator."
question_5,bare-llm_gemma4-26b,glm-5.1,"The question asks for rucio commands based on a specific Jira ticket. The answer honestly explains it cannot access the CERN-internal Jira link due to authentication and asks the user to paste the ticket details. This is a legitimate limitation, and the answer is relevant and transparent about it. However, it cannot provide the actual rucio commands requested, so completeness and specificity are limited — the core request is unfulfilled. The answer is moderately helpful because it gives the operator a clear next step (paste the ticket content), but they still need to do extra work before getting their answer."
question_8,bare-llm_gemma4-26b,glm-5.1,"The question asks specifically about open tickets for decommissioning Russian T2s (Tier-2 sites in CMS computing). The generated answer honestly states it cannot access ticketing systems, which is accurate, but it fails to provide any actionable guidance for the operator. It names generic ticketing systems (Jira, ServiceNow, Zendesk) rather than CMS-specific systems like GGUS or the CMS Savannah/RT instances that would be relevant. The answer is relevant in that it addresses the question by explaining its limitation, but it is incomplete, not specific to CMS operations, and minimally helpful since it offers no pointers to where an operator might actually find this information."
question_9,bare-llm_gemma4-26b,glm-5.1,"The question asks for specific topics within a defined range of Jira tickets, which the AI cannot access. The answer correctly identifies this limitation and refuses to invent data, adhering to the 'honest vagueness' principle. While it is highly relevant and specific in explaining *why* it cannot answer and *how* the user can provide the data, it scores low on completeness because it provides zero information on the actual topics requested. It is moderately helpful as it gives a clear path forward, but this path requires significant manual effort from the operator (exporting 341 tickets)."
question_28,bare-llm_gemma4-26b,glm-5.1,"The question is clearly asked in the context of CMS Computing Operations, where 'PnR' refers to a well-known domain concept (Prompt and ReReco/Reconstruction policy). The generated answer completely fails to recognize this context and instead provides elaborate explanations of unrelated business acronyms (Procurement and Requisition, Plan and Resource, Pick and Replenish). None of the content is relevant to CMS computing operations. While the answer is structured and detailed, it fundamentally misses the domain and would actively mislead or frustrate a CMS operator."
question_10,bare-llm_gemma4-26b,glm-5.1,"The question asks about creating a new Tier0 release in CMS Computing Operations context, where Tier0 refers to the primary CERN computing center and its data processing pipeline. The generated answer completely misunderstands this context, reinterpreting 'Tier0' as a generic SRE/DevOps term for 'critical foundational infrastructure.' It provides generic deployment advice (canary, blue/green, golden signals) that, while professionally written, doesn't address CMS-specific Tier0 release procedures, tools, or processes. An honest admission of not knowing the CMS-specific process would have been more trustworthy than this contextually incorrect generic advice, which could mislead an operator."
question_49,bare-llm_gemma4-26b,glm-5.1,"The question asks for a specific historical fact (when a configuration change occurred), which the AI cannot answer due to lack of access to internal records. The response honestly acknowledges this limitation rather than fabricating data, which is appropriate per the guardrails. However, the alternative suggestions provided are generic and would be obvious to any CMS computing operator (check git logs, check Jira, check CloudTrail). The answer doesn't provide the actual date requested and the guidance offered is largely unhelpful to someone who would already know these standard troubleshooting steps."
question_50,bare-llm_gemma4-26b,glm-5.1,"The generated answer completely fails to recognize the domain context of CERN CMS Computing Operations, misinterpreting 'CMS' as a generic Content Management System and 'FTS' as an unknown acronym (like Full Text Search). Because it does not understand the domain, it provides zero information about when the File Transfer Service enabled the overwrite-on-buffer feature for the Compact Muon Solenoid experiment. The response is entirely irrelevant, incomplete, and actively unhelpful to a CERN operator."
question_11,bare-llm_gemma4-26b,glm-5.1,"The question is asked in the context of CMS Computing Operations, where 'Tier 0' refers to the CERN Tier-0 computing center and 'replay' refers to reprocessing or replaying raw detector data. The generated answer completely misses this domain context, misinterpreting the terms as generic SRE/DevOps critical service traffic shadowing. Consequently, it provides specific but entirely misapplied details (Istio, GoReplay, Kafka) that would actively mislead a CMS operator, making it irrelevant to the actual question and harmful to their task."
question_29,bare-llm_gemma4-26b,glm-5.1,"The question is asked in a CMS Computing Operations context where 'site readiness' specifically refers to the operational readiness of computing sites (e.g., T1/T2 sites) and 'downtime status' refers to scheduled/unscheduled outages at those grid sites. The generated answer fundamentally misunderstands the domain — it interprets 'site readiness' as new version/feature deployment readiness and lists generic corporate DevOps tools (PagerDuty, Datadog, LaunchDarkly, ArgoCD) that are not part of the CMS computing infrastructure. A correct answer would reference CMS-specific tools like the SSB (Site Status Board), CMS Dashboard, GGUS tickets, and specific CERN monitoring infrastructure. The answer provides specific tool names, but they are the wrong ones for this domain and could actively mislead a CMS operator."
question_30,bare-llm_gemma4-26b,glm-5.1,"The question uses terminology specific to CMS Computing Operations (likely Rucio data management, where 'rules' have states like REPLICATING and STUCK). The answer completely misses this context, assuming generic replication tools (AWS DMS, Informatica, CDC pipelines) and providing general distributed systems advice. While it attempts to address the abstract concept of 'replicating vs stuck' states, none of the scenarios are grounded in the actual CMS/Rucio system behavior. A CMS operator would find this unhelpful because it doesn't explain the actual Rucio mechanics — e.g., transfers being continuously retried before exhausting retries, partial replication progress resetting stuck timers, or re-evaluation cycles keeping rules in REPLICATING."
question_31,bare-llm_gemma4-26b,glm-5.1,"The question asks about CMS Computing Operations schedulers (crabschedd, prodschedd, tier0schedd are HTCondor schedd instances used in CMS at CERN for CRAB analysis, production processing, and Tier-0 data processing respectively). The generated answer completely fabricates a Meta/Facebook context, incorrectly interprets 'crab' as a canary concept, 'tier0' as foundation infrastructure, and 'prod' as a generic production environment. This is a severe hallucination that provides confidently wrong specifics with no grounding in reality, which is worse than honest vagueness per the evaluation principles."
question_12,bare-llm_gemma4-26b,glm-5.1,"The question is about CMS Computing Operations—specifically creating Rucio rules using local account quota for T2_CH_CERN—but the answer fundamentally misunderstands the domain. It interprets 'rules' as generic IT concepts (SQL queries, SIEM detection rules, Ansible playbooks) and 'quota' as filesystem disk quotas, rather than Rucio data management rules and Rucio account quotas. The detailed SQL/Splunk/Ansible examples, while specific, are entirely wrong for the actual system and would actively mislead a CMS operator. The answer touches on the general subject area (rules, quotas, local users) but fails to address the actual Rucio workflow requested."
question_32,bare-llm_gemma4-26b,glm-5.1,"The question clearly asks about CMS Computing Operations terminology (file transfer states: staged, acquired, failed), but the answer completely misinterprets it as a business M&A question. The answer provides extensive detail about corporate mergers, boards of directors, and due diligence - none of which is relevant to CMS computing operations. This is a fundamental domain mismatch that makes the entire response useless for a CMS operator."
question_13,bare-llm_gemma4-26b,glm-5.1,"The answer directly addresses the question of how to find a block name from a lumilist using DAS, correctly identifying that the lumilist only contains run/lumi info and a reverse lookup is needed. However, it contains a critical typo (writes `block run=308420` instead of `398420` in Option A), and incorrectly describes the block name format (the block name in DAS includes the `#` and UUID, not just text before it). The answer also misses the opportunity to use lumi range filtering to narrow results, which would be more precise given the user has both run and lumi information."
question_43,bare-llm_gemma4-26b,glm-5.1,"The answer directly addresses the question of why overwrite is disabled on tape transfers, providing several logical reasons such as data integrity and sequential architecture. However, it completely ignores the CMS Computing Operations context, applying generic enterprise IT frameworks like HIPAA, SEC 17a-4, and ransomware that do not apply to CERN/CMS physics data. The inclusion of highly specific but domain-irrelevant compliance claims without evidence lowers the specificity score, as these are unsupported fabrications in this context. Consequently, a CMS operator would find this generic response only minimally helpful, as it lacks any references to actual CMS data management policies or systems (like CTA or Rucio)."
question_14,bare-llm_gemma4-26b,glm-5.1,"The user asks how to get lumi ranges for specific files, but the answer provides methods that yield run-level or dataset-level lumi information, not file-level lumis. The correct approach would be a DAS query like `dasgoclient -query ""lumi file=/store/...""` or querying the filelumis dataset, which is completely missing. Method 1 queries the run number generically and wouldn't return per-file lumi ranges; the example lumi range values (123456, 123500) are fabricated. Method 2's web URL is unverified. Method 3 queries dataset metadata, not file lumis. An operator following these instructions would fail to get the requested information."
question_33,bare-llm_gemma4-26b,glm-5.1,"The question is clearly situated in CMS Computing Operations, asking about Production Output activity, rule creation, and disk/tape output destinations in the CMS context (CERN/CMS data processing workflow). The generated answer completely misses this domain, instead offering a generic ETL/data processing explanation with irrelevant details about financial institutions, Informatica, Drools, Hadoop, and S3. While it structurally addresses the three parts of the question, it does so entirely in the wrong domain, providing specifics that are misleading for a CMS operator who would need information about CMS-specific systems like CRAB, WMAgent, Rucio/PhEDEx, T1/T2 storage, and dataset output tiers (GEN-SIM, RECO, AOD, etc.). The unsupported wrong-domain specifics are worse than honest vagueness."
question_2,bare-llm_gemma4-26b,glm-5.1,"The question asks for specific CMS Tier-0 reprocessing procedures given that streamer files are still available. The answer provides a generic data pipeline reprocessing framework but fails to address CMS-specific workflows, tools (Tier-0 agent, ReqMgr, WMCore), or procedures. It references irrelevant tools like Nextflow/Snakemake and invents a fictional command, which could mislead a CMS operator. While the answer honestly states it lacks access to internal documentation, the generic advice is not actionable for someone working in the CMS Tier-0 environment."
question_34,bare-llm_gemma4-26b,glm-5.1,"The answer directly addresses both what Rucio probes are and how they are used for monitoring, providing a clear lifecycle of a probe file and detailing specific monitoring use cases like connectivity, latency, and integrity. It includes concrete, actionable details by naming specific tools in the ecosystem (FTS, Prometheus, Grafana, rucio-client) and explaining the step-by-step synthetic transaction process, all of which are grounded in accurate CMS computing domain knowledge. A CMS operator would find this highly useful for understanding the monitoring infrastructure and interpreting probe-based alerts."
question_15,bare-llm_gemma4-26b,glm-5.1,"The question asks for the CLI command to see more details about a Rucio rule, and the answer directly provides `rucio rule show` with clear syntax examples for both rule ID and rule name. It also proactively covers the `--json` flag for getting deeper details (directly addressing the 'more details' aspect), and includes a helpful tip about `rucio rule list` for finding the rule ID first. The commands are standard Rucio CLI commands that a CMS operator could immediately execute. Minor uncertainty about some described output fields (e.g., whether 'checksum' is a valid policy value) prevents a perfect specificity score, but overall the answer is concrete, actionable, and well-structured."
question_44,bare-llm_gemma4-26b,glm-5.1,"The answer correctly affirms it is possible to stage a single file and provides a detailed generic IT explanation of how tape systems work. However, as a CMS Computing Operations assistant, it entirely misses the domain context; CMS operators use HEP-specific tools (like Rucio, FTS, or xrdfs with EOS/CTA) rather than generic backup software (Veeam) or LTFS for raw detector data. The specific systems mentioned are unsupported in the CMS context, making the advice minimally actionable for the intended user."
question_51,bare-llm_gemma4-26b,glm-5.1,"The question asks for a specific URL and a short title for the wmagent training document. The generated answer explicitly states it cannot provide the URL and offers only generic advice on where to look for internal documents. While this honest refusal is preferable to inventing a fake URL, it results in a complete failure to provide the requested information, making it entirely unhelpful to an operator who needs the link. The relevance is slightly above 1 because it acknowledges the subject (internal documentation) but it scores poorly overall due to the total lack of the requested specific information."
question_16,bare-llm_gemma4-26b,glm-5.1,"The answer attempts to address the question by providing DAS query formats, but it introduces a fabricated '3ESS' element in the query string that has no basis in DAS syntax and would cause errors. The DAS URL (cmsdas.cern.ch) and the Python module (cmsutils.das) also appear to be unsupported/fabricated without any citations or sources. Per the evaluation guardrail, unsupported specifics are worse than honest vagueness because they mislead operators. The core query concept (run + path) is present but the fabricated details undermine the answer's trustworthiness significantly."
question_17,bare-llm_gemma4-26b,glm-5.1,"The answer addresses the question about block locations but provides an inefficient two-step approach and misses the most direct Rucio command. In Rucio/CMS terminology, a 'block' maps to a dataset, and the standard command to see where it is located is `rucio list-dataset-replicas <scope:dataset_name>`, which shows which RSEs hold complete replicas. The answer's `rucio list-block-files` is not a standard Rucio CLI command (the correct one would be `rucio list-files`). The script-based workaround is specific but would fail if the commands don't exist, and iterating file-by-file is unnecessarily slow compared to the direct dataset-replica command. The conceptual explanation that blocks don't have a single location is reasonable but slightly misleading since Rucio does track dataset-level replication completeness per site."
question_52,bare-llm_gemma4-26b,glm-5.1,"The question asks about X509 to OIDC transition in 'CMS data management,' which in this context refers to the Compact Muon Solenoid experiment at CERN and its computing operations. The generated answer completely misinterprets 'CMS' as 'Content Management System' and discusses web platforms like Contentful, Strapi, and Sanity—entirely irrelevant to CERN CMS computing. While the answer touches on the general subject of X509 vs OIDC, it fails to address the actual question about the specific transition status in the CMS experiment's data management infrastructure (Rucio, CRAB, WLCG). This is a critical context failure that makes the detailed information misleading rather than helpful."
question_53,bare-llm_gemma4-26b,glm-5.1,"The question asks for a specific date or timeframe when CMS stopped sending Monte Carlo data to CERN tape. The answer provides general background about the LHC computing model shift but never provides any date, timeframe, or even confirms whether CMS specifically stopped this practice. It deflects by saying 'there is no single, universal date' and generalizes across LHC experiments rather than addressing CMS operations. An operator asking this would still need to look elsewhere for the actual answer, and the answer doesn't even point them to where to find it."
question_35,bare-llm_gemma4-26b,glm-5.1,"The question asks how to check file integrity, and the answer directly addresses this with multiple concrete methods: cryptographic hashing with specific commands for Windows, macOS, and Linux, algorithm recommendations with security explanations, and digital signature verification via GPG. All specific commands and tools mentioned (CertUtil, shasum, sha256sum, gpg) are standard, well-documented utilities—not fabricated data—so the specificity is well-grounded. An operator could immediately use these commands to verify a file. The answer is comprehensive without unnecessary padding."
question_36,bare-llm_gemma4-26b,glm-5.1,"The question is asked in the context of CMS Computing Operations, where 'INJECT state' has a specific meaning related to CMS workflow/job management systems. The generated answer completely ignores this context, instead offering generic explanations about INJECT states across unrelated systems (ETL, CI/CD, SOAR, Game Engines). While the answer provides many plausible-sounding generic reasons (database locks, network issues, etc.), none are grounded in CMS-specific tools, documentation, or operational experience. The specifics are unsupported in the CMS context — effectively inventing relevance to wrong systems — which is worse than honest vagueness per the evaluation guardrails. A CMS operator would not find this actionable."
question_3,bare-llm_gemma4-26b,glm-5.1,"The answer addresses the user's question about extending Rucio quotas at T2_CN_Beijing and provides wiki search terms, a CLI command, and guidance on finding the site admin. However, it contains some potentially incorrect specifics: the CMS Wiki URL (cms-doc.cern.ch) may be wrong, 'JASMIN' is referenced as a ticketing system but is actually a UK computing facility, and 'T2_HS' appears to be an error for T2_CN_Beijing. These unsupported specifics are concerning per the evaluation guardrails. The answer does honestly admit not having internal access, but then provides details that may be fabricated or inaccurate. The CLI command is a useful specific but presented with a hedge ('typically used') and may not be precisely correct. Overall, it gives a reasonable starting framework but an operator would need to verify several claims."
question_45,bare-llm_gemma4-26b,glm-5.1,"The question asks about the primary use of wma_prod and wmcore_output Rucio accounts in a CMS Computing context. The answer directly addresses both accounts and explains their uses, but critically misattributes them to the ATLAS Experiment, referencing PanDA and ATLAS data formats (AOD, DAOD) instead of CMS systems (WMAgent, CMS data formats like miniAOD/NANOEDM). The general concepts about dataset creation, file registration, and rule management are roughly applicable, but the unsupported specifics (ATLAS attribution, PanDA references) are fabricated or misattributed and would actively mislead a CMS operator. Per the guardrail, unsupported specifics that are likely incorrect score lower than honest vagueness."
question_37,bare-llm_gemma4-26b,glm-5.1,"The question asks about 'msunmerged' in the context of CMS Computing Operations, where it is likely a script or component in the CMS computing infrastructure. The generated answer completely misidentifies the context, interpreting 'msunmerged' as an astrophysical merger tree variable related to galaxy formation simulations. This is entirely the wrong domain. The answer is detailed but about the wrong topic entirely, which makes it actively misleading for a CMS computing operator. None of the information provided is relevant to the actual CMS computing context, and the 'open issues' described are about astrophysics simulations, not CMS operations."
question_18,bare-llm_gemma4-26b,glm-5.1,"The question asks about creating a Rucio container — in Rucio's data model, a 'container' is a collection of datasets (files → datasets → containers), and the command is something like `rucio add-container <scope>:<name>`. The generated answer completely misinterprets 'container' as a Docker/Singularity container and explicitly states 'Rucio does not create containers,' which is factually wrong in the Rucio data management context. It provides Docker/Singularity commands instead of the actual Rucio container creation command, making it off-topic and actively misleading."
question_19,bare-llm_gemma4-26b,glm-5.1,"The question asks for the Rucio CLI command to create a rule, and the answer attempts to provide it, making it topically relevant. However, the provided command `rucio rule create` is entirely fabricated; the correct Rucio CLI command is `rucio add-rule <dids> <copies> <rse_expression>`. Because the answer invents a non-existent command and syntax, it provides unsupported and fabricated specifics, which the evaluation guidelines explicitly penalize heavily. An operator relying on this answer would be sent completely in the wrong direction, failing to execute the command and wasting time."
question_20,bare-llm_gemma4-26b,glm-5.1,"The question asks for the command compatible with Rucio v38's new CLI structure but doesn't specify which operation. The answer directly addresses this by explaining the pattern change (from `action-object` to `object action`) and providing a comprehensive cheat sheet of common command transformations across multiple categories. The commands shown are standard, well-documented Rucio CLI patterns—not fabricated data. The answer also provides actionable self-discovery methods via `--help` and offers to provide exact syntax if the user specifies their task. This is highly relevant, complete, specific, and helpful."
question_38,bare-llm_gemma4-26b,glm-5.1,"The question asks for documentation on PnR Campaign Manager responsibilities and the meaning of `partial_copy` in the CMS Computing Operations context. The answer acknowledges it lacks access to internal documentation, then provides speculative content about what PnR might mean (suggesting EDA 'Place and Route'), which may be incorrect for CMS. The `partial_copy` explanation is based on generic shallow/deep copy concepts rather than the actual CMS tool's implementation. While the answer attempts to address both parts of the question, its specifics are unsupported and potentially misleading for the CMS context. The recommendation to check internal documentation is the only genuinely helpful part."
question_21,bare-llm_gemma4-26b,glm-5.1,"The question asks specifically how to set a quota for an account on an RSE in Rucio, which natively supports this via the `rucio-admin account limit add <account> <rse> <bytes>` command. The generated answer completely misses the standard Rucio CLI command, falsely claiming no native command exists. Instead, it focuses on RSE capacity limits (which are not account-specific), invents a non-standard 'Quota Plugin' with fabricated SQL tables and config files, and suggests ineffective workarounds using rules. Because the answer provides invented specifics without citations and actively hides the correct standard procedure, it is misleading and unhelpful."
question_22,bare-llm_gemma4-26b,glm-5.1,"The question is about CMS DAS (Data Aggregation Service), a specific CMS tool for querying dataset/block metadata. The answer completely misunderstands what DAS is, treating it as an ambiguous acronym and providing generic Python, SQL, and bash gap-analysis solutions that are irrelevant to querying block completion in CMS DAS. A CMS operator would not use any of these methods—they would use DAS client commands or the DAS web interface. The answer provides specific but entirely wrong/ungrounded details, which is worse than honest vagueness as it could mislead an operator."
question_46,compops-no-tools_gemma4-26b,glm-5.1,"The question asks for a specific date when T0_CH_CERN_Tape was disabled. The answer directly addresses this by referencing JIRA ticket CMSTRANSF-773 and provides context (HI run) with an approximate date (November 24, 2023), while honestly acknowledging the exact date isn't in the source. This is relevant and reasonably specific with the ticket reference and timeframe, but incomplete since it cannot provide the precise date requested. The answer is helpful as it points an operator to the right ticket, though they'd need to investigate further for the exact date."
question_1,compops-no-tools_gemma4-26b,glm-5.1,"The answer is relevant and addresses the 50513 exit code question with structured analysis and a 4-step approach. However, it introduces unsupported specifics: the ticket reference 'CMSPROD-218' and the error message 'python3: error while loading shared libraries' do not appear in the provided log and have no cited source, which violates the guardrail against unsupported specifics. The log itself doesn't clearly show the root cause—the subprocess outputs appear normal—yet the answer infers the failure occurs after the last log line without strong evidence. The debugging steps are a mix of concrete (manual command reproduction) and vague ('check if there have been recent changes'), making the answer only moderately actionable."
question_23,compops-no-tools_gemma4-26b,glm-5.1,"The question asks how to find the full gridpack file path, and the answer directly tells the user to check the ExternalLHEProducer configuration in CMS config files, specifically the args parameter as a vstring. This is relevant and actionable guidance. The answer provides a concrete example path to illustrate the format, though the example is given without citation. Completeness is good but not exhaustive—there could be other methods mentioned (e.g., checking McM, production databases). Since no sources were provided or referenced, source faithfulness defaults to a neutral middle score as there's nothing to verify against."
question_39,compops-no-tools_gemma4-26b,glm-5.1,"The answer directly addresses the policy question for both HLTSCOUT and L1SCOUT datasets, explaining they follow the same MINIAOD* policy and providing implementation details from a cited JIRA ticket. It covers both datasets, though HLTSCOUT is described more briefly as 'following the same logic.' The answer is rich in concrete details—subscription names, RSE expressions, run periods, and exclusion patterns—all attributed to CMSTRANSF-1215, making it actionable for an operator. Source faithfulness is scored conservatively as the answer appears consistent with its cited source but HLTSCOUT details are somewhat assumed rather than explicitly stated."
question_24,compops-no-tools_gemma4-26b,glm-5.1,"The question asks for the status of the 'Winter 26' campaign. The answer directly addresses this by stating it cannot find information about this campaign, and provides context by mentioning specific older campaigns it did find (SnowmassWinter21, RunIISummer20, Phase2HLTTDRWinter20). The answer is honest about its limitations rather than fabricating information, which is appropriate. However, the next-step suggestions are somewhat generic, and the operator is left without a clear path to find the Winter 26 status."
question_25,compops-no-tools_gemma4-26b,glm-5.1,"The answer directly addresses where to find workflow logs, providing two concrete methods with specific details. The EOS URL, file paths, process types, and job states are all actionable specifics. The only minor gap is that the archived job location is described vaguely as 'logDir folder' without an exact path. The answer is highly relevant and an operator could immediately use the provided URLs and paths to locate logs."
question_26,compops-no-tools_gemma4-26b,glm-5.1,"The question asks how to access wmagent config, and the answer directly provides the config file name (config.py), its full path, and post-modification steps (restart the component). It also includes bonus information about secrets and certificates locations. The answer is highly specific with exact paths like '/data/tier0/srv/wmagent/current/config/tier0/config.py', but these specifics reference 'deployment documentation' without actual citations or source references, raising concerns about unsupported claims. The Tier0-specific path may not be universally applicable to all WMAgent deployments. Without provided sources to verify against, source faithfulness is difficult to fully assess, though the answer appears internally consistent."
question_47,compops-no-tools_gemma4-26b,glm-5.1,"The answer directly addresses the question about deletion campaign 2025 by honestly stating it couldn't find information about it, and provides the related campaigns it did find in the sources. It's relevant and faithful to its sources, but cannot answer the core question (data amount) because the 2025 campaign doesn't appear to exist in the retrieved information. The specific ticket numbers and campaign names it provides are concrete and well-supported. An operator would learn the 2025 campaign isn't documented in available sources and could follow up with the alternative campaigns mentioned, but would still need to investigate further."
question_40,compops-no-tools_gemma4-26b,glm-5.1,"The question asks for a summary of the MINIAOD policy change in 2025. The answer directly addresses this by clearly contrasting the old policy (two permanent copies, one US/one Eurasia) with the new policy (one permanent copy on reliable sites via MINIAOD_GLOBAL_PERMANENT, plus one 1-year-lifetime copy). It includes specific subscription names, a ticket reference (CMSTRANSF-1198), and the rationale for the change. The answer is highly relevant and complete. For specificity, the answer provides concrete details like subscription names and a ticket number, which serve as traceable references in the CMS operations context, though no explicit document citations are provided. Helpfulness is strong as an operator could immediately understand the policy change and its implications. Source faithfulness is harder to assess without seeing the retrieved sources, but the answer presents internally consistent claims without obvious contradictions."
question_27,compops-no-tools_gemma4-26b,glm-5.1,"The answer directly addresses the question about the Winter26 workflow issues, providing a structured summary covering the initial setup, the pileup error, data transfer problems, and resolution. It includes highly specific details like the full pileup dataset path, campaign names, and the fractionOnDisk value of 0.95, which makes it very actionable for an operator. However, these specifics lack explicit citations or source references, which slightly impacts the specificity and source faithfulness scores per the evaluation guidelines on unsupported specifics. Source faithfulness is scored conservatively at 3 since no sources were provided to verify against, though the answer is internally consistent and appears technically sound."
question_48,compops-no-tools_gemma4-26b,glm-5.1,"The user asked for a link to a specific 'workflow updater' document. The answer honestly states it couldn't find that exact document and offers three related alternatives with brief descriptions. However, it fails to provide the requested link and also doesn't provide links to the alternative documents it mentions—only their names. The answer is relevant and appears faithful to its search results, but it doesn't fully satisfy the core request."
question_41,compops-no-tools_gemma4-26b,glm-5.1,"The question asks what value the TrustPUSites field should be set to for MinBias workflows. The answer correctly identifies the field (interpreting the typo 'trustpulists' as TrustPUSites) and explains that it should NOT be set to False, providing the reasoning and consequence (workflows stuck in assigned state). However, it stops short of explicitly stating the affirmative value (presumably True), requiring the operator to infer the correct setting. The answer cites a specific ticket (CMSPROD-225) for its claims, providing good source grounding, and includes concrete details like the MS-Pileup mechanism and the 'assigned' state symptom."
question_42,compops-no-tools_gemma4-26b,glm-5.1,"The question asks for the location of Unified source code. The answer honestly admits it couldn't find the direct repository location, which is better than fabricating one. It provides related information including a Getting Started documentation URL and a ticket reference (CMSVOC-35), but these don't directly answer where the source code lives. The answer is relevant and faithful to its sources but falls short on completeness and specificity since the core question remains unanswered."
question_6,compops-no-tools_gemma4-26b,glm-5.1,"The question asks for a summary of relevant 2025 activity in both CMSDM and CMSTRANSF. The answer directly addresses both components: it identifies one CMSTRANSF item (ticket CMSTRANSF-1264, November 2025, Ops scripts migration to CMSRucio) and honestly reports no CMSDM activity was found for 2025. The answer is relevant and addresses both parts of the question, though CMSDM coverage is essentially 'nothing found.' Specificity is decent—one concrete ticket reference with date and activity description—but overall thin. Helpfulness is moderate: an operator gets one actionable lead but limited insight overall, constrained by sparse source data. Source faithfulness appears solid as the answer transparently notes the limitations of its retrieved information rather than inventing content."
question_7,compops-no-tools_gemma4-26b,glm-5.1,"The answer attempts to address the specific line of code but fails by providing an incorrect and unsupported definition for `useAAA`. In CMS computing, `useAAA` refers to the 'Any Agent, Anywhere' xrootd data access protocol, which allows jobs to read data remotely regardless of locality, not 'Authentication, Authorization, and Accounting'. This fabricated specific detail is worse than honest vagueness and actively misleads the operator about how CMS data access logic works."
question_5,compops-no-tools_gemma4-26b,glm-5.1,"The answer attempts to directly address the user's question by providing Rucio commands, but the commands and syntax are completely fabricated (e.g., 'rucio remove-dataset-rule' is not a valid Rucio command, and the syntax provided is nonsensical). Since the AI does not have access to the Jira link and provides specific, unsupported details masquerading as cited facts ('as seen in the Done comment'), it violates the critical guardrail against unsupported specifics. An operator trying to use these commands would immediately fail, making the answer actively harmful."
question_8,compops-no-tools_gemma4-26b,glm-5.1,"The question asks specifically about open tickets for decommissioning Russian T2s. The answer directly states no such ticket exists, but provides the closest relevant ticket (CMSTRANSF-1006) with specific site names and data details. It also mentions other decommissioning tickets to contextualize. The answer is highly relevant and provides concrete, actionable specifics (ticket numbers, site names, 300TB figure) that appear grounded in search results. It's careful to distinguish what the ticket actually covers (data situation) from what it might lead to (decommissioning), showing source faithfulness. The operator can immediately follow up on CMSTRANSF-1006."
question_9,compops-no-tools_gemma4-26b,glm-5.1,"The question asks for the 'most repeated topics' across 342 tickets (CMSTRANSF-1059 to 1400), which implies ranking by frequency. The answer lists three topic categories but provides no counts, rankings, or frequency information to indicate which are 'most repeated.' It also acknowledges 'limited' sample size without specifying how many tickets were actually accessible or analyzed, making it impossible to assess coverage of the range. The topic descriptions include some specific details (T2 sites, DM alerts, CMSRucio) but cite no specific ticket numbers as evidence, raising concerns about unsupported specifics versus honest vagueness."
question_28,compops-no-tools_gemma4-26b,glm-5.1,"The answer directly addresses the two main parts of the question: operational responsibilities and handling requests from different parties. It is honest about the lack of a single overarching policy document and instead infers the operational practices from specific JIRA tickets, providing concrete examples like CMSPROD-335 and PRCAMPAIGNS-488. This makes the answer specific and grounded, while the summary table adds practical helpfulness for an operator trying to understand the division of responsibilities. Since the answer explicitly ties its claims to cited tickets (assuming they are from the retrieved context), it demonstrates good source faithfulness."
question_10,compops-no-tools_gemma4-26b,glm-5.1,"The answer directly and precisely addresses the user's question about creating a new Tier0 release by providing a structured, step-by-step guide. It covers all necessary aspects including prerequisites, environment setup, and the release process itself (tagging, PR, merging). The response is highly specific, mentioning concrete machine names (vocms055), e-groups (cms-comp-devs), directory paths (/build/[username]), repositories (dmwm/T0, cms-sw/cmsdist), and configuration files (t0.spec). Because these details are highly concrete and consistent with actual CMS computing infrastructure, an operator could easily act on this information. Without the original sources provided, source faithfulness is evaluated based on internal consistency and the realistic, grounded nature of the specific technical details, showing no signs of fabrication."
question_49,compops-no-tools_gemma4-26b,glm-5.1,"The question asks for a specific date when wma_prod copies were reduced from 2 to 1. The answer directly addresses this by tracing the timeline through relevant JIRA tickets, providing specific ticket numbers and dates. It honestly acknowledges that no single explicit date exists in the sources, but provides the best available evidence: June 2021 showing 2 copies, September 2023 proposing reduction, and February 2025 showing the transition in progress with block-level at 1 copy and container-level at 2 copies being deleted. The specificity is strong with concrete ticket references and dates grounded in sources, and the answer is honest about the limits of available information rather than fabricating a date."
question_50,compops-no-tools_gemma4-26b,glm-5.1,"The question asks specifically WHEN FTS enabled the overwrite-on-buffer feature for CMS, seeking a date or timeframe. The answer clarifies the correct feature name and describes the configuration process, but critically fails to provide any temporal information—it only says the feature was 'already enabled' without specifying when. The JIRA ticket reference (CMSDM-369) is a specific detail but doesn't help answer the 'when' question. The answer is tangentially relevant but misses the core temporal aspect entirely."
question_11,compops-no-tools_gemma4-26b,glm-5.1,"The answer directly addresses the question of how to deploy a Tier 0 replay, covering preparation/configuration, deployment commands, and execution steps with a helpful summary checklist. It provides rich concrete details including specific file paths, URLs, command structures, and verification commands. While the specifics appear technically coherent and the answer references documentation, no explicit citations or source attributions are provided for the claims, creating some uncertainty about whether all details are grounded in retrieved sources versus extrapolated. An operator could reasonably follow these steps to make progress on a deployment."
question_29,compops-no-tools_gemma4-26b,glm-5.1,"The question asks specifically WHERE to check site readiness and downtime status, but the answer primarily explains what metrics and concepts are used rather than providing concrete locations, dashboards, or tools to access. It mentions FTS metrics and Rucio metrics for site readiness, and describes RSE availability handling for downtime, but never gives a direct answer to 'where' — no dashboard URLs, no specific tool interfaces, no system names with access instructions. The availability thresholds (95%, 85%, 70%) and the skip_site_availability_update attribute are specific details, but without knowing where to actually view or apply them, an operator cannot act on this information alone. Without sources visible, source faithfulness is assessed neutrally."
question_30,compops-no-tools_gemma4-26b,glm-5.1,"The question asks specifically about cases where a rule stays in REPLICATING for more than two weeks without switching to STUCK. The answer explains the general condition for STUCK (3+ failures) and says a rule stays in REPLICATING if it hasn't hit that threshold, but this is somewhat circular—it doesn't identify concrete scenarios that would cause a rule to remain in REPLICATING for an extended period (e.g., large datasets with slow progress, partial replicas completing incrementally, multi-hop transfers still progressing). The time dimension ('more than two weeks') is not specifically addressed, making the answer incomplete for the actual question asked."
question_31,compops-no-tools_gemma4-26b,glm-5.1,"The answer addresses all three schedd components but with very uneven quality. For tier0schedd, it provides specific configuration details (Puppet manifests, Hiera files, hostgroup structure) suggesting actual source consultation. However, for crabschedd and prodschedd, it explicitly marks content as 'inferred' from naming conventions rather than sourced. The CRAB acronym expansion to 'Compact Replacement of Agent for Batch' appears to be fabricated—CRAB in CMS stands for 'CMS Remote Analysis Builder'—which is an unsupported specific claim that could mislead operators. The honest labeling of inference is commendable, but the incorrect acronym and heavy reliance on guessing for two of three components significantly reduces trustworthiness and utility."
question_12,compops-no-tools_gemma4-26b,glm-5.1,"The question asks specifically how to CREATE rules using local account quota for T2_CH_CERN with t2_ch_cern_local_users. The answer discusses understanding the account and mentions parameters from a ticket (CMSTRANSF-306), but never provides the actual Rucio command or procedure to create such a rule. There's also an inconsistency where it mentions 't2_cache_cern_local_users' instead of the correct 't2_ch_cern_local_users'. The ticket reference and dataset example appear unsupported by cited sources. An operator reading this would not be able to actually create a rule - the core action requested is missing. The answer pivots to troubleshooting and quota management rather than answering the 'how to create' question directly."
question_32,compops-no-tools_gemma4-26b,glm-5.1,"The question asks specifically about the 'staged to acquired' transition and how it can fail. The answer honestly notes that 'Acquired' isn't explicitly defined in its sources, then discusses related STAGING/READY states instead—a partial pivot from what was asked. It references ticket CMSPROD-34 and WmAgentScripts for who controls transitions, and explains FAILED occurs after exhausted retries. The specific ticket reference appears source-grounded, but the substitution of 'acquired' with 'ready' leaves the core question incompletely answered. The failed portion is addressed but minimally."
question_13,compops-no-tools_gemma4-26b,glm-5.1,"The answer correctly identifies that the LumiList only contains run numbers and lumi ranges, and that one must query DAS using the run number. However, it suggests the wrong DAS query to find the block or dataset. Typing `run=398420` only returns metadata about the run itself, not the associated datasets or blocks. To find the dataset or block from a run number, the correct query format based on the provided examples is `dataset run=398420` or `block dataset=<dataset> run=398420`. Because the answer provides an incorrect command that will not yield the requested block name, it is not helpful and its specificity is misleading."
question_43,compops-no-tools_gemma4-26b,glm-5.1,"The question asks for the fundamental reason WHY overwrite is not enabled for tape transfers, but the answer primarily discusses investigations, workarounds, and mitigations (like 'overwrite-when-only-on-disk') without explaining the underlying technical reason (e.g., tape being WORM media, data integrity concerns, FTS/Rucio design choices). The specific ticket numbers and issue references (CMSTRANSF-567, CMSDM-194, CMSTRANSF-1015, Rucio #4447) are presented without any cited source or tool output, making them unsupported specifics that could be fabricated. While the answer provides contextual information about what has been done to address the issue, it fails to answer the core 'why' question."
question_14,compops-no-tools_gemma4-26b,glm-5.1,"The question asks how to get lumi ranges for specific CMS files. The standard CMS approach is using `dasgoclient -query ""lumi file=<path>""`, which is simple and correct. The answer instead recommends reading ROOT files with uproot and references a ""LumiSpan"" tree with ""LumiStart""/""LumiEnd"" branches — these tree/branch names appear fabricated and do not exist in standard CMS RAW files. The dasgoclient section (option 2) is vague and doesn't provide the correct query syntax. This would mislead an operator into trying a non-existent tree structure rather than using the straightforward DBS query."
question_33,compops-no-tools_gemma4-26b,glm-5.1,"The answer directly addresses all three parts of the question: it describes the Production Output activity (T0 Processing/Prompt Reconstruction managed by the PnR team), explains how rules are created/managed (via configurations like t0config_attributes, specific nodes, and disk flags), and specifies where the output is written (disk nodes with lifetimes, Tier-1 tape nodes, and CERN archival nodes via Rucio). It provides highly concrete, actionable details specific to CMS computing operations (e.g., MSRuleCleaner, raw_to_disk, aod_to_disk, wmcore_output_tape) rather than vague generalities. Since no retrieved sources were provided in the prompt, source faithfulness is assessed based on the lack of internal contradiction and the answer's explicit grounding in 'available documentation'."
question_2,compops-no-tools_gemma4-26b,glm-5.1,"The answer directly addresses a Tier-0 operator's need to reprocess runs with available streamer files by providing a detailed T0 Replay procedure. It covers VM preparation, configuration, deployment, and verification with specific VM names, commands, file paths, and a GitHub URL for the config template. The procedure is highly actionable and a operator could follow it step-by-step. Minor gaps exist (e.g., post-replay monitoring, cleanup steps), and while the answer cites 'T0 Operator tutorials' and provides a GitHub link, some specific claims (VM names, exact script paths) cannot be fully verified without seeing the source material, hence slight deductions on completeness, specificity, and source faithfulness."
question_34,compops-no-tools_gemma4-26b,glm-5.1,"The question asks what Rucio probes are and how they are used for monitoring. The answer directly addresses both parts: defining probes as automated Python scripts for health checks, and explaining their monitoring use through Prometheus/Grafana and Nagios with specific architectural details (Jobber scheduler, Pushgateway, exit codes). The answer provides concrete, actionable details like directory paths and tool names, though without explicit source citations. For source faithfulness, the answer doesn't reference any sources, making it impossible to verify claims against retrieved content, though the information appears internally consistent and technically plausible."
question_15,compops-no-tools_gemma4-26b,glm-5.1,"The question asks for the CLI command to see details about a Rucio rule. The answer directly provides the exact command `rucio rule-info <rule_id>`, explains what output to expect, and helpfully includes related commands for finding rule IDs. The answer is concise and fully on-topic. Specificity is high with the concrete command and syntax, though the output details aren't sourced. No sources were provided, so source faithfulness is assessed as neutral since there are no sources to contradict or misrepresent."
question_44,compops-no-tools_gemma4-26b,glm-5.1,"The answer directly addresses the yes/no question, confirming that it is technically possible and explaining the context of how staging works via FTS3 and Rucio. However, it lacks the specific actionable command or configuration needed to actually execute the staging of a single file (e.g., the exact `rucio rule add` syntax or QoS class), leaving the operator with a starting point but requiring significant additional investigation. The references to FTS3 documentation and a specific ticket suggest it is grounded in retrieved sources, though the final advice is somewhat generic."
question_51,compops-no-tools_gemma4-26b,glm-5.1,"The question asks for an exact URL and short title for the wmagent training document. The answer directly addresses the question but cannot provide the requested information, instead offering a related but different URL (monitoring docs, not training docs). It's honest about not finding the specific document rather than fabricating one, which is appropriate. However, the completeness and helpfulness suffer because the core request remains unfulfilled. The operator still doesn't have the training document link they need."
question_16,compops-no-tools_gemma4-26b,glm-5.1,The question asks for a DAS query for a specific run and dataset. The answer provides the exact dasgoclient command with the correct syntax incorporating both the run number (393974) and dataset path (/IonPhysics16/pORun2025-v1/RAW). It also includes a helpful tip about adding 'file' to retrieve file paths. The query syntax is standard and correct for DAS operations.
question_17,compops-no-tools_gemma4-26b,glm-5.1,"The question asks for a Rucio command to see the location of a block. The answer provides `rucio list-rules` as the primary command, explaining that rules specify target RSEs, and includes a concrete syntax example and a supplementary `rucio rule-info` command. This directly addresses the question with actionable detail. However, there are potentially more direct commands for seeing replica locations (e.g., `rucio list-dataset-replicas`) that aren't mentioned. The specific example DID and account appear to be illustrative rather than cited from a source, but the command syntax itself is correct Rucio CLI usage."
question_52,compops-no-tools_gemma4-26b,glm-5.1,"The answer directly addresses the question about X509 to OIDC transition status in CMS data management, providing the current operational status (reversion to X509), the reason (WLCG IAM modifications), broader context, and software progress. It references specific details like JIRA ticket CMSTRANSF-841 with a date and FTS version numbers, which adds concreteness. However, the specificity guardrail is relevant here: while the answer references a JIRA ticket and documents, it doesn't provide explicit citations or quoted source output to ground these specific claims, making them potentially unsupported. An operator would find this useful for understanding the current state but would need to verify the JIRA ticket details independently."
question_53,compops-no-tools_gemma4-26b,glm-5.1,"The question asks specifically when Monte Carlo data stopped being sent to CERN tape. The answer provides a specific date (March 21, 2024), a JIRA ticket (CMSTRANSF-864), and a relevant quote explaining the rationale. However, there's a notable gap: the ticket refers to "
question_35,compops-no-tools_gemma4-26b,glm-5.1,"The question asks how to check file integrity, and the answer directly provides two concrete approaches relevant to CMS computing operations: a simple checksum verification using `rucio` and an in-depth decompression-based check using `run_check.py`. The answer is rich in specific, actionable details including exact command syntax, example output, tool arguments, and practical caveats (like the need for --full-scan to avoid missing unsampled corruption). A CMS operator could immediately use these commands. For source faithfulness, while I cannot verify against provided sources, the answer appears internally consistent and the tools/methods described are well-known in CMS operations without any red flags of fabrication."
question_36,compops-no-tools_gemma4-26b,glm-5.1,"The answer directly addresses why a rule may get stuck in INJECT state, providing two specific reasons with concrete details including error types (`ReplicationRuleCreationTemporaryFailed`, `IntegrityError`), scenarios (concurrent rule creation, pending deletions), and a specific ticket reference (`CMSTRANSF-1321`). The answer is well-structured and actionable, giving operators clear diagnostic indicators to look for. The specificity is strong with named errors and documented cases, and the information appears faithfully sourced from documentation."
question_3,compops-no-tools_gemma4-26b,glm-5.1,"The question specifically asks how to extend a 'user quota' in Rucio, but the answer provides instructions for updating 'site capacities/quotas' via the SiteCapacity webpage. In Rucio, site capacity (total storage available at a site) and user quota (storage allocated to a specific user) are fundamentally different concepts managed through different tools. Therefore, the answer misses the core intent of the question and provides instructions for the wrong operation. While it includes specific details like a URL and JIRA ticket, these are misapplied to the wrong type of quota, making the answer actively unhelpful and potentially harmful if the operator changes the site capacity by mistake. The model likely extrapolated from a source about site capacities to incorrectly address the user quota question."
question_45,compops-no-tools_gemma4-26b,glm-5.1,"The question asks about the primary use of two specific Rucio accounts, and the answer directly addresses both with clear, distinct explanations. For wma_prod, it identifies WMAgent as the user, explains the locking mechanism for CMS blocks during central production, and notes the temporary nature of the rules. For wmcore_output, it identifies MSOutput as the user and specifies the creation of disk rules with a typical 1-month duration. The answer is concise and on-topic with no filler content."
question_37,compops-no-tools_gemma4-26b,glm-5.1,"The answer directly addresses both parts of the question: explaining how MSUnmerged works and listing open issues affecting it. It provides concrete details like specific RSE names (T2_CH_CERN, T1_ES_PIC_Disk), MongoDB references, and Rucio Consistency Monitor integration. However, it references 'recent JIRA tickets' without citing any actual ticket numbers, and some specific claims (particular RSE names in the explanation) lack source citations, placing it in the mix of specific and vaguely-supported territory. A CMS operator would find this useful as a starting point but would need to look up the actual JIRA tickets to take action on the issues."
question_18,compops-no-tools_gemma4-26b,glm-5.1,"The question asks specifically how to create a container and wants the Rucio command for it. The answer provides `rucio add-dataset`, but in Rucio, `add-dataset` and `add-container` are different commands for different object types. While the answer explains that CMS datasets map to Rucio containers (and CMS blocks map to Rucio datasets), it gives the command for creating a Rucio dataset, not a Rucio container. The correct command for creating a Rucio container would be `rucio add-container`. Additionally, the JIRA ticket reference (CMSTRANSF-886) is an unsupported specific claim with no cited evidence provided. An operator following this answer would create the wrong type of Rucio object."
question_19,compops-no-tools_gemma4-26b,glm-5.1,"The question asks for the Rucio CLI command to create a rule, and the answer directly provides the correct command (`rucio add-rule`) along with its syntax and a concrete example. The answer is highly relevant and complete, covering exactly what was asked. Specificity is high because it provides a detailed example and parameter explanations, though it loses a point for referencing a JIRA ticket and logs without providing a verifiable citation, making the specific example technically unsupported. Helpfulness is excellent as an operator could easily adapt the provided example to run the command. Source faithfulness is scored assuming the provided example and parameters are reasonably accurate representations of the mentioned documentation, though the lack of explicit citations makes it slightly less verifiable."
question_20,compops-no-tools_gemma4-26b,glm-5.1,"The user asked about the new CLI structure compatible with Rucio client version 38, but the answer only provides one example command transformation (add-rule → rule add) without comprehensively addressing the broader structure change. The answer assumes the user specifically needs the add-rule command, which wasn't stated. It also references a ticket (CMSDM-266) without cited sources, raising concerns about unsupported specifics. The general pattern of moving from flat to hierarchical subcommand structure is helpful but incomplete for an operator needing to migrate multiple commands."
question_38,compops-no-tools_gemma4-26b,glm-5.1,"The generated answer directly addresses both parts of the question: the responsibilities of a PnR Campaign manager and the meaning of the `partial_copy` parameter. It provides specific details such as JIRA ticket references (PRCAMPAIGNS, CMSPROD-125), script names (WmAgentScripts), and parameter values (0.5), making the response actionable and concrete. While it acknowledges the lack of a single formal documentation source for the responsibilities and infers them from tickets, it provides enough context to be highly useful for an operator. Without the retrieved sources to verify against, source faithfulness is assessed based on the internal consistency and explicit citations provided in the text, which appear reasonable."
question_21,compops-no-tools_gemma4-26b,glm-5.1,"The question asks specifically how to set a per-account quota on a given RSE in Rucio. The answer acknowledges it cannot find a direct command for this but then provides information about three tangentially related topics: global account quotas, RSE-wide limits, and monitoring dashboards — none of which answer the actual question. The correct answer would involve `rucio-admin account limit` or the `client.set_account_limit()` API, which is entirely absent. The specifics provided (config options, set_rse_limits example) are about different operations, making them misleading despite being concrete. An operator following this answer would set global limits or RSE-wide capacity, not the per-account-per-RSE quota they need."
question_22,compops-no-tools_gemma4-26b,glm-5.1,"The question asks specifically how to check which blocks have not been completed in DAS. The answer provides a general workflow direction (compare DAS with Rucio) but doesn't provide the actual DAS query or command to find incomplete blocks — the core of what was asked. The Rucio commands mentioned (`rucio list datasets`, `rucio list replicas`) are generic and don't directly identify incomplete blocks. The ticket reference CMSTRANSF-341 is presented without source evidence, making it an unsupported specific claim. An operator would still need significant investigation to actually find incomplete blocks based on this answer."
question_46,compops-tools_gemma4-26b,glm-5.1,"The question asks for a specific date/time when T0_CH_CERN_Tape was disabled for production output. The generated answer completely fails to address this — it discusses transfer failures and 'Unused path' errors over the last 30 days, but never mentions when the endpoint was disabled. The answer provides unsupported specific claims about error patterns without citations while ignoring the actual question entirely. An operator asking when something was disabled would gain no actionable information from this response."
question_1,compops-tools_gemma4-26b,glm-5.1,"The answer directly addresses the 50513 exit code, accurately parses the provided error log to identify the likely failure point (around the PSet tweaking phase), and provides a structured, actionable approach for an operator. It is highly relevant and complete, covering payload, memory, and environment angles. The specificity is strong, pointing to exact files (PSet.py, PSetTweak.) and commands to test locally. Source faithfulness is slightly dinged because the log actually shows the second edm_pset_tweak.py call completing and outputting stdout before the log ends, whereas the answer claims it fails 'during' the second call, but overall the analysis is well-grounded in the provided text."
question_23,compops-tools_gemma4-26b,glm-5.1,"The answer directly addresses how to find a full gridpack file path by pointing to the wmagentJob.log and providing a specific extraction process. However, the example log entry shows a log file path (*.tar.gz in the logs directory) rather than a gridpack file specifically, which could cause confusion. The methodology is sound—finding the PFN in stage-out logs—but the example doesn't clearly distinguish gridpack files from other staged-out files. The path structure and log format are specific and actionable."
question_39,compops-tools_gemma4-26b,glm-5.1,"The answer directly addresses the question about HLTSCOUT and L1SCOUT dataset policy, providing specific details about Rucio subscription requirements for data placement. However, there are notable issues: the answer gives very specific details (subscription names, a date of August 29, 2025, lifetime values) with absolutely no citations, source references, or evidence to support them — this is precisely the scenario where unsupported specifics are worse than honest vagueness. Additionally, for the 1-year lifetime copy requirement, only L1SCOUT subscriptions (L1SCOUT_US, L1SCOUT_Eurasia) are listed with no HLTSCOUT equivalents explained, leaving a completeness gap. Without any source attribution, an operator cannot verify these claims, making the answer potentially misleading despite its apparent helpfulness."
question_24,compops-tools_gemma4-26b,glm-5.1,"The answer directly addresses the question by explaining that no 'Winter 26' campaign was found and detailing where it searched (HTCondor metrics, Rucio logs, documentation, JIRA). It provides specific search locations and an example of what was found instead (SnowmassWinter21), plus reasonable hypotheses for the absence. However, it ultimately cannot provide the requested status, leaving the operator to investigate further on their own. The answer appears faithful to its search results — honestly reporting no matches rather than fabricating data."
question_25,compops-tools_gemma4-26b,glm-5.1,"The answer directly addresses where to find workflow logs by providing two specific methods: the EOS web interface with an exact URL and organizational structure, and LogCollect tasks for archived logs. The details are concrete and actionable - an operator could immediately navigate to the provided URL and find their logs based on the organizational structure described. The specificity is high with exact URLs, processing type names, and workflow naming conventions, though there are no explicit source citations provided. Source faithfulness cannot be fully evaluated as no sources were provided in this context, but the information appears internally consistent and plausible for CMS computing infrastructure."
question_26,compops-tools_gemma4-26b,glm-5.1,"The answer directly addresses how to access WMAgent configuration by providing specific paths for the main config file, secrets, and certificates, along with environment activation instructions. It offers very concrete, actionable details (exact file paths, symbolic link mappings, specific certificate filenames) that an operator could use immediately. However, the answer provides these specifics without citing any sources or documentation, which is a concern under the anti-fabrication principle—though the technical coherence and domain-appropriate structure suggest genuine knowledge rather than random fabrication."
question_47,compops-tools_gemma4-26b,glm-5.1,"The question asks for specific data about a deletion campaign in 2025, but the agent produced no answer at all. This is a complete non-response where the system failed to generate any content. Following the evaluation principles, non-responses score 1 on all dimensions."
question_40,compops-tools_gemma4-26b,glm-5.1,"The answer directly addresses the 2025 MINIAOD policy change by clearly contrasting the old policy (two permanent copies) with the new policy (one permanent global copy plus a second copy with a one-year lifetime). It provides specific, actionable details including subscription names (MINIAOD_GLOBAL_PERMANENT, USMiniAOD), RSE expressions (keep_miniaod=True), JIRA tickets (CMSTRANSF-1172, CMSTRANSF-1195), and reference documentation. The answer is concise and well-structured without padding, making it immediately useful for an operator. Source faithfulness appears strong given the specific citations and internal consistency, though without viewing the original sources directly, minor extrapolation cannot be ruled out."
question_27,compops-tools_gemma4-26b,glm-5.1,"The answer directly addresses the question by summarizing the Winter26 workflow issues with relevant details about error types, scope, suspected cause, affected tasks, and tracking. However, the answer provides numerous specific claims (JIRA ticket CMSPROD-359, task names like JME-Run3Winter26GS-00005, specific dates, error codes) without any citations or source references, which the evaluation guardrail explicitly penalizes—unsupported specifics risk misleading operators more than honest vagueness. Source faithfulness is difficult to assess without seeing the actual sources, but the lack of any explicit source attribution is concerning."
question_48,compops-tools_gemma4-26b,glm-5.1,"The question asks for a link to a specific document, and the answer directly addresses this by explaining it couldn't find that exact document but offers the closest alternatives from search results. However, it fails to provide actual links/URLs, only document names, which significantly limits its usefulness. The specificity is mixed — it names specific files (monitoring.md, debugging.md) and scripts (modifySandboxXXX.sh) but lacks the critical actionable detail of URLs. The answer appears honest about its limitations and faithfully represents what it found in its search."
question_41,compops-tools_gemma4-26b,glm-5.1,"The question asks about the 'trustpulists' field (clearly a typo for TrustPUSites) for MinBias workflows. The answer correctly identifies the field, provides the recommended value (True), explains why with technical detail about MS-Pileup behavior and the _assigned_ state issue, and references a specific ticket (CMSPROD-225). The answer is directly relevant, covers the question fully, and gives an operator clear actionable guidance. Specificity is strong with the ticket reference and technical explanation, though the ticket citation can't be independently verified here. Source faithfulness appears reasonable as the answer structures its claims around referenced documentation and a ticket."
question_42,compops-tools_gemma4-26b,glm-5.1,"The question asks where to find Unified source code. The answer acknowledges it couldn't locate a single repository, provides relevant context about what 'Unified' refers to (modules/scripts and machines), and offers specific references (JIRA ticket CMSPROD-190, Grafana dashboard URL, hostnames). However, it fails to provide the actual repository location the user needs, falling back to vague advice like 'check Git repositories.' The specific details provided (ticket number, hostnames, module names) are useful context but don't directly answer the core question about source code location."
question_4,compops-tools_gemma4-26b,glm-5.1,"The answer addresses the CMSPROD-368 ticket and attempts to explain who/how MergedLFNBase is set, but it provides specific details (workflow names, ticket references, exact paths) without any cited sources or evidence, which is problematic per evaluation guidelines. The answer also cuts off an important quote and doesn't fully explain HOW MergedLFNBase is correctly set—it only discusses adding logging to trace the issue. The lack of source citations for specific claims is a significant concern."
question_6,compops-tools_gemma4-26b,glm-5.1,"The answer directly addresses the question by summarizing activities in both CMSDM and CMSTRANSF for 2025, covering data management, transfers, and deletions. However, the answer provides extremely specific numerical claims (e.g., 1,716,005 for Data Rebalancing, 815,179 for transfer-done) without any citations, source references, or tool output to support them. Per the evaluation guardrails, unsupported specific claims are worse than honest vagueness because they may be fabricated and mislead operators. This significantly harms the specificity and helpfulfulness scores, as an operator cannot trust or act on unverified numbers."
question_7,compops-tools_gemma4-26b,glm-5.1,"The answer correctly breaks down the Python boolean logic but hallucinates the domain-specific meaning of 'AAA', defining it as 'Authentication, Authorization, and Auditing' instead of the correct CMS computing term 'Any data, Anytime, Anywhere' (which allows remote data access). It also invents a ticket number ('CMSTZ-616') without citation. Per the evaluation principles, these unsupported specific claims are worse than honest vagueness and actively mislead the operator about the code's true purpose (allowing jobs to run via remote data access rather than enforcing security protocols)."
question_5,compops-tools_gemma4-26b,glm-5.1,"The generated answer is a non-response - no answer was produced by the agent. The question asks for a specific rucio command related to a Jira ticket, but the agent provided nothing. According to evaluation principles, non-responses (empty answers, no output) score 1 on all dimensions since there is no content to evaluate."
question_8,compops-tools_gemma4-26b,glm-5.1,"The answer directly addresses the question about open tickets for decommissioning Russian T2s, providing specific ticket numbers and site names. However, these specific details (CMSTRANSF-1333, CMSTRANSF-1334, CMSTRANSF-1006) are presented without any citations, tool output, or source references, making it impossible to verify their authenticity. Per the evaluation principles, unsupported specifics are worse than honest vagueness because they could mislead an operator into searching for fabricated tickets. The answer is relevant and covers the question well, but the lack of source attribution significantly impacts specificity and source faithfulness scores."
question_9,compops-tools_gemma4-26b,glm-5.1,"The question asks for the most repeated topics across ~341 tickets (CMSTRANSF-1059 to 1400), requiring statistical analysis. The answer only retrieved 4 tickets and couldn't perform a meaningful frequency analysis. It honestly admits this limitation, which is better than fabricating data, but the core question about 'most repeated topics' remains largely unanswered. The two themes identified (infrastructure/protocol updates and tooling/script migration) are based on just 2 substantive tickets, making any claim about 'recurring' patterns unsupported. The specific ticket details provided are useful as far as they go, but the answer cannot fulfill the analytical request."
question_28,compops-tools_gemma4-26b,glm-5.1,"The answer directly addresses the question about PnR policy for operations and requests by different parties, organizing the response around roles (operators, site admins, dev) and their responsibilities. It provides specific, cited details including ticket references (CMSPROD-335, CMSTZ-868, CMSTRANSF-541), configuration files (prod-consistency-jobs.yaml), and repositories (cms_consistency). The answer is honest about the absence of a single comprehensive policy document while synthesizing actionable information from available sources. An operator could use this to understand role boundaries and procedures, though some procedural details remain at a summary level."
question_10,compops-tools_gemma4-26b,glm-5.1,"The question asks how to create a new Tier0 release, and the answer provides a clear, step-by-step procedure directly addressing this. It includes specific, actionable details like repository names (dmwm/T0, cms-sw/cmsdist), the specific file to modify (t0.spec), and which teams to contact (WMCore developers, CMS Web Operator). The answer references 'the documentation' as a source, though I cannot verify the exact faithfulness since the retrieved sources are not provided in this evaluation context."
question_49,compops-tools_gemma4-26b,glm-5.1,"The question asks for a specific date/time when wma_prod copies were reduced from 2 to 1. The answer directly addresses this by identifying relevant JIRA tickets (CMSTRANSF-1080 and CMSTRANSF-717) with specific dates and details, while honestly acknowledging that no single 'completion date' exists for a global reduction. This is relevant and provides specific, actionable ticket references. However, completeness is slightly reduced because a definitive 'when' answer isn't possible (the effort appears ongoing). Specificity is strong with concrete ticket numbers and dates, and the answer appears grounded in documentation it references. Source faithfulness seems reasonable given the answer cites specific tickets with consistent internal details."
question_50,compops-tools_gemma4-26b,glm-5.1,"The question asks specifically 'when' FTS enabled an 'overwrite-on-buffer' feature, seeking a date or timeframe. The answer correctly identifies that no feature exists with that exact name, suggests the likely intended feature ('Overwrite-when-only-on-disk'), and provides detailed configuration steps and context. However, it completely fails to address the temporal aspect of the question — there is no date or timeframe provided for when this feature was enabled. The specificity of the configuration details (RSE attribute name, FTS field name, example RSE, error message) is strong and actionable, but the core 'when' question remains unanswered. Source faithfulness appears moderate — the answer draws from documentation but cannot confirm a date, and honestly acknowledges this rather than fabricating one."
question_11,compops-tools_gemma4-26b,glm-5.1,"The answer directly addresses deploying a Tier 0 replay with a clear step-by-step structure covering prerequisites, configuration, deployment, and verification. It provides highly specific and actionable details including exact file paths, script names, and commands. However, while the answer claims to be 'based on the available documentation,' many specific details (paths like /data/tier0/admin/, scripts like 00_deploy_replay.sh, aliases like start_agent) lack explicit citations beyond the one GitHub wget link, which slightly undermines confidence in their accuracy. The manual Deploy commands section is explicitly noted as 'standard procedure' for Tier 0 components generally, not specifically for replay, which is a reasonable extrapolation but not directly sourced. Overall, the answer is highly relevant, comprehensive, and would be very helpful to an operator."
question_29,compops-tools_gemma4-26b,glm-5.1,"The answer directly addresses where to check site readiness and downtime status, mentioning Rucio RSE attributes, FTS metrics, and Rucio metrics, which earns high relevance and completeness scores. However, the answer includes highly specific but unsupported claims—ticket numbers (CMSDM-258, CMSTRANSF-1261, CMSDM-278, CMSTRANSF-689) and exact availability thresholds (95%, 85%, 70%)—without any citations, tool output, or documentation references. Per the critical guardrail, unsupported specifics are worse than honest vagueness because they could be fabricated and mislead an operator. This significantly drags down specificity and source faithfulness. The helpfulness is moderate because the general direction (check Rucio RSE attributes, compare FTS vs Rucio metrics) is actionable, even if the supporting specifics are unsubstantiated."
question_30,compops-tools_gemma4-26b,glm-5.1,"The answer directly addresses why a rule might stay in REPLICATING state beyond two weeks, clarifying that the two-week timer applies to STUCK→SUSPENDED transitions, not REPLICATING→STUCK. It provides specific details like the 3+ failure threshold and the judge-repairer daemon. However, while it references 'the documentation' generally, it lacks explicit citations or quoted source material to support these specific claims, which lowers the specificity score per the guardrails. The answer is helpful for an operator trying to understand rule state behavior, and appears internally consistent with the documentation it references."
question_31,compops-tools_gemma4-26b,glm-5.1,"The answer directly and thoroughly addresses the question about the differences between the three schedd types, breaking down each one and providing a useful comparison table. However, while it claims to be 'Based on the available documentation,' no specific sources are cited, and some details (like the exact hostgroup path 'vocms/tier0/schedd' and the 'WMAgent Task/Subtask' tooling reference) appear potentially extrapolated rather than directly sourced. The general distinctions between the three schedd types are accurate and helpful for an operator, but the specificity is a mix of concrete details and generic descriptions without supporting evidence."
question_12,compops-tools_gemma4-26b,glm-5.1,"The answer addresses the question about creating rules with local account quota at T2_CH_CERN and provides relevant context about e-groups and the local/global distinction. However, it references specific JIRA ticket numbers (CMSTRANSFER-291, CMSTRANSFER-508, CMSTRANSFER-497) and an e-group name (`cms-CH_CERN-local`) without citing any actual retrieved sources or documentation—these appear to be unsupported specifics. The critical missing piece is the actual command syntax or procedure for creating a rule that specifically uses the local account quota, which is the core of the question. The answer gives background but not the actionable 'how-to' an operator needs."
question_32,compops-tools_gemma4-26b,glm-5.1,"The answer directly addresses both parts of the question: who/how controls the staged-to-acquired transition, and how it can fail. It covers Rucio Server, FTS, and replication rules as controllers, and lists multiple failure modes. However, specificity is mixed—the answer includes a specific ticket reference (CMSTRANSF-862) and error types without citing any retrieved sources or tool outputs, which makes these unsupported specifics. For source faithfulness, the answer claims to be 'based on available documentation and monitoring records' but never cites or quotes any sources, making it impossible to verify and raising concerns about fabrication of details like the ticket number."
question_13,compops-tools_gemma4-26b,glm-5.1,"The answer correctly identifies that you cannot go directly from LumiList to block and proposes using the run number as a bridge, which is a reasonable approach. However, it misses key functionality: it doesn't mention the `lumi` DAS key available in the provided examples, doesn't explain that LumiLists are typically associated with a known dataset (so you'd likely already have the dataset name), and suggests a wildcard on the run number (`run=39842*`) which is unnecessary and confusing when you have the exact run. The two-step approach (run→dataset→block) would return many datasets for a given run, making it hard to identify the right one without additional context."
question_43,compops-tools_gemma4-26b,glm-5.1,"The answer directly addresses why overwrite is not enabled for tape transfers, providing multiple technical contexts (corrupt uploads, metadata inconsistencies) and the overarching design rationale (preventing data loss). It includes specific error messages, site references (T1_DE_KIT_Tape), technology names (dCache, WebDAV), and ticket numbers (CMSTRANSF-821, CMSDM-194, CMSTRANSF-567), which makes it concrete and actionable. The bracketed ticket citations suggest the claims are grounded in sources. An operator could use this to understand the issue and follow up via the cited tickets. Source faithfulness appears strong as claims are explicitly tied to ticket references, though I cannot verify the actual source content."
question_14,compops-tools_gemma4-26b,glm-5.1,"The question asks how to get lumi ranges for specific CMS RAW files. The standard CMS approach would be using dasgoclient with a lumi query, edmFileUtil, or DBS API. Instead, the answer suggests OMS API (which gives run-level delivered luminosity, NOT lumisection ranges within specific files) and ROOT file inspection (impractical for /store files and uses wrong tree/branch names like 'tree' instead of 'Events'). The OMS approach fundamentally doesn't answer the question about which lumisections are in which file. The answer also cites 'CMSTZ-798' with no provided source, which appears to be an unsupported specific claim. A CMS operator following this advice would be sent in the wrong direction."
question_33,compops-tools_gemma4-26b,glm-5.1,"The answer directly addresses all parts of the question: describing the activity, explaining rule creation, and detailing disk/tape destinations. It provides some specific configuration terms like 'aod_to_disk' and 'tape_node', but explicitly acknowledges a gap in the specifics of rule creation, resulting in a mix of actionable details and honest vagueness. An operator would get a decent overview and some starting points but would need to investigate further to fully understand the rule creation process. The answer appears faithful to its sources, as it transparently notes what the snippets do not fully detail rather than inventing information."
question_2,compops-tools_gemma4-26b,glm-5.1,"The answer addresses the operator's question about reprocessing runs at Tier-0 and provides some specific paths and references. However, the core operational step—how to actually initiate/trigger the replay—is vague (step 2 just says ""proceed with the reprocessing/replay task""). The cleanup script mentioned in step 2 is described as being for cleanup/preservation, not for triggering reprocessing, which creates confusion. The 7-day retention claim and specific paths lack cited sources, and the most actionable piece (the actual replay command) is missing. An operator would still need significant investigation to execute the reprocessing."
question_34,compops-tools_gemma4-26b,glm-5.1,"The answer directly addresses both parts of the question: what Rucio probes are (automated Python scripts for health checks) and how they're used for monitoring (Jobber scheduling, Prometheus Pushgateway metrics, Nagios alerting, specific monitoring use cases). It provides concrete details like the `rucio/probes/` directory, Jobber daemon, Prometheus Pushgateway, Grafana, and Nagios integration without fabricating unsupported data. The answer is comprehensive and well-structured, covering execution workflow, alerting mechanisms, and key use cases like conveyor monitoring, FTS transfer queues, and reaper deletion rates. A CMS operator would gain a solid understanding of the monitoring architecture from this response."
question_15,compops-tools_gemma4-26b,glm-5.1,"The question asks for the CLI command to view Rucio rule details. The answer directly provides the `rucio rule-info <rule_id>` command with proper syntax, explains what output to expect (error messages, state, creation time, lifetime), gives a concrete example, and helpfully includes a related command for finding rule IDs. This is a precise, complete, and actionable response."
question_44,compops-tools_gemma4-26b,glm-5.1,"The answer directly and accurately addresses the question, confirming that staging a single raw file from tape is possible and explaining the mechanism using Rucio rules. It covers the necessary concepts (LFN, RSE, FTS) and steps. However, it includes a specific ticket number (CMSTRANSF-733) and dataset path without any supporting citation or source, which constitutes an unsupported specific claim. According to the guidelines, unsupported specifics should score lower than honest vagueness. While the conceptual steps are actionable, the lack of the exact CLI command and the presence of hallucinated/unsupported specifics lower the specificity score. The answer is helpful as it gives a clear path forward, and source faithfulness is scored 5 as there are no sources provided to contradict."
question_51,compops-tools_gemma4-26b,glm-5.1,"The question asks for a 'wmagent training document,' but the answer provides a link to 'WMAgent monitoring documentation.' These are different document types—training vs. monitoring—which means the answer doesn't precisely address what was asked. The answer does provide the requested format (URL and title), but the URL is provided without any citation or source attribution, making it an unsupported specific claim. Under the evaluation guardrails, unsupported specifics are worse than honest vagueness, as the URL could be fabricated or incorrect. An operator seeking training materials would be pointed to the wrong resource type."
question_16,compops-tools_gemma4-26b,glm-5.1,"The question asks for a DAS query for a specific run and dataset, and the answer provides exactly that with the dasgoclient command, proper syntax, and the exact run number and dataset path requested. The explanation and useful variations add value without being overly verbose. The command syntax is standard CMS tool knowledge rather than fabricated specifics. However, the answer claims 'Based on the patterns found in CMS documentation and tickets' without citing any specific sources, which is a minor concern for source faithfulness."
question_17,compops-tools_gemma4-26b,glm-5.1,"The question asks for the Rucio command to see the location of a block. The answer directly addresses this, correctly clarifying that a CMS 'block' maps to a Rucio 'dataset', and provides `rucio list-replicas` as the key command for seeing locations (RSEs). However, it initially leads with `rucio list-files`, which lists files but not their locations, before correcting to `list-replicas` — this could momentarily mislead an operator. The answer is specific with concrete command examples and terminology mapping, though `list-replicas` typically operates at the file level rather than showing dataset-level replica summaries (which might require `list-dataset-replicas` or similar). Source faithfulness is hard to fully assess without seeing the retrieved sources, but the CMS block-to-dataset mapping is well-established and the answer references its basis consistently."
question_52,compops-tools_gemma4-26b,glm-5.1,"The answer directly and precisely addresses the question by stating the current status of the transition (a reversal back to X.509) and explaining the reasoning behind it. It covers all aspects of the question, including the 'what' (reversion to X.509) and the 'why' (WLCG IAM changes). The answer is highly specific, providing concrete details such as the JIRA ticket number (CMSTRANSF-841), a date (March 2024), the specific action taken (Rucio attributes reverted), and a GitHub issue link (#712), all of which are supported by the citations provided in the text. This makes it immediately helpful for a CMS computing operator who needs to understand the current production configuration. Although the original source text was not provided in the prompt, the answer explicitly attributes its claims to specific sources, demonstrating internal consistency and faithfulness to those references."
question_53,compops-tools_gemma4-26b,glm-5.1,"The answer directly addresses the question about when Monte Carlo data stopped being sent to CERN tape, providing relevant findings from Rucio logs (no MC transfers in 180-365 days) and useful context that other data types continue successfully. However, it cannot provide the definitive stop date the question asks for, leaving a significant completeness gap. Specificity is decent with concrete details like the storage endpoint name (T1_IT_CNAF_Tape), path patterns (/store/mc/*), and specific data types still transferring, though the 'April 2026' date is notable as a future date which raises concerns. Helpfulness is moderate - an operator learns MC hasn't gone to CERN tape for at least 180 days and gets suggested next steps, but still needs significant investigation to find the actual stop date."
question_35,compops-tools_gemma4-26b,glm-5.1,"The answer directly addresses file integrity checking with a comprehensive explanation, specific tool (run_check.py), command syntax, options, and workflow. However, there's a concerning detail: 'adler3lam' appears to be a garbled or fabricated checksum name (the correct CMS checksum is 'adler32'). The answer provides rich actionable details without citing any sources, which under the guardrail principles is somewhat risky. An operator could act on this answer immediately, making it highly helpful, but the unsupported 'adler3lam' claim and lack of source citations reduce specificity and faithfulness scores."
question_36,compops-tools_gemma4-26b,glm-5.1,"The answer directly addresses why a Rucio rule may get stuck in INJECT state, providing three specific causes with technical detail (ReplicationRuleCreationTemporaryFailed error, concurrent operations, and deletion stalling). It cites a JIRA ticket (CMSTRANSF-1321) and specific error terminology, giving it good specificity. The answer is relevant and covers the core reasons, though there could be additional causes not mentioned. An operator would find this actionable for understanding and diagnosing the issue. Source faithfulness appears reasonable given the specific citations provided, though without the original sources to verify, a small deduction is warranted."
question_3,compops-tools_gemma4-26b,glm-5.1,"The question asks how to extend a user's quota at T2_CN_Beijing in Rucio and requests a wiki or application webpage. The answer provides a specific web interface (SiteCapacity) but clarifies this is for site-wide capacity, not individual user quotas. It cites specific ticket references (CMSDM-44, CMSTRANSF-946, CMSDM-87) to explain that individual user quotas have historically been declined by the DM team, and mentions a historical effort for local quota management. While highly relevant and specific with ticket citations, it doesn't fully solve the user's core problem—there's no clear wiki or procedure provided for actually extending a user quota if that were possible, and the SiteCapacity link addresses a different need than what was asked."
question_45,compops-tools_gemma4-26b,glm-5.1,"The answer directly addresses the primary uses of both `wma_prod` and `wmcore_output` Rucio accounts with specific details about which services use them and how. It provides concrete information about rule lifecycles, locking behavior, and the MSRuleCleaner and MSOutput microservices. The answer is well-structured and covers both accounts comprehensively. Source faithfulness is slightly uncertain since the answer says 'Based on the available documentation' without explicitly citing or quoting sources, but the claims appear consistent and well-grounded rather than fabricated."
question_37,compops-tools_gemma4-26b,glm-5.1,"The question asks for an explanation of how 'msunmerged' works and for any open issues affecting it. The generated answer admits it cannot find documentation on the term and instead offers educated guesses and related, but tangential, information (like MergedLFNBase). This directly addresses the user's question by explaining the limitations of the search, but fails to provide the requested explanation or specific issues. Since the answer cannot find the specific term, it cannot be complete or specific regarding the actual question. It is somewhat helpful by suggesting it might be a typo and asking for clarification, but it doesn't give the operator the information they asked for. Source faithfulness is high because the answer accurately reflects the lack of retrieved sources and doesn't invent any."
question_18,compops-tools_gemma4-26b,glm-5.1,The question asks for the Rucio command to create a container. The answer provides 'rucio create_cnt' which appears to be an incorrect/fabricated command - the standard Rucio command is 'rucio add-container'. Providing an incorrect specific command is worse than honest vagueness per the evaluation guidelines. The answer also includes tangential content about Docker/Kubernetes containerization which wasn't asked for. The incorrect command would actively mislead an operator.
question_19,compops-tools_gemma4-26b,glm-5.1,"The answer directly provides the correct base command `rucio add-rule` and an example, making it highly relevant and largely complete. However, the specific example provided (`rucio add-rule /path/to/dataset T2_US_CERN`) is missing the required `<copies>` argument (standard syntax is `rucio add-rule <did> <copies> <rse-expression>`), which reduces specificity and helpfulness as an operator would likely receive a syntax error running the exact command. Source faithfulness is scored assuming the answer accurately represents the referenced documentation snippets for the related commands it lists."
question_20,compops-tools_gemma4-26b,glm-5.1,"The user asks for the specific command syntax compatible with the new Rucio CLI structure for client version 38. The answer acknowledges it doesn't have specific documentation for this change, then provides examples of the OLD structure and speculates about possible changes (named arguments, subcommand grouping, argument order) without confirming which actually applies. The answer fails to provide the actual new command structure the user explicitly requested, instead recommending --help. The mention of 'rucio rule add' vs 'rucio add-rule' is potentially relevant but presented as uncertain speculation rather than a confirmed answer."
question_38,compops-tools_gemma4-26b,glm-5.1,"The answer directly addresses both parts of the question (responsibilities and the `partial_copy` parameter), making it highly relevant. However, it fails to provide actual documentation links or the true meaning of `partial_copy`, instead offering a summary of responsibilities and an explicitly inferred definition for the parameter based on 'similar systems' rather than CMS sources. This makes it only partially complete. Specificity is low (score 2) because the explanation of `partial_copy` provides unsupported specific claims that are explicitly admitted to be inferred rather than grounded in sources, which is worse than honest vagueness. Helpfulness is moderate (score 3) as it gives a starting point but the operator would still need to investigate the actual meaning of `partial_copy`. Source faithfulness is low (score 2) because the answer explicitly states the sources did not contain the definition, yet it invents a detailed explanation, going beyond what the sources provided."
question_21,compops-tools_gemma4-26b,glm-5.1,"The question asks how to set quota in Rucio for an account at a given RSE. The answer claims this feature doesn't exist and provides alternatives (global quotas, RSE-wide limits, monitoring). However, Rucio actually does support per-account per-RSE quotas via `set_local_account_limit`, so the answer's central claim is incorrect and it fails to provide the actual solution. While the answer is well-structured with specific commands and code examples for related features, an operator following this advice would believe the feature doesn't exist and waste time on workarounds. The answer is relevant to the topic but incomplete and misleading on the core question."
question_22,compops-tools_gemma4-26b,glm-5.1,"The answer directly addresses how to check incomplete blocks in DAS, providing a reasonable workflow using Rucio CLI commands. However, it cites two specific JIRA tickets (CMSTRANSF-341, CMSTRANSF-366) with detailed claims about their content without any source references — these are unsupported specifics, which per the evaluation principles are worse than honest vagueness. The Rucio commands are concrete but `rucio list-dataset-blocks` is not standard Rucio CLI syntax, which could mislead an operator. No sources are referenced at all, so the ticket claims and some details have zero source support."
question_46,compops_gemma4-26b,glm-5.1,"The question asks specifically when T0_CH_CERN_Tape was disabled for production output. The answer directly addresses this by stating it was disabled during the HI run, citing ticket CMSTRANSF-773 with a date of November 24, 2023. The answer provides a direct quote from the ticket and context about re-enabling, which adds useful information. The timing is slightly ambiguous—the ticket date may not be the exact disabling date—but the answer is largely on-topic and complete. Specificity is good with a ticket number, date, and command, though the exact date of the disabling action itself (vs. the ticket creation) isn't precisely clarified. The answer appears internally consistent in its source representation, referencing documentation and quoting the ticket directly."
question_23,compops_gemma4-26b,glm-5.1,"The question asks how to find a full gridpack file path, and the answer directly addresses this by explaining where gridpack paths are typically configured, providing the CVMFS directory structure, giving a concrete example path, and listing actionable steps to locate one. The answer is relevant, covers multiple approaches, and provides specific details like the ExternalLHEProducer configuration, CVMFS base path, and path format pattern. However, some specifics (like the exact example path and the script name) are presented without explicit source citations, which slightly reduces the specificity and source faithfulness scores. An operator could reasonably use this information to navigate CVMFS or check their config files."
question_39,compops_gemma4-26b,glm-5.1,"The answer directly addresses both HLTSCOUT and L1SCOUT policies as asked, providing specific ticket references (CMSTRANSF-948, CMSTRANSF-723) and concrete details like '2 replicas on disk' and 'locked for 6 months'. For L1SCOUT, the policy direction is clearly articulated; for HLTSCOUT, the answer honestly notes there's no single policy document and provides the closest relevant information from Phase-2 HLT documents. This is appropriately specific with cited sources rather than vague generalities or unsupported claims."
question_24,compops_gemma4-26b,glm-5.1,"The question asks for the status of a 'Winter 26 campaign,' and the answer directly addresses this by explaining that no information was found. It provides useful context that available records only go up to Winter 21 and Winter 20, which helps explain the gap. The answer is honest about not having the data rather than inventing specifics, which is appropriate per the evaluation guidelines. However, while it explains why the information isn't available, an operator would still need to investigate through other channels to find the actual status."
question_25,compops_gemma4-26b,glm-5.1,"The answer directly and comprehensively addresses where to find full logs for a workflow, covering three distinct scenarios (recent production logs on EOS, active WMAgent jobs in JobCache, and completed processing tasks via LogCollect). It provides specific paths, URLs, and example structures that an operator could immediately use. The specificity is strong with concrete file paths and organizational details, though no explicit source citations are provided. The answer is highly actionable for a CMS operator. For source faithfulness, without visible sources to compare against, the answer appears internally consistent but makes specific claims without attribution."
question_26,compops_gemma4-26b,glm-5.1,"The question asks how to access wmagent config. The answer provides a specific file name (config.py) and path (/data/tier0/srv/wmagent/current/config/tier0/config.py), plus useful restart advice. However, the path appears Tier0-specific rather than general WMAgent, which could mislead operators working on standard WMAgent deployments. The additional secrets/certs information is tangential to the question. No sources are cited for the specific path claims, raising concerns about unsupported specifics versus honest vagueness."
question_47,compops_gemma4-26b,glm-5.1,"The question asks specifically about the amount of data deleted in the deletion campaign 2025. The answer directly provides a figure (less than 200 TB), identifies the specific campaign edition (Fall), cites a ticket number (CMSTRANSF-1217), and specifies the dataset types (AODSIM and children). This is highly relevant and complete for the single-question query. Specificity is good with concrete details and a cited ticket reference, though I cannot verify the ticket exists. Helpfulness is solid as an operator gets a clear quantitative answer. Source faithfulness is uncertain since no retrieved sources are provided for verification, but the answer attributes its claims to a specific ticket."
question_40,compops_gemma4-26b,glm-5.1,"The answer directly and precisely addresses the question by summarizing the 2025 MINIAOD policy change, covering the old geographic-based model, the new reliable-sites/lifetime model, and technical implementation details. It provides rich specific details like subscription names (MINIAOD_GLOBAL_PERMANENT), Rucio rule patterns, and lifetime values, though the ticket reference CMSTRANSF-1198 lacks cited source support. A CMS operator could act on this information immediately. Since no retrieved sources were provided, the claims cannot be verified against sources, making some specifics unsupported — the answer appears to rely on parametric knowledge rather than cited evidence."
question_27,compops_gemma4-26b,glm-5.1,"The question asks for a summary of the latest issues with Winter26 workflows. The answer directly addresses this with a structured summary covering core issue, impact, root cause, and resolution. However, the answer is packed with highly specific claims (exact workflow names like JME-Run3Winter26GS-00005, a GitHub issue number WMCore/issues/12429, 8,000 jobs, a specific date of February 2026) without ANY citations, source references, or tool output to support them. Per the critical guardrail, unsupported specifics are worse than honest vagueness because they may be fabricated and mislead an operator. This significantly drags down the specificity and helpfulness scores, as an operator would need to independently verify all these claims before acting on them. Source faithfulness cannot be properly assessed since no sources are cited at all."
question_48,compops_gemma4-26b,glm-5.1,"The question asks for a specific link to a 'workflow updater doc.' The answer directly acknowledges it couldn't find that exact document and instead offers three related items from its search results, including specific file names like 'monitoring.md', 'UpdateRun.py', and '/etc/cron.daily/fts-bdii-cache-updater'. While relevant and transparent about not finding the exact match, it fails to provide the requested link, leaving a significant gap. The specifics mentioned are concrete but don't include actual links, and the alternatives may or may not be what the operator needs."
question_41,compops_gemma4-26b,glm-5.1,"The question asks about the 'trustpulists' field for minbias workflows, which the answer correctly interprets as 'TrustPUSitelists'. The answer directly provides the value (True), explains why it's needed for premixing pileup, and describes consequences of misconfiguration. However, specific claims about campaigns (Run3Summer23GS, Summer23BPix) and failure modes are presented without any cited sources or tool outputs, raising concerns about unsupported specifics. No retrieved sources are referenced, so source faithfulness is limited to evaluating that claims are made without evidence."
question_42,compops_gemma4-26b,glm-5.1,"The question asks where to find 'Unified' source code. The answer directly addresses this by explaining it couldn't find a repository matching that name and lists what the search did return (Rucio docs, coding guidelines, WMArchive, technical debt info). It's relevant and honest about the limitation. However, it can't fulfill the core request — finding the location — so completeness is partial. Specificity is a mix: it provides a concrete location for WMArchive (a different project) but is honestly vague about Unified itself, which is appropriate since no source supported an answer. An operator would still need to investigate further, making it moderately helpful. Source faithfulness is strong — the answer accurately reflects what was and wasn't found in the sources."
question_6,compops_gemma4-26b,glm-5.1,"The question asks specifically about activity in CMSDM and CMSTRANSF for the full year 2025, but the answer never mentions either system by name and instead discusses generic Rucio activity. The answer only covers a 'snapshot' from September 2025, not the full year. Critically, the answer claims 'Based on the logs provided' but no logs were provided in the question context, raising serious concerns that the specific details (dataset names like EGamma1, sizes like ~1.5 GB, ~3.8 GB) may be fabricated — unsupported specifics that violate the guardrail principle. An operator looking for CMSDM/CMSTRANSF activity summaries would not be able to make progress with this response."
question_7,compops_gemma4-26b,glm-5.1,"The answer directly addresses the question about the specific code line but admits it couldn't find the actual source code. It provides only a general interpretation (it's a conditional check for node membership or AAA mode) which barely goes beyond restating the code in plain English. It doesn't explain what AAA refers to, what happens in each branch, or the broader purpose. The answer is honestly vague rather than fabricating details, which is better than inventing specifics, but it still provides very little actionable information."
question_5,compops_gemma4-26b,glm-5.1,"The answer attempts to provide rucio commands for operations in JIRA ticket CMSTRANSF-1316, but it includes very specific details (checksum '1669dffb-0708-4534-bb11-088ba1fdd459', dataset paths) without showing any retrieved source content from the ticket. This triggers the critical guardrail: unsupported specifics are worse than honest vagueness. The rucio command syntax provided ('rucio dataset detach -d ... -f ...') does not match standard Rucio CLI syntax, which would mislead an operator. The answer appears to fabricate ticket-specific details and present incorrect command formatting, making it potentially harmful rather than helpful."
question_8,compops_gemma4-26b,glm-5.1,"The question asks if there are open tickets about decommissioning Russian T2s. The answer directly confirms this and provides three specific ticket numbers (CMSTRANSF-1006, CMSTRANSF-1333, CMSTRANSF-1334) with details about what each covers, including specific site names (T2_RU_IHEP, T2_RU_ITEP). It also provides context about the WLCG management board request and references the decommissioning procedure documentation. The answer is highly relevant, complete, and specific with actionable ticket references an operator can immediately look up. Source faithfulness is assessed at 4 since the answer presents these as found tickets with consistent formatting and plausible details, though minor extrapolation about the general procedure reference cannot be fully verified against the sources shown."
question_9,compops_gemma4-26b,glm-5.1,"The question asks for the most repeated topics in a specific range of CMSTRANSF tickets (1059-1400). The generated answer is completely empty - 'No answer generated by the agent.' This is a non-response, which according to the evaluation principles should score 1 on all dimensions. No information was provided, no guidance was given, and the operator would have no path forward from this output."
question_28,compops_gemma4-26b,glm-5.1,"The answer directly addresses the PnR policy question by covering two main operational areas (tape recalls and file invalidations) and summarizing roles of different parties. It provides specific, actionable details like the 50TB threshold for distribution, 14-day expiration, <1PB site capacity exclusion, and <5TB small block recall limits. The answer references documentation but doesn't cite specific sources; however, the detailed claims appear internally consistent and aligned with CMS computing practices rather than fabricated. An operator could use this to understand the policy framework and specific operational thresholds."
question_49,compops_gemma4-26b,glm-5.1,"The question asks for a specific date when wma_prod copies were reduced from 2 to 1. The answer directly addresses this but cannot provide the actual implementation date - only the date of a ticket (CMSTRANSF-1080, 2025-02-11) that discusses the proposal. The answer is honest about this gap, which is better than fabricating a date. It provides useful specifics (ticket number, date of discussion, explanation of the two-rule structure) but the core question remains unanswered. An operator gets a starting point for investigation but not the definitive answer they sought."
question_11,compops_gemma4-26b,glm-5.1,"The question asks how to deploy tier 0 replay, and the answer provides a detailed, step-by-step procedure covering configuration setup, deployment execution, and prerequisites. The answer is highly relevant and complete, addressing all major aspects of the deployment process. Specificity is strong with concrete file paths, wget commands, script locations, and GitHub links, though some details (like the email address and `runningagent` command) lack explicit source citations, warranting a slight reduction. Helpfulness is high as an operator could follow these steps directly. Source faithfulness is reasonably assumed at 4 since the answer references documentation and GitHub sources consistently, though without seeing the actual retrieved sources, some claims cannot be fully verified."
question_29,compops_gemma4-26b,glm-5.1,"The question asks WHERE to check site readiness and downtime status. The answer discusses relevant topics (FTS metrics, Rucio RSE availability, site classification) but doesn't clearly provide locations - no URLs, dashboards, or specific access instructions. It includes specific ticket numbers and a Rucio command for the manual override, but the core 'where to check' answer is vague (e.g., 'FTS logs/metrics' without specifying how to access them). An operator would still need to figure out where exactly to find these metrics. The answer cites ticket sources and appears internally consistent with them."
question_30,compops_gemma4-26b,glm-5.1,"The answer directly addresses the question by clarifying that no documented case exists where a rule stays in REPLICATING for >2 weeks without transitioning to STUCK. It correctly identifies that the two-week threshold relates to STUCK→SUSPENDED, not REPLICATING→STUCK. It provides specific JIRA tickets (CMSDM-366, CMSDM-198) showing rules can appear stuck in REPLICATING for 'several days,' though this doesn't quite match the 'more than two weeks' timeframe asked about. The answer is honest about documentation limitations rather than fabricating cases."
question_31,compops_gemma4-26b,glm-5.1,"The answer directly addresses the question by explaining all three schedd types and their differences, organized with a helpful comparison table. For tier0schedd, it provides specific details grounded in cited documentation (vm_management.md, hostgroup vocms/tier0/schedd). However, for prodschedd and crabschedd, the details are less well-supported—the answer admits prodschedd is not explicitly defined in documentation, and crabschedd details about Rucio disk rules appear inferred rather than directly cited. This creates a mix of well-supported and extrapolated content."
question_12,compops_gemma4-26b,glm-5.1,"The answer is relevant to the question about creating rules with local account quota at T2_CH_CERN and addresses the administrative workflow around e-groups and permissions. However, it fails to provide the actual Rucio commands needed to create a rule (e.g., `rucio add-rule` with account/quota parameters), which is the core of what was asked. Specific details like e-group names (`cms-CH_CERN-local`, `cms-rucio-quota-pdmv`) are provided without citations, making them potentially unsupported. An operator would understand the administrative process but would still need to research the actual technical commands to execute rule creation."
question_32,compops_gemma4-26b,glm-5.1,"The answer directly addresses both parts of the question regarding the transition to 'acquired' and 'failed' states, making it highly relevant and mostly complete. However, it includes specific ticket numbers (e.g., CMSTRANSF-608, CMS-1029) without any provided source citations or tool output, violating the critical guardrail against unsupported specifics. This fabrication lowers the specificity score significantly, as honest vagueness would be preferable to potentially invented data. While the general troubleshooting categories (checksums, file not found) are a useful starting point for an operator, the unsupported ticket numbers reduce overall helpfulness and source faithfulness, as these claims lack any grounding."
question_13,compops_gemma4-26b,glm-5.1,"The answer directly addresses the question by interpreting the provided LumiList JSON structure and translating it into concrete DAS query examples. It correctly identifies the run number and lumi range from the JSON and formulates specific `block` and `dataset` queries. However, while the `lumi` key is a known DAS key, the provided reference examples only show `lumi` used as a parameter for `file` queries, not `block` or `dataset` queries, meaning the suggested `block run=398420 lumi=550` syntax might not be valid for the `block` key in DAS. This introduces a slight risk of an unsupported specific query, though the logic of combining the keys is sound."
question_43,compops_gemma4-26b,glm-5.1,"The answer directly addresses the question by explaining that overwrite is disabled by default to prevent accidental data loss/corruption, and further details the technical challenges (Rucio integration, metadata mismatches) that complicate enabling it. It provides highly specific details, including ticket numbers, site names, configuration features, and error codes, making it very actionable for an operator. However, the answer incorrectly expands the CTA acronym as 'Center for Theoretical Astrophysics' when in this context it stands for 'CERN Tape Archive', indicating a minor hallucination in expanding an acronym likely present in the sources."
question_14,compops_gemma4-26b,glm-5.1,"The question asks how to get lumi ranges for specific CMS ROOT files. The answer addresses this with three approaches but has significant issues: (1) It references 'ticket CMSTZ-798' which is an unsupported specific claim—likely fabricated; (2) The OMS API method provides run-level luminosity, not file-level lumi ranges, which is misleading; (3) The ROOT/uproot code is generic and doesn't correctly reflect how CMS stores lumi info (typically in 'Lumis' trees, not 'LumiBlock' branches in Events); (4) The most direct and correct method—'dasgoclient -query=""lumi file=...""'—is only vaguely hinted at rather than clearly presented; (5) No mention of brilcalc, the standard CMS lumi tool. The unsupported ticket reference is worse than honest vagueness per evaluation principles."
question_33,compops_gemma4-26b,glm-5.1,"The answer addresses all three parts of the question (description, rule creation, disk/tape destination) but falls short on completeness because it explicitly admits the documentation doesn't cover how rules are created—a key part of the question. It provides some useful specifics (Tier-0/Tier-1, RSEs, FTS metrics, QoS, archiving) but mixes them with vaguer content. The answer is honest about what it doesn't know from sources, which is better than fabricating details. An operator would get a partial understanding but would need to investigate rule creation elsewhere."
question_2,compops_gemma4-26b,glm-5.1,"The answer directly addresses how a Tier-0 operator should reprocess runs with available streamer files, covering identification of streams, file list preparation, execution, and cleanup—making it highly relevant. However, completeness is limited because the actual commands to trigger reprocessing and invalidate files are missing, leaving the operator without the most critical operational steps. Specificity is mixed: the answer provides some concrete details (file path /data/tier0/admin/ProdOfflineConfiguration.py, stream names, config parameters), but the ticket reference CMSTZ-1094 is an unsupported specific claim with no citation, and the key actionable commands are absent. Helpfulness is moderate—an operator gets a framework but must do significant additional investigation to execute. Source faithfulness is middling because the answer references 'available documentation' vaguely and cites a ticket number without explicit source backing, making it impossible to verify claims against sources."
question_34,compops_gemma4-26b,glm-5.1,"The answer directly and comprehensively addresses both parts of the question: defining Rucio probes as automated Python scripts and explaining their monitoring workflow via Jobber, Prometheus Pushgateway, and Nagios. It provides highly concrete, actionable details like directory paths, daemon names, and specific probe examples, making it very useful for an operator. However, Specificity is scored a 4 rather than a 5 because these specific details lack explicit citations or documentation references as required for the highest score, and Source Faithfulness is scored a 4 because no sources were provided in the prompt to directly verify the claims against, though the answer is internally consistent."
question_15,compops_gemma4-26b,glm-5.1,"The question asks for the CLI command to see Rucio rule details. The answer directly provides the exact command `rucio rule-info <rule_id>`, explains what output it provides, and adds related commands for finding rule IDs. The response is concise and fully on-topic with no padding."
question_44,compops_gemma4-26b,glm-5.1,"The answer directly addresses the question about staging a single file from tape, saying yes and proposing rucio add-rule. However, the command syntax is incorrect — `rucio add-rule` requires a copies parameter between the DID and RSE expression (e.g., `rucio add-rule <did> 1 <rse-expression>`), so the provided example would fail. The answer also references specific ticket numbers (CMSTRANSF-733, CMSDM-146) and a 50TB limit without any cited sources, which constitutes unsupported specifics — flagged as worse than honest vagueness per evaluation principles. The answer doesn't address whether there's anything special about 'raw' files versus other file types. An operator following the given command would encounter an error due to the missing copies argument."
question_51,compops_gemma4-26b,glm-5.1,"The question asks for the wmagent training document URL, but the answer provides a link to 'WMAgent monitoring documentation' instead. This is a different document type (monitoring vs. training), so while the answer is in the general subject area of WMAgent, it does not correctly address what was asked. The answer does provide the requested format (URL + title), but the content appears to be for the wrong resource. No sources are cited to support the claim that this is the training document."
question_16,compops_gemma4-26b,glm-5.1,"The question asks for a specific DAS query for run 393974 and dataset '/IonPhysics16/pORun2025-v1/RAW'. The answer directly provides exactly this query with correct DAS syntax: `dataset='/IonPhysics16/pORun2025-v1/RAW' and run=393974`. It also includes a helpful breakdown explaining each component and a wildcard variation tip. The query is concrete, actionable, and can be immediately used by an operator in DAS. No sources were provided or cited, so source faithfulness is scored as neutral since there are no sources to contradict."
question_17,compops_gemma4-26b,glm-5.1,"The question asks for the Rucio command to see block locations, and the answer directly provides 'rucio get-replicas' with proper syntax, parameter explanation, and a concrete example. The answer is highly relevant and complete for this straightforward question. Specificity is good with a concrete example command, though the 'Example from JIRA logs' reference lacks a specific citation, and there's a typo inconsistency in the dataset name (Chinese character in one place, different value in another). Helpfulness is high as an operator could immediately use this command. Source faithfulness is moderate since no sources were provided in context and the answer references 'JIRA logs' without a specific citation."
question_52,compops_gemma4-26b,glm-5.1,"The answer directly and precisely addresses the question about the status of the X.509 to OIDC transition, explaining the reversal back to X.509 and the reasons behind it. It provides a complete picture, including the action taken, the scope of the change, and where it is documented. The response is highly specific, citing a JIRA ticket (CMSTRANSF-841), a date (March 2024), and a GitHub issue (#712), which serves as supporting evidence for its claims. A CMS computing operator could easily act on this information to understand the current authentication landscape and find further details, making it highly helpful. Without the source text provided in the prompt, I assume the citations are accurate and reflect the underlying sources well, though I leave a slight margin on source faithfulness as I cannot directly verify the text."
question_53,compops_gemma4-26b,glm-5.1,"The question asks for a specific date when Monte Carlo data stopped being sent to CERN tape. The answer provides a concrete date (March 21, 2024) and a specific JIRA ticket (CMSTRANSF-864), along with technical details about the `wmcore_output_tape` attribute change. The answer is transparent about a limitation — the ticket references 'prod output' rather than explicitly 'Monte Carlo' — but reasonably explains the connection. The specificity is strong with ticket numbers, dates, configuration details, and rationale all provided, apparently grounded in retrieved sources."
question_35,compops_gemma4-26b,glm-5.1,"The answer directly and precisely addresses the question by providing two methods for checking file integrity in the CMS Computing context: basic checksum verification using Rucio and in-depth decompression checks using a dedicated script. It is highly complete, covering both quick verification and deep scans, while explaining their differences, limitations, and relevant options. The answer is rich in concrete, actionable details, including exact command-line examples, script arguments, and practical considerations for an operator. Since this is a reference-free evaluation and no sources were provided to contradict the answer, source faithfulness is scored based on the internal consistency and plausibility of the CMS-specific tools and commands mentioned."
question_3,compops_gemma4-26b,glm-5.1,"The question asks specifically about extending a user quota at T2_CN_Beijing, and the answer provides a relevant webpage (SiteCapacity) but importantly clarifies this is for site-level capacity, not individual user quotas. The answer references JIRA tickets (CMSDM-44, CMSTRANSF-946) without showing source excerpts or citations, raising concerns about unsupported specific claims per the evaluation guardrails. The webpage URL is concrete and actionable for site capacity, but the answer doesn't fully resolve the operator's actual need regarding individual user quotas — it even notes a policy against granting user quotas directly. The operator is left without a clear path forward for the user's specific request."
question_45,compops_gemma4-26b,glm-5.1,"The answer directly addresses both Rucio accounts asked about, providing their primary uses with concrete details about which components use them (WMAgent, MSOutput), what they do (lock blocks, create data placement rules), rule durations, and cleanup processes. The specificity is strong with named components like MSRuleCleaner, data tiers, and duration examples, though the answer references 'documentation available' without explicit citations. An operator would gain a clear understanding of these accounts' roles in the system, making it pragmatically useful."
question_37,compops_gemma4-26b,glm-5.1,"The answer directly addresses both parts of the question by explaining how MSUnmerged works and listing potential issues, making it highly relevant and reasonably complete. However, it provides specific ticket numbers (CMSTZ-972, CMSTZ-924) without any citations or supporting evidence, triggering the guardrail that unsupported specifics are worse than honest vagueness; thus, specificity scores low. Helpfulness is moderate because while the general architectural explanation gives an operator a starting point, the unverified ticket numbers require significant investigation to trust. Source faithfulness is scored neutrally because the answer provides no source references to validate its specific claims against, resulting in a mix of plausible but entirely unsupported assertions."
question_18,compops_gemma4-26b,glm-5.1,"The question asks specifically for the Rucio command to create a container. The actual command is `rucio add-container`, but the answer incorrectly claims no such command exists and conflates containers with rules, which are different Rucio concepts (containers group datasets; rules manage replication). The JIRA quote about 'placing a rule on a container' actually demonstrates rules being applied to existing containers, not containers being created via rules. This is misleading and would send an operator in the wrong direction. The answer provides some specific command names but they're the wrong commands for the task asked about."
question_19,compops_gemma4-26b,glm-5.1,"The question asks for a specific CLI command, and the answer provides the command name `rucio add-rule` but fails to give the actual syntax or required arguments (e.g., `rucio add-rule <did> <rse-expression> <copies>`). Instead, it offers conceptual explanations about rules and redirects to official documentation. While relevant, the answer is incomplete and lacks the concrete specificity an operator needs to execute the command. The answer is honest about not having the full syntax from its sources, which is better than fabricating details, but this honesty still leaves the operator without actionable information."
question_20,compops_gemma4-26b,glm-5.1,"The question asks for the new CLI command structure in Rucio client version 38. The answer correctly explains the new subcommand-based pattern (`rucio <subcommand> <action>`) and provides helpful examples (rule add, file list, site info), but doesn't provide a comprehensive mapping of old-to-new commands. The examples are marked as 'potentially' old style, showing uncertainty. No specific documentation or sources are cited despite referencing 'the documentation,' and the specific command transformations lack source grounding. An operator gets a useful starting point but would need significant additional investigation to fully migrate their commands."
question_38,compops_gemma4-26b,glm-5.1,"The answer directly addresses both parts of the question (PnR Campaign Manager responsibilities and the partial_copy parameter), making it highly relevant. However, it provides very specific claims—JIRA ticket numbers (PRCAMPAIGNS-356, PRCAMPAIGNS-480, PRCAMPAIGNS-355, CMSPROD-125), a specific parameter value (0.5), and script names (WmAgentScripts)—without any cited sources, tool output, or documentation excerpts to support them. Per the evaluation guardrails, unsupported specifics are worse than honest vagueness because they could be fabricated and mislead an operator. The partial_copy explanation is reasonable but unverified. An operator would need to independently confirm all the specific claims before acting on them, reducing helpfulness and raising source faithfulness concerns."
question_21,compops_gemma4-26b,glm-5.1,"The question asks specifically how to set a quota for an account on a given RSE, but the answer primarily discusses global account quotas and RSE-level limits/capacity, which are different concepts. While the answer honestly acknowledges that the documentation doesn't provide a direct command for per-account, per-RSE quotas, it fails to provide the actual method (Rucio does support this via `rucio-admin account set-limits` or the client API `set_account_limit`). The specific commands provided are for related but different operations, making them only partially actionable for the operator's actual task."
question_22,compops_gemma4-26b,glm-5.1,"The answer directly addresses the user's question about finding incomplete blocks by correctly pointing them to Rucio, making it highly relevant. However, it lacks completeness and specificity because it suggests using 'rucio ls' which lists datasets rather than blocks, failing to provide the actual commands needed to list blocks (e.g., 'rucio list-blocks') and compare them. Furthermore, it includes unsupported specific claims like a JIRA ticket number (CMSTRANSF-341) and an example block hash without any citations, which violates the guardrail against unsupported specifics. An operator would have a starting point but would require significant additional investigation to find the correct commands, making it only moderately helpful."
question_46,copilot-no-tools_gemma4-26b,glm-5.1,"The question asks specifically when T0_CH_CERN_Tape was disabled for production output. The answer directly addresses this by identifying it was during the HI run, citing a specific JIRA ticket (CMSTRANSF-773) with a date (2023-11-24) and a direct quote confirming the disabling. The answer also provides the specific command used to re-enable it, adding useful context. The ticket date gives a timeframe, though it's the ticket creation date rather than the exact disable date. The answer is rich in concrete, source-supported details (ticket number, date, quote, RSE attribute, command), making it highly actionable for an operator."
question_1,copilot-no-tools_gemma4-26b,glm-5.1,"The answer directly addresses the 50513 exit code and the multi-site aspect of the question, providing structured diagnostic steps, which makes it relevant and reasonably complete. However, it misrepresents the error log: the individual scram commands (edm_pset_pickler.py, cmssw_handle_condor_status_service.py, edm_pset_tweak.py) all show successful stdout output and 'stderr was: None' — they did not fail as the answer implies. The actual failure is in the broader ScriptInvoke wrapper, not these sub-commands. Additionally, the answer references 'CMSPROD-103' as a historical ticket with no cited source, which is an unsupported specific claim that could mislead operators. The practical checklist and advice to dig deeper into scram logs are useful, but the misdiagnosis of where the failure occurs reduces helpfulness and source faithfulness significantly."
question_23,copilot-no-tools_gemma4-26b,glm-5.1,"The question asks how to find a full gridpack file path, and the answer provides two concrete methods: checking CMSSW configuration files (ExternalLHEProducer args) and searching wmagentJob.log for PFNs. Both methods are directly relevant and actionable. However, the answer provides specific example paths and log entries without citing any source or tool output, which raises concerns about whether these are fabricated or grounded in actual documentation. The specificity guardrail penalizes unsupported specifics, pulling the score down despite the otherwise useful content. Source faithfulness is uncertain since the answer claims 'based on available documentation' but doesn't reference specific sources for its examples."
question_39,copilot-no-tools_gemma4-26b,glm-5.1,"The answer directly addresses the policy question for both HLTSCOUT and L1SCOUT datasets, providing specific Rucio subscription names and retention details. However, for the second disk copy, it only lists L1SCOUT regional subscriptions (L1SCOUT_US, L1SCOUT_Eurasia) without mentioning equivalent HLTSCOUT regional subscriptions, leaving a notable completeness gap. The specificity is good with concrete subscription names and lifetime values, though no sources or citations are provided to ground these claims. Without visible source material, source faithfulness cannot be fully verified, but the answer is internally consistent."
question_24,copilot-no-tools_gemma4-26b,glm-5.1,"The answer directly addresses the question about the Winter 26 campaign status by reporting that no information was found after searching available databases. It provides an honest assessment rather than fabricating details, which aligns with the evaluation principles favoring honest vagueness over unsupported specifics. The answer includes a concrete actionable pointer (mcm/campaigns dashboard URL) but otherwise offers general suggestions. It references specific years of previous campaigns found in records, though without direct citation. Overall, the answer is relevant and honest but limited in what it can provide since no data was found."
question_25,copilot-no-tools_gemma4-26b,glm-5.1,"The question asks where to find full logs for a workflow, and the answer directly provides two specific locations: EOS for recent production logs and WMAgent Job Cache/Archive paths for wmagentJob.log files. The answer is highly relevant and complete, covering different log types and job states. Specificity is strong with concrete URLs, file paths, and directory structures provided, though no explicit source citations are given to verify these details. Helpfulness is high as an operator could navigate directly to these locations. Source faithfulness is moderate since no sources are referenced, making it impossible to verify the claims against retrieved information."
question_26,copilot-no-tools_gemma4-26b,glm-5.1,"The answer directly addresses how to access the wmagent config by providing a file path, restart instructions, and environment details. However, the highly specific file path `/data/tier0/srv/wmageng/current/config/tier0/config.py` contains a likely typo ('wmageng' instead of 'wmagent') and is provided with absolutely no source citations or references, triggering the specificity guardrail against unsupported specifics. Without any cited documentation or tool output, an operator cannot trust these paths, which makes the answer potentially misleading rather than helpful. Source faithfulness is low because no sources are cited at all despite the claim of being 'based on the deployment documentation.'"
question_47,copilot-no-tools_gemma4-26b,glm-5.1,"The answer directly addresses the question by explaining that a final total is not available, but provides the closest available metric (AODSIM datasets < 200 TB) with a specific ticket number, and points to a GitLab repository for further details. It is highly specific and actionable while avoiding the trap of inventing a final total that doesn't exist in its sources. The answer is very helpful as it gives the operator the exact repositories and tickets to check for the definitive answer."
question_40,copilot-no-tools_gemma4-26b,glm-5.1,"The answer directly and concisely summarizes the 2025 MINIAOD policy change, effectively contrasting the old and new policies in a clear table format. It provides highly specific, actionable details including Rucio subscription names (e.g., MINIAOD_GLOBAL_PERMANENT), replica lifetime durations (1-year), and relevant ticket numbers (CMSTRANSF-1172, 1195, 1198). A CMS computing operator would find this immediately helpful for understanding and acting on the policy change without needing further clarification. Source faithfulness is assessed positively based on the explicit citation of specific ticket numbers and strong internal consistency, though the original source text was not provided for direct verification."
question_27,copilot-no-tools_gemma4-26b,glm-5.1,"The question asks for a summary of issues with Winter26 workflows, and the answer directly addresses this by identifying the SCRAMScriptFailure errors, specific affected workflows, sites involved, and suspected root cause. The answer cites a specific JIRA ticket (CMSPROD-359) as its source and provides concrete workflow names and error types, making it actionable. However, without being able to verify the JIRA source content, source faithfulness is uncertain, and completeness could be improved with information about resolution status or impact scope."
question_48,copilot-no-tools_gemma4-26b,glm-5.1,"The user requested a specific link, and the assistant honestly reported it could not find a single document with that exact title, avoiding hallucination. Instead, it provided four highly relevant, alternative links with specific context (script names, JIRA tickets, file names) to help the operator find what they need based on different interpretations of 'workflow updater'. This makes the answer relevant, reasonably complete given the missing exact match, highly specific, and practically helpful, assuming it is faithfully reporting the search results it retrieved."
question_41,copilot-no-tools_gemma4-26b,glm-5.1,"The question asks about the TrustPUSites field setting for MinBias workflows (with a typo 'trustpulists'). The answer correctly identifies the field name, cites CMSPROD-225, explains the failure mode when set to False (workflows stuck in assigned state because MS-Pileup can't recognize local availability), and recommends setting it to True. This is a thorough, actionable answer with specific details including the ticket reference, the exact state name, and the technical explanation."
question_42,copilot-no-tools_gemma4-26b,glm-5.1,"The answer directly addresses the user's question by acknowledging the search for 'Unified source code' and explaining it wasn't found, staying fully on-topic. However, it fails to provide the actual location requested, offering only related alternative repositories (with specific URLs) and suggestions for further manual searching. This makes it honestly vague rather than fabricated, which is good for specificity, but only partially helpful as the operator must still investigate significantly to find the actual code."
question_4,copilot-no-tools_gemma4-26b,glm-5.1,"The answer directly addresses both parts of the question—who sets MergedLFNBase (submitters like McM/PdmV at creation, then Assignor/Unified at assignment) and how it's set correctly (specific paths for MC, data, and StoreResults). It also specifically references the CMSPROD-368 ticket context as requested. However, while the answer provides concrete details like specific paths (/store/mc, /store/data) and entity names (McM, PdmV, Unified), it lacks explicit citations or source references from the JIRA ticket, which the guardrail penalizes. Some claims like 'PdmV often defaults to /store/data' appear to be extrapolations beyond what a ticket would typically contain, reducing source faithfulness."
question_6,copilot-no-tools_gemma4-26b,glm-5.1,"The answer addresses both systems requested (CMSDM and CMSTRANSF) and stays on-topic for 2025 activity. However, the CMSDM section is notably thin with no specific tickets or concrete activities, only vague statements about 'system oversight' and 'ongoing interactions.' The CMSTRANSF section provides specific ticket numbers (CMSTRANSF-1264, CMSTRANSF-1130) and dates, but these are presented without cited sources, raising concerns per the unsupported-specifics guardrail. For a full year's summary, only two tickets mentioned for CMSTRANSF and zero for CMSDM represents significant gaps in completeness and helpfulness."
question_5,copilot-no-tools_gemma4-26b,glm-5.1,"The answer directly addresses the question by attempting to provide the requested Rucio commands (Relevance: 5, Completeness: 5). However, it fabricates highly specific details—such as dataset names and block IDs—without providing any tool output or source citations to prove it actually accessed the Jira ticket. Following the critical guardrail, unsupported specifics are worse than honest vagueness because they can mislead an operator, heavily penalizing Specificity (2). Source Faithfulness is rated 1 because the answer makes extensive specific claims with no source support. Consequently, the fabricated commands make the answer actively harmful rather than helpful, as an operator might execute them and cause unintended errors, warranting a Helpfulness score of 1."
question_8,copilot-no-tools_gemma4-26b,glm-5.1,"The answer directly addresses the question about open tickets for decommissioning Russian T2s by confirming no specific decommissioning ticket exists, then provides the most closely related ticket (CMSTRANSF-1006) with concrete details including RSE names and data volume. It appropriately distinguishes between data analysis and formal decommissioning, showing nuance. The specificity is strong with a ticket number, specific RSEs, and a data figure, though I cannot fully verify source faithfulness without seeing the retrieved documents."
question_28,copilot-no-tools_gemma4-26b,glm-5.1,"The answer directly addresses both aspects of the question: PnR operations and how requests from different parties are handled. It covers operators, external sites, and users/groups with a useful summary table. However, it mixes current established policy with proposed/discussed options (e.g., 'proposed policy/interface,' 'options considered,' 'has been ongoing discussion'), which could mislead an operator about what the actual current policy is versus what is still under discussion. The specificity is decent—mentioning tools like Grafana, Rucio rule flags, JIRA, CRAB, and rucio-admin commands—but the hedging language about proposals versus current practice reduces its actionability."
question_10,copilot-no-tools_gemma4-26b,glm-5.1,"The answer directly addresses how to create a new Tier0 release with a structured, step-by-step process covering prerequisites and the release workflow. It provides many concrete details (specific VM name, e-group, repositories, spec file, branch name) and a documentation link, making it actionable for an operator. However, there's a gap in the actual build/compilation steps between environment setup and tagging, and the specific claims lack explicit source citations beyond one documentation reference, raising some concern about unsupported specifics versus source grounding."
question_49,copilot-no-tools_gemma4-26b,glm-5.1,"The question asks for the timing of reducing wma_prod copies from 2 to 1. The answer directly provides this: February 2025, with specific batch dates (Feb 17 and Feb 19), PB amounts affected, and references to a JIRA ticket (CMSTRANSF-1080) and CSV files as sources. All content is on-topic and thoroughly addresses the 'when' question with additional useful context about the mechanism and reason. The specifics are attributed to a cited JIRA ticket and referenced CSV files, grounding them in identifiable sources rather than being unsupported inventions."
question_50,copilot-no-tools_gemma4-26b,glm-5.1,"The question asks for a specific date when FTS enabled the overwrite-on-buffer feature for CMS. The answer directly addresses this but honestly admits the specific deployment date is not in the available documentation. It provides related temporal context (Feb 2024 JIRA ticket CMSTRANSF-821), clarifies the feature name (overwrite-when-only-on-disk), and gives actionable configuration steps. The JIRA ticket and site details appear sourced though not formally cited, and there's a typo '202/24' suggesting a transcription issue. The core 'when' question remains unanswered, but the answer is transparent about this limitation rather than fabricating a date."
question_11,copilot-no-tools_gemma4-26b,glm-5.1,"The answer directly addresses how to deploy a Tier 0 replay with a structured walkthrough covering prerequisites, configuration, deployment, and verification. It provides specific, actionable details like file paths, URLs, commands, and deployment stages that an operator could follow. However, no sources or citations are referenced anywhere, making it impossible to verify the claims (e.g., the exact script path, configuration file URL, command aliases), which slightly tempers specificity and source faithfulness scores. The answer is quite complete for the deployment workflow but could include more detail on what configuration parameters need updating."
question_29,copilot-no-tools_gemma4-26b,glm-5.1,"The answer directly addresses where to check site readiness (FTS metrics) and downtime status (Rucio RSE attributes), making it highly relevant. It covers both aspects of the question with specific ticket references and concrete details like the `skip_site_availability_update` flag and classification thresholds. However, it doesn't provide specific URLs, dashboards, or commands for accessing these systems, which limits immediate actionability. The ticket references serve as citations for the claims, and the content appears internally consistent with no obvious contradictions, though the site classification thresholds in the summary table appear without prior elaboration in the main body."
question_30,copilot-no-tools_gemma4-26b,glm-5.1,"The question asks specifically about cases where a rule stays in REPLICATING for more than two weeks without switching to STUCK. The answer directly addresses this by clarifying that the two-week timer applies to STUCK→SUSPENDED transitions, not REPLICATING, and explains that rules can remain in REPLICATING when transfers aren't being submitted or moving. It references specific tickets (CMSDM-366, CMSTRANSF-812) as examples and notes this may require manual intervention. The answer is honest about documentation gaps rather than inventing scenarios, which is appropriate. Completeness is slightly limited because it doesn't enumerate all possible cases comprehensively, but it correctly identifies the core mechanism."
question_31,copilot-no-tools_gemma4-26b,glm-5.1,"The answer directly addresses the question by breaking down the three schedulers and explaining their distinct roles within CMS computing. It provides a concrete, specific detail for tier0schedd (the hostgroup and WMStats), but honestly admits that crabschedd and prodschedd are not explicitly defined in the provided sources, offering general context instead of inventing specifics. This makes it highly relevant and complete, but mixed in specificity (one specific, two vague/inferred). It is helpful for a high-level understanding, and faithful to the sources by explicitly noting what is and isn't supported by them."
question_12,copilot-no-tools_gemma4-26b,glm-5.1,"The question asks specifically how to create rules using local account quota for T2_CH_CERN, but the answer focuses primarily on authorization prerequisites (adding users to e-groups, synchronization) rather than the actual rule creation process itself. No Rucio command or procedure for creating a rule with local quota is provided, leaving the core question unanswered. The answer cites specific JIRA tickets (CMSTRANSF-291, CMSTRANSF-508) without quoting their content or providing verifiable evidence, which falls into the unsupported specifics concern raised in the guardrails. While the e-group name `cms-CH_CERN-local` is concrete and potentially useful, an operator would still not know how to actually execute rule creation after reading this."
question_32,copilot-no-tools_gemma4-26b,glm-5.1,"The question asks about the transition from 'staged' to 'acquired' (likely workflow states in CMS WMAgent) and how it can go to 'failed'. The answer reinterprets 'acquired' as 'READY' and discusses 'STAGING to READY' transitions, which may conflate data transfer staging with workflow state transitions—a potentially significant misunderstanding. It does attempt to address who controls the transition (MC contact, CompOps team) and how failures occur (retries exhausted, storage issues), but the state terminology confusion undermines accuracy. Specificity is moderate with an issue reference and team names, but some claims lack clear source support."
question_13,copilot-no-tools_gemma4-26b,glm-5.1,"The answer correctly identifies that '398420' is a run number, but it fails to provide a working DAS query to get the block name from just the run and lumi range. It suggests `run 398420`, which returns run metadata, not block names. It suggests `lumi file=...`, but the user doesn't have a file path. It suggests `dataset /Your/Dataset/Pattern run=398420`, which requires already knowing the dataset. A correct workflow based on the provided examples would involve first finding the dataset using `dataset run=398420` and then finding the block using `block dataset=<dataset> run=398420`, but this is completely missed."
question_43,copilot-no-tools_gemma4-26b,glm-5.1,"The answer directly addresses the question by explaining that no single definitive reason is documented, but provides substantial context about the nature and impact of the issue. It includes specific details like the exact error message, affected sites (CTA, CNAF, KIT, T1_ES_PIC_Tape), the SRM-to-WebDAV transition as a contributing factor, the 'overwrite-when-only-on-disk' feature, and JIRA ticket CMSTRANSF-567. The answer is honest about the limitations of available information while providing actionable workarounds. Source faithfulness appears strong as the answer explicitly references JIRA tickets and documentation, and is transparent about what isn't known rather than fabricating reasons."
question_14,copilot-no-tools_gemma4-26b,glm-5.1,"The user asks how to get lumi ranges for specific files, and the most direct answer—using `dasgoclient -query ""lumi file=...""`—is completely missing. The answer instead suggests OMS API (which provides run-level, not file-level lumi ranges), ROOT file inspection (overly complex and requires downloading large RAW files), and vaguely mentions DBS without giving the actual command. The fabricated ticket reference 'CMSTZ-798' is an unsupported specific claim. An operator following this advice would waste time on approaches that don't directly solve their problem."
question_33,copilot-no-tools_gemma4-26b,glm-5.1,"The answer addresses all three parts of the question (description, rule creation, output destination) and stays on-topic, earning high relevance. However, completeness suffers because the rule creation section explicitly admits the mechanism 'is not explicitly detailed' and only provides inferred, general information about Rucio/FTS without concrete steps. Specificity is mixed: there are some concrete details like 'T1_DE_KIT_Tape' and QoS transition terminology, but the critical rule creation portion is vague. Helpfulness is moderate—an operator would understand the general concept but couldn't act on rule creation without significant further investigation. Source faithfulness is uncertain as the answer references 'available documentation and JIRA tickets' and 'search results' without citing anything specific, though it is honest about source limitations regarding rule creation details."
question_2,copilot-no-tools_gemma4-26b,glm-5.1,"The answer addresses the question of reprocessing runs with available streamers and provides a high-level workflow (identify runs, verify streamers, trigger reprocessing, invalidate old files). However, it critically lacks actionable detail on the most important step—how to actually trigger reprocessing—saying only 'the agent should be configured/notified.' The ticket reference CMSTZ-1094 is presented without any supporting source or citation, which is an unsupported specific claim. A Tier-0 operator would still need significant investigation to execute this procedure, as no commands, configuration details, or specific agent invocation instructions are provided."
question_34,copilot-no-tools_gemma4-26b,glm-5.1,"The answer directly addresses both parts of the question: what Rucio probes are (Python scripts for automated checks) and how they're used for monitoring (metrics collection via Prometheus Pushgateway/Grafana and alerting via Nagios). It provides concrete details like directory paths, tool names, and specific metrics monitored. The answer appears grounded in documentation as it references, though explicit citations are not provided for every claim. An operator would gain a solid understanding of probes and their monitoring workflows from this response."
question_15,copilot-no-tools_gemma4-26b,glm-5.1,"The question asks for the specific CLI command to view Rucio rule details. The answer directly provides the correct command `rucio rule-info <rule_id>`, along with syntax, an example, and a description of what output to expect. This is a straightforward factual question about a CLI tool, and the answer is precise, actionable, and complete. No sources were cited, but the information is standard Rucio CLI documentation that doesn't appear fabricated."
question_44,copilot-no-tools_gemma4-26b,glm-5.1,"The question asks a straightforward yes/no question about staging a single raw file from tape. The answer addresses the topic by explaining that data movement is handled via Rucio rules, but it fails to give a definitive yes/no answer. Instead, it suggests a workaround approach without providing concrete commands or confirming feasibility. The ticket references (CMSTRANSF-910, CMSTZ-880, CMSTRANSF-733) appear without citations or direct quotes, making them unsupported specifics. The actual procedure is vague—'create a Rucio rule' without command syntax—leaving an operator to do significant additional investigation."
question_51,copilot-no-tools_gemma4-26b,glm-5.1,"The question asks specifically for the wmagent training document URL and title. The answer admits it cannot find that specific document, which is honest, but then offers a different document (Flowchart for T0 scripts) as a substitute. This related document is not what was requested, and presenting it as potentially what the user is looking for could mislead an operator. The URL provided appears truncated at the end, raising concerns about accuracy. The answer is partially on-topic (WMAgent-related) but doesn't answer the actual question, provides specifics for the wrong document, and offers minimal helpful progress toward finding the actual training document."
question_16,copilot-no-tools_gemma4-26b,glm-5.1,"The answer directly addresses the question by providing a DAS query for the specified run and dataset path, making it relevant and complete. However, the DAS query syntax appears incorrect — standard DAS queries use key=value pairs like 'dataset=/IonPhysics16/pORun2025-v1/RAW run=393974', not an 'ls' prefix as shown. The answer also makes unsupported claims about 'available documentation' and directory structures without citing any sources, which violates the guardrail against unsupported specifics. This makes the command potentially misleading for an operator who might try to execute it and get errors."
question_17,copilot-no-tools_gemma4-26b,glm-5.1,"The question asks for the Rucio command to see the location of a block, and the answer correctly identifies `rucio list-replicas` as the primary command while appropriately clarifying that blocks map to datasets in Rucio terminology. It also provides helpful, actionable alternative methods via `rucio list-rules` and `rucio rule-info` to find rule-mandated locations. The commands are specific and usable, and since no sources were provided in the prompt, source faithfulness defaults to being unproblematic."
question_52,copilot-no-tools_gemma4-26b,glm-5.1,"The answer directly addresses the question about the status of the X.509 to OIDC transition, providing the current state (reversion to X.509), reasons (WLCG IAM modifications), and broader context. However, it includes specific claims like ticket number CMSTRANSF-841 and FTS version numbers without citing sources or showing tool output, which triggers the anti-fabrication guardrail—unsupported specifics should score lower than honest vagueness. The general information about the rollback direction is helpful, but an operator cannot verify the specific ticket or version claims provided."
question_53,copilot-no-tools_gemma4-26b,glm-5.1,"The question asks specifically about when Monte Carlo data stopped being sent to CERN tape. The answer directly provides a date (around March 21, 2024), a JIRA ticket reference (CMSTRANSF-864), a direct quote explaining the rationale, and the technical implementation detail (setting wmcore_output_tape to False via Rucio). The answer refers to 'prod output' rather than 'Monte Carlo data' specifically, which is a minor gap — while MC is a subset of production output, the answer doesn't explicitly confirm this applies to Monte Carlo. The specifics appear well-grounded in retrieved JIRA ticket content with a direct quote, suggesting source faithfulness. An operator would have a clear, actionable reference to follow up on."
question_35,copilot-no-tools_gemma4-26b,glm-5.1,"The answer directly addresses file integrity checking with two clear approaches: quick checksum verification via Rucio and in-depth inspection via run_check.py. It provides specific commands, tool usage syntax, key options, and discusses limitations like sampling vs. full-scan and false positives. However, no sources or documentation are cited to ground the specific claims about run_check.py's options and behavior, which the specificity guardrail flags as a concern. Helpfulness is high because an operator could immediately execute the rucio command or use run_check.py based on this answer. Source faithfulness is neutral since no sources were provided or referenced."
question_36,copilot-no-tools_gemma4-26b,glm-5.1,"The answer directly addresses why a rule gets stuck in INJECT state, providing a specific cause (ReplicationRuleCreationTemporaryFailed due to IntegrityErrors from concurrent operations), a concrete ticket reference (CMSTRANSF-1321), and the resolution context. It's relevant and specific with actionable diagnostic information. However, there may be other reasons for INJECT state stalls not covered, slightly limiting completeness. Source faithfulness appears solid given the specific ticket citation and technical details referenced from documentation, though without seeing the original sources, minor uncertainty remains."
question_3,copilot-no-tools_gemma4-26b,glm-5.1,"The question asks specifically about extending a user quota at T2_CN_Beijing and wants a wiki or webpage to follow. The answer distinguishes between site-level and user-level quota, providing a concrete URL for site-level management, but for user-level quota it explains that Rucio policy generally doesn't grant user quotas and suggests contacting DM operations. While this is relevant and cites specific tickets, it doesn't provide the requested wiki/webpage for user quota (likely because none exists). The operator is left needing to contact DM operations without clear contact information, making the answer only partially actionable for the actual question asked."
question_45,copilot-no-tools_gemma4-26b,glm-5.1,"The answer directly addresses the question by explaining the primary use of both Rucio accounts. It provides specific details about which services use each account (WMAgent, MSOutput, MSRuleCleaner), what actions they perform (locking blocks, creating rules), and relevant conditions (temporary until tape archival, one-month duration). This is a concise, well-targeted response with no padding or tangential content."
question_37,copilot-no-tools_gemma4-26b,glm-5.1,"The answer directly addresses both parts of the question (how MSUnmerged works and open issues), earning good relevance. However, the explanation of how it works is surface-level—it mentions information retrieval and WMStatserver integration but skips the core deletion/cleanup workflow mechanics. The ticket reference 'CMSTZ-972' appears without any cited source, which is a concern under the guardrails against unsupported specifics. The helpfulness is moderate: an operator would understand the basic purpose and one dependency risk, but lacks actionable operational details (commands, logs, procedures). Source faithfulness is uncertain since the answer says 'based on available documentation' but never actually cites or quotes sources, and the specific ticket number may be fabricated or misstated."
question_18,copilot-no-tools_gemma4-26b,glm-5.1,"The question asks for the Rucio command to create a container, and the answer provides `rucio container-create <container-name>`, which is the correct basic command. However, the answer includes misleading information about needing to specify contents or rules during creation—in Rucio, containers are created empty and datasets are added separately with `container-add`. The answer acknowledges it has no specific sources ('based on general Rucio command structure'), and the note about specifying contents is unsupported and partially inaccurate. While the core command is correct and actionable, the surrounding advice could confuse an operator."
question_19,copilot-no-tools_gemma4-26b,glm-5.1,"The question asks for the Rucio CLI command to create a rule. The answer attempts to provide a command (`rucio create-rule`) but hallucinates both the command name and its syntax (claiming it takes a YAML file), as it explicitly admits the snippet did not contain this information. In standard Rucio, the correct command is `rucio add-rule`, so the answer provides unsupported specifics that would actively mislead an operator. Because it acknowledges the lack of source support but invents details anyway, it scores very low on source faithfulness and helpfulness."
question_20,copilot-no-tools_gemma4-26b,glm-5.1,"The user asks for the specific command compatible with the new Rucio CLI structure for client version 38. The answer does not provide this; it admits it has no specific information about version 38's CLI changes. Instead, it offers generic advice (run --help) and an example from version 32.3.1 that may not be relevant. While the answer is honest about not having the information (which is better than fabricating), it fails to actually answer the question asked. The workaround suggestions are minimal and require the operator to do all the investigation themselves."
question_38,copilot-no-tools_gemma4-26b,glm-5.1,"The answer directly addresses both parts of the question: PnR Campaign Manager responsibilities and the `partial_copy` parameter. For responsibilities, it provides a structured overview with concrete examples (campaign names, parameter names, repository references). For `partial_copy`, it honestly acknowledges the lack of an explicit definition and provides a reasonable inference based on configuration context, avoiding fabricated specifics. However, the question asked to 'find documentation' and no document location/link is provided, and the `partial_copy` meaning remains inferred rather than definitive, leaving the operator needing further verification."
question_21,copilot-no-tools_gemma4-26b,glm-5.1,"The question asks specifically how to set a quota for an account on a given RSE in Rucio. The answer correctly identifies this is the goal but claims there isn't a direct command available, which is inaccurate—Rucio supports per-account-per-RSE limits via `rucio-admin account limit set` or `client.set_account_limit()`. Instead, the answer provides workarounds (global limits, RSE-level limits, monitoring) that don't solve the specific problem. While the answer is relevant and provides some specific details about related features, it fails to provide the actual solution an operator needs, making it significantly incomplete and minimally helpful for the stated task. Source faithfulness is moderate as the answer seems honest about what it found but may have missed relevant source content or the sources themselves were incomplete."
question_22,copilot-no-tools_gemma4-26b,glm-5.1,"The question asks specifically how to check for incomplete blocks in DAS when a dataset shows 75% block completion. The answer addresses this topic but fails to provide the key actionable information: the specific DAS CLI command or query to list/filter incomplete blocks. Instead, it offers general guidance about using the DAS web interface and cross-referencing with Rucio, which is tangential to the direct question. The JIRA ticket reference 'CMSTRANSF-341' is an unsupported specific claim with no citation. An operator would still need to research the exact DAS commands themselves, making this only a starting point."
question_46,copilot_gemma4-26b,glm-5.1,"The question asks for a specific date when T0_CH_CERN_Tape was disabled for production output. The answer directly addresses this question but acknowledges it cannot provide the exact date, instead offering contextual timing (during the HI run) and referencing specific JIRA tickets with dates. The ticket references and command details provide some specificity, but the core 'when' answer remains vague. The November 2025 date for CMSTRANSF-1265 is questionable (future date, likely a typo or fabrication), raising source faithfulness concerns. An operator would get a starting point from this answer but would still need to investigate the tickets themselves for the actual disabling date."
question_1,copilot_gemma4-26b,glm-5.1,"The answer addresses the general topic of exit code 50513 and provides a structured approach, but it critically fabricates specific JIRA ticket numbers (CMSPROD-324, CMSTZ-865, CMSTZ-824, CMSPROD-218) and quotes error messages that do not appear in the user's provided log. The user's log actually shows SCRAM successfully creating the environment and running PSet setup commands, which contradicts the answer's claim that scramv1 'cannot find or access the specified CMSSW release.' The answer does not analyze the actual error log provided and offers generic CVMFS/architecture advice that, while sometimes relevant to 50513, doesn't engage with the specific failure pattern shown. Unsupported ticket references are worse than honest vagueness per evaluation principles."
question_23,copilot_gemma4-26b,glm-5.1,"The question asks how to find a full gridpack file path, and the answer directly addresses this by providing the CVMFS path structure pattern, a concrete example path, and three practical methods for locating paths (config files, CVMFS browsing, documentation/tickets). The answer is highly relevant and fairly complete for this straightforward question. Specificity is good with the example path and pattern, though the tips include some generic advice like 'search documentation.' Without provided sources to verify against, source faithfulness is scored neutrally as the claims appear reasonable but aren't tied to cited sources."
question_39,copilot_gemma4-26b,glm-5.1,"The question asks about the current policy for HLTSCOUT and L1SCOUT datasets, and the answer directly addresses this with specific details about permanent disk copies, secondary copies with 1-year lifetimes, and the Rucio subscription names managing them. The answer cites a specific document (dm_policies.md with an update date) and provides concrete, actionable details like subscription names (HLTSCOUT_GLOBAL_PERMANENT, L1SCOUT_GLOBAL_PERMANENT, L1SCOUT_US, L1SCOUT_Eurasia) and retention periods. For source faithfulness, the answer references its source document and the claims appear internally consistent, though without direct access to verify the source, I give a slightly conservative score."
question_24,copilot_gemma4-26b,glm-5.1,"The question asks about the status of a Winter 26 campaign. The answer honestly reports that no information was found in available sources, noting that older campaigns (Winter 20, 21, 22) were returned instead. This is relevant and directly addresses the question by explaining the absence of data. It's appropriately honest rather than fabricating details, which is good. However, it's only moderately helpful—it could suggest more concrete next steps like who to contact or where else to look. The specificity is limited by necessity (info not in sources), but it does cite specific older campaigns found, making it a mix of honest vagueness with some concrete context."
question_25,copilot_gemma4-26b,glm-5.1,"The answer directly addresses the question by providing two specific methods to locate workflow logs, covering both the web interface for recent production logs and the file system for WMAgent job logs. It includes highly concrete details such as exact URLs, directory structures, file paths, and state-dependent locations, making it immediately actionable for an operator. Since no sources were provided in the prompt, there is nothing to contradict, so the answer is considered faithful."
question_26,copilot_gemma4-26b,glm-5.1,"The question asks how to access wmagent config, and the answer directly provides the config file path and how to apply changes. However, the specific path `/data/tier0/srv/wmagen/current/config/tier0/config.py` appears to be Tier0-specific, which may not be generalizable to all WMAgent deployments. The answer claims to be 'based on the available documentation' but provides no actual citations or source references for its specific claims. The secrets/certificates section, while related, is tangential to the core question. An operator would find this partially helpful but might be misled if they're not running a Tier0 agent."
question_47,copilot_gemma4-26b,glm-5.1,"The question specifically asks for the *amount* of data deleted, but the answer completely fails to provide any data volumes or sizes, only stating that data was deleted. Additionally, the answer suffers from a severe repetition bug, repeating the IN2P3 ticket (CMSTR_1092) four times with slightly different wording, indicating poor generation quality. Because it misses the core metric requested and provides repetitive, unactionable text, it scores poorly across all dimensions."
question_40,copilot_gemma4-26b,glm-5.1,"The answer directly addresses the question by summarizing the MINIAOD policy change in 2025, covering the legacy policy, the new policy, and providing a clear comparison table. It includes specific details like subscription names (USMiniAOD, MINIOutsideUS, MINIAOD_GLOBAL_PERMANENT) and lifetime values, which adds concreteness. However, the ticket number CMSTRANSF-1198 is presented without any visible source citation or tool output to verify it, raising concerns about unsupported specifics per the evaluation guardrails. Without access to the sources, source faithfulness cannot be fully verified, but the content appears internally consistent and operationally plausible."
question_27,copilot_gemma4-26b,glm-5.1,"The answer directly addresses the Winter26 workflow issues with specific details about the SCRAMScriptFailure error, affected workflows (JME-Run3Winter26GS-00005, TSG-Run3Winter26GS-00013), sites (CERN, FNAL), suspected root cause (pileup configurations), and a JIRA ticket reference (CMSPROD-359). It covers the problem, scope, and suspected cause well, making it fairly complete for a summary. The specificity is strong with concrete workflow names, error types, and ticket references that appear grounded in retrieved sources rather than fabricated. An operator could act on this information to investigate further, though resolution steps aren't provided. Source faithfulness appears good as the answer acknowledges the limits of its documentation and the details seem internally consistent with referenced sources."
question_48,copilot_gemma4-26b,glm-5.1,"The answer directly addresses the user's request for a workflow updater doc but cannot find an exact match, instead offering two alternative documents (debugging.md and Tier0Feeder.md). While relevant, it fails to provide actual links/URLs as requested, only giving document names without paths. An operator would have pointers to potential alternatives but still needs to locate these documents themselves. The answer appears to honestly represent what was found in available sources."
question_41,copilot_gemma4-26b,glm-5.1,"The question asks about the TrustPUSites field for MinBias workflows. The answer directly provides the value (True), cites a specific JIRA ticket (CMSPROD-225), and explains the reasoning — workflows were getting stuck in assigned state because MS-Pileup couldn't see locally available PU when TrustPUSites was False. The answer is highly relevant, complete, and helpful for an operator. For specificity, it provides concrete details (the True value, ticket reference, specific technical explanation), though the JIRA ticket citation cannot be verified from provided sources. Source faithfulness is scored based on internal consistency — the answer claims a source and the explanation is logically coherent with CMS computing operations context, but without the actual source to verify, full confidence isn't possible."
question_42,copilot_gemma4-26b,glm-5.1,"The question asks for the location of the Unified source code. The answer directly addresses this by stating it does not have the exact repository URL from its sources, but provides the closest available information: specific JIRA tickets, node names, and a link to the CMS PNR Getting Started page. It is highly relevant and avoids inventing a Git URL, which makes it trustworthy. It provides specific, actionable details (JIRAs, a documentation URL) grounded in its sources, making it helpful for an operator looking for a starting point."
question_4,copilot_gemma4-26b,glm-5.1,"The answer directly and precisely addresses the prompt by explaining who sets the MergedLFNBase (Submitters like McM/PdmV initially, and the Assignor/Unified during assignment) and how it is set correctly (mapping data types to specific LFN paths). It provides rich, concrete details such as exact LFN paths, specific workflow names, and the workflow status involved, making it highly actionable for an operator. The response appears deeply grounded in the referenced ticket details, showing no signs of unsupported claims or internal contradictions."
question_6,copilot_gemma4-26b,glm-5.1,"The question asks for summaries of both CMSDM and CMSTRANSF activity for 2025, but the answer provides detailed information only on CMSDM (Rucio) while completely omitting any substantive content about CMSTRANSF (FTS). Additionally, the specificity is undermined by unsupported and inconsistent claims—the text states 'over 10,000 events processed in the analyzed sample' while the table lists ~1.7M for Data Rebalancing alone, with no tool outputs, citations, or verifiable sources provided to ground these numbers. An operator seeking CMSTRANSF information would find nothing useful here, and the CMSDM numbers cannot be trusted without supporting evidence."
question_7,copilot_gemma4-26b,glm-5.1,"The answer addresses the question by explaining both conditions in the if statement, but includes unsupported specific claims like JIRA ticket numbers (CMSPROD-359 and the suspicious-looking CMSPROD-3ly) without any verifiable citations. The explanation of AAA as 'authentication or authorization flag related to AAA/SSO' is speculative and likely incorrect—AAA in CMS context refers to Any Data, Anytime, Anywhere (a data access model). The incident context, while somewhat relevant, is tangential to what the code line does. Following the guardrail that unsupported specifics are worse than honest vagueness, the fabricated-looking ticket numbers and speculative explanations lower the specificity and helpfulness scores."
question_5,copilot_gemma4-26b,glm-5.1,"The answer directly addresses the question by providing the specific rucio commands used in the JIRA ticket CMSTRANSF-1316. It identifies two operations (detaching a block from a dataset and from a file set) and gives complete, syntactically plausible commands with full dataset paths and block GUIDs. The answer explicitly cites the 'Done' section of the ticket as its source, which grounds the specific details. An operator could copy and execute these commands directly, making this highly actionable."
question_8,copilot_gemma4-26b,glm-5.1,"The answer directly addresses the question by listing specific open tickets and providing their context, making it highly relevant and complete. However, the answer provides specific ticket numbers and site names without any accompanying citations, tool output, or documentation references. According to the critical guardrail, unsupported specifics must score lower than honest vagueness, resulting in a low specificity score. An operator could still use these ticket numbers to search in JIRA, making it helpful, though they would need to verify the unsupported claims first. Source faithfulness is scored neutrally since no sources were provided in the prompt to verify internal consistency against."
question_28,copilot_gemma4-26b,glm-5.1,"The answer directly addresses the PnR policy and breaks down operations and requests by different parties (Users, DM Ops, Sites, CompOps), making it highly relevant and reasonably complete. However, it provides highly specific operational parameters (e.g., 50TB thresholds, 14-day expiration, 5TB limits, specific Rucio flags) without citing any sources or tool outputs to back them up. Per the critical guardrail, unsupported specifics are worse than honest vagueness because they may be fabricated, which heavily penalizes the specificity score. Because an operator cannot safely act on these uncited numbers without independent verification, helpfulness is reduced, and source faithfulness is low due to the extensive claims lacking any evidentiary support."
question_10,copilot_gemma4-26b,glm-5.1,"The answer directly and precisely addresses the question by outlining a clear, step-by-step procedure for creating a Tier0 release. It provides highly specific and actionable details, such as the exact repositories to use (dmwm/T0, cms-sw/cmsdist), the file to modify (t0.spec), and the specific team to contact for a force-merge (WMCore developers). This allows a CMS computing operator to act on the instructions immediately. Since no explicit source text was provided in the prompt, source faithfulness is evaluated based on the internal consistency and the specific, plausible terminology used in the answer, which shows no signs of contradiction."
question_49,copilot_gemma4-26b,glm-5.1,"The question asks when wma_prod copies were reduced from 2 to 1, and the answer directly provides a specific date range (Feb 17-19, 2025) along with a detailed timeline of the batch deletions, all attributed to a cited JIRA ticket (CMSTRANSF-1080). The answer also gives enriching context about the reason (disk space shortages at FNAL and other US sites) and the method (deleting container-level Rucio rules while keeping block-level rules). The specifics are concrete—dates, PB amounts, site names, and technical details—all attributed to the cited source, making this a thorough and actionable response."
question_50,copilot_gemma4-26b,glm-5.1,"The question asks specifically about WHEN (a date or timeframe) FTS enabled the overwrite-on-buffer feature for CMS. The answer explains what the feature is and how to configure it, but completely fails to address the 'when' aspect — no date, timeframe, or release version is provided. While the answer contains some specific details like configuration attribute names and a ticket number (CMSTRANSF-821), the ticket reference lacks source citation, and the core information requested (the timing) is entirely absent. This makes the answer largely irrelevant to what was actually asked, with significant completeness gaps and minimal helpfulness for an operator who needs to know when this feature was enabled."
question_11,copilot_gemma4-26b,glm-5.1,"The answer directly addresses how to deploy a Tier 0 replay with a comprehensive, step-by-step procedure covering prerequisites, configuration updates, deployment (both automated and manual), and starting/verifying the replay. It provides highly specific, actionable details including exact file paths, wget URLs, shell commands, and deployment script stages. The specificity is strong with concrete commands and paths like `/data/tier0/00_deploy_replay.sh` and `ReplayOfflineConfiguration.py`, though these lack formal source citations beyond the general reference to 'available documentation.' For an operator, this answer would be immediately actionable if accurate, making it very helpful. Source faithfulness is assessed as reasonable given the answer references real GitHub repositories and internally consistent procedures, though without explicit citations some claims cannot be fully verified against sources."
question_29,copilot_gemma4-26b,glm-5.1,"The answer directly addresses both aspects of the question—site readiness and downtime status—and connects them to production ticket references. It provides specific indicators like RSE availability checks, the `skip_site_availability_update` attribute, and FTS vs. Rucio metrics, along with ticket citations (CMSDM-258, CMSDM-278, CMSTRANSF-689) and availability percentage thresholds. However, it lacks concrete "
question_30,copilot_gemma4-26b,glm-5.1,"The answer directly addresses the question by explaining that a rule stays in REPLICATING if it hasn't reached the failure threshold (3+ failed attempts) required to switch to STUCK. It also helpfully clarifies a likely user misconception by specifying that the two-week period applies to the STUCK-to-SUSPENDED transition, not REPLICATING-to-STUCK. The answer provides concrete, actionable details (3+ failures for STUCK, 2 weeks for SUSPENDED) that would allow an operator to accurately assess rule states, and it appears faithful to standard Rucio documentation concepts."
question_31,copilot_gemma4-26b,glm-5.1,"The answer directly addresses the three terms asked about, correctly inferring their general purpose (schedulers for different domains) based on naming conventions and related search results. However, it fails to provide the specific technical differences between them because the retrieved sources did not contain this information. It is honest about its limitations, avoiding unsupported specifics, which makes it faithful to sources but low on specificity and only partially complete."
question_12,copilot_gemma4-26b,glm-5.1,"The question asks how to create rules using local account quota for T2_CH_CERN, mentioning the local users table. The answer addresses the prerequisite steps (e-group management, CRIC/Rucio sync) but doesn't provide the actual Rucio commands or detailed process for creating rules with local quota—it focuses on setup rather than the core action. Specific ticket numbers and e-group names are provided, but the claims about what those tickets say aren't directly substantiated with quoted source content. An operator would get a starting point but would still need significant investigation to actually create rules."
question_32,copilot_gemma4-26b,glm-5.1,"The answer attempts to address both parts of the question (who controls staged→acquired transitions, and how it can fail), but suffers from terminology confusion—mixing Rucio transfer states (staging/ready/active) with what appears to be PhEDEx dataset states (staged/acquired). Specific claims like 'CMSPROD-267' and mentions of 'broken CERN tapes' and 'JINR' are presented without any citations or source references, triggering the guardrail that unsupported specifics are worse than honest vagueness. The failure modes listed are somewhat useful but generic, and the actionable guidance for an operator is limited—mentioning 'manual intervention' without clear steps or criteria."
question_13,copilot_gemma4-26b,glm-5.1,"The question asks how to use DAS (Data Aggregation Service) to find a dataset block name from a lumilist (run 398420, lumi 550-700). The provided DAS query examples clearly show syntax like `block dataset=<name> run=<number>` or `run between [x,y]` for this purpose. However, the answer completely ignores DAS and instead explains how to parse JSON using `jq` and Python, which is entirely off-topic. It also invents a different JSON structure (""LumiDB"" with run 394484) that doesn't match the user's input. This answer would actively mislead an operator."
question_43,copilot_gemma4-26b,glm-5.1,"The question asks why overwrite is not enabled for tape transfers. The answer directly addresses this by explaining it's a configuration choice to prevent accidental data loss, and then provides detailed context about how this becomes problematic with corrupt files. It includes specific JIRA ticket references, site names, error messages, commands, and workarounds, making it highly specific and actionable. The answer acknowledges there isn't a single architectural reason stated in sources, which is honest and faithful to what the sources likely contain."
question_14,copilot_gemma4-26b,glm-5.1,"The user asks how to get lumi ranges for specific CMS files found via dasgoclient. The most direct and standard answer would be using dasgoclient itself with a lumi query (e.g., 'dasgoclient -query ""lumi file=...""'), which is completely absent. The OMS API suggestion gives run-level luminosity, not file-level lumi ranges, so it doesn't answer the question. The ROOT inspection code has a typo ('Run202sG'), doesn't actually extract lumi ranges (just a skeleton saying 'this is illustrative'), and doesn't use the correct CMS EDM framework (fwlite/edm utilities) for accessing lumi info from RAW files. The unsupported ticket reference 'CMSTZ-798' with no citation is a red flag."
question_33,copilot_gemma4-26b,glm-5.1,"The answer directly addresses all three parts of the question: what Production Output activity is, how rules are created, and where output is written. It provides concrete details like tool names (Rucio, WMCore), configuration attributes (wmcore_output_tape, disk_node, tape_node, archival_node), and example sites (T1_US_FNAL_Tape, T1_UK_RAL_Disk). However, the answer claims to be 'based on available documentation and JIRA tickets' without actually citing or quoting any specific sources, which slightly hurts specificity and source faithfulness. The content appears internally consistent and reflects plausible CMS computing knowledge, but without explicit source references, some claims cannot be fully verified for faithfulness."
question_2,copilot_gemma4-26b,glm-5.1,"The answer directly addresses the Tier-0 operator's question about reprocessing runs with available streamers, providing a structured replay procedure with specific technical details (paths, script names, configuration methods). It covers verification, configuration, and execution steps. However, it lacks concrete examples of how to actually deploy and run the HelperAgent (e.g., exact commands or config file syntax), leaving a gap in execution detail. Specificity is good with named paths and methods, but some claims (like the 7-day retention and specific method names) are presented without explicit source citations, making full faithfulness hard to confirm."
question_34,copilot_gemma4-26b,glm-5.1,"The answer directly addresses both parts of the question: what Rucio probes are (automated Python scripts for health checks) and how they're used for monitoring (via Prometheus Pushgateway/Grafana and Nagios). It provides concrete specifics like the `rucio/probes/` directory, Jobber scheduler, and a specific probe name `rucio_probes_transfer_queues_status`, though some of these lack explicit citations. The answer is well-structured and would give an operator a solid understanding of the probe ecosystem. Without seeing the actual retrieved sources, the answer appears internally consistent and grounded in plausible technical details about Rucio's architecture."
question_15,copilot_gemma4-26b,glm-5.1,"The question asks for the CLI command to view Rucio rule details, and the answer directly provides the correct command `rucio rule-info <rule_id>` along with expected output details and a helpful tip for finding rule IDs. The answer is concise, accurate, and fully addresses the question without unnecessary padding. There are no retrieved sources to evaluate for faithfulness, and the information provided is standard Rucio CLI documentation."
question_44,copilot_gemma4-26b,glm-5.1,"The answer directly addresses whether staging a single raw file from tape is possible (yes), and explains the mechanisms (Rucio, FTS) with useful context about dataset-level optimization. However, it lacks the actual commands or step-by-step procedure an operator would need to execute the task, offering only high-level guidance like 'use Rucio to trigger a replication.' The JIRA ticket references (CMSTRANSF-1076, CMSTRANSF-822) are specific but presented without clear source citations, raising concerns about unsupported specifics versus honest vagueness. An operator would have a starting direction but would need significant additional investigation to actually stage the file."
question_51,copilot_gemma4-26b,glm-5.1,"The question asks specifically for the wmagent training document URL and title, but the answer provides a WMAgent-monitoring document instead, which is a different resource. The answer honestly acknowledges it couldn't find the specific training document, which is better than fabricating a link, but it still fails to answer the actual question. An operator looking for training documentation would not be helped by being pointed to a monitoring page. The answer is faithful to its sources in admitting the training document wasn't found and providing the closest match it had."
question_16,copilot_gemma4-26b,glm-5.1,"The answer directly addresses the question by providing DAS query formats for the specified run and dataset, which is highly relevant. However, there's a typo in the URL where 'RAW' becomes 'RAw' (lowercase w), which would cause the query to return incorrect or no results. Additionally, the CLI query syntax uses '&' which is a URL parameter separator, not standard DAS query syntax (typically a space is used). No sources or citations are provided to support the claims. An operator could get a starting point but would need to debug the typo and potentially the syntax."
question_17,copilot_gemma4-26b,glm-5.1,"The question asks for a Rucio command to see block locations. The answer provides `rucio find-block <block_name>` but undermines its own credibility by stating that the available sources primarily discuss rule management commands, not `find-block`. This suggests the command may be fabricated rather than sourced. In standard Rucio CLI, the typical command to see block replica locations would be something like `rucio list-dataset-replicas` or similar, not `find-block`. Providing an unsupported specific command is worse than honest vagueness per the evaluation guidelines, as it could send an operator down a dead end trying a non-existent command."
question_52,copilot_gemma4-26b,glm-5.1,"The answer directly addresses the question about X.509 to OIDC transition status, covering the reversion decision and ongoing mapping challenges. However, the references are internally inconsistent—two different JIRA ticket identifiers (CMSTRANSF-8CA1 and CMSDM-213) both point to the same GitHub issue URL (#712), which is a strong signal of potentially fabricated ticket numbers. The JIRA key format 'CMSTRANSF-8CA1' also looks non-standard. Per the guardrail principle, these unsupported specifics are worse than honest vagueness because they could mislead an operator trying to look up these tickets. The general narrative may be directionally accurate, but the specific claims lack trustworthy support."
question_53,copilot_gemma4-26b,glm-5.1,"The question asks specifically when Monte Carlo data stopped being sent to CERN tape. The answer directly provides a date (March 2024, specifically 2024-03-21), references a specific JIRA ticket (CMSTRANSF-864), explains the technical change (setting wmcore_output_tape to False), and gives the rationale. This is a concise, targeted answer that covers the 'when' precisely and adds valuable context. The details appear grounded in a cited JIRA ticket rather than fabricated. Source faithfulness is slightly uncertain since I cannot verify the actual sources provided to the model, but the answer explicitly references its source and the details are consistent with what a JIRA ticket would contain."
question_35,copilot_gemma4-26b,glm-5.1,"The answer directly addresses file integrity checking with two relevant methods for the CMS CompOps context: basic checksum verification via Rucio and deep scanning via run_check.py. It provides concrete command examples, tool names, flag explanations, and a helpful comparison table. The specificity is strong with actual command syntax and options, though no explicit citations are given for the tool details. The answer is highly actionable—an operator could immediately use the rucio command or run_check.py with the provided syntax. Source faithfulness is assessed as reasonably good since the tools and commands mentioned align with known CMS computing ecosystem tools, though without seeing the actual retrieved sources, some uncertainty remains."
question_36,copilot_gemma4-26b,glm-5.1,"The answer directly addresses why a rule gets stuck in INJECT state, providing two specific causes (concurrent operations/integrity errors and stalled deletions) with a concrete error message and ticket reference. It is highly relevant, covers the question well, and provides actionable details an operator could use to diagnose the issue. Source faithfulness appears strong as the answer cites specific sources (ticket CMSTRANSF-1321) and the claims are internally consistent with the cited error message."
question_3,copilot_gemma4-26b,glm-5.1,"The question asks how to extend a user quota at T2_CN_Beijing in Rucio and whether there's a wiki or application webpage. The answer directly addresses this by clarifying the distinction between site capacity (which has a webpage) and individual user quotas (which don't have a direct application), providing a concrete URL for site capacity management, citing specific tickets (CMSDM-44, CMSTRANSF-946), and offering actionable next steps including contacting DM operations. The answer is specific with URLs, ticket references, and a Rucio command, though some ticket quotes cannot be verified from this reference-free context. It provides a clear path forward for the operator even while explaining that user quotas aren't typically granted through an automated process."
question_45,copilot_gemma4-26b,glm-5.1,"The question asks about the primary uses of two specific Rucio accounts, and the answer directly addresses both with clear, specific explanations. For wma_prod, it identifies WMAgent as the user, explains the locking mechanism, and notes the temporary nature of the rules. For wmcore_output, it identifies MSOutput as the user and specifies the one-month disk placement duration. The answer is concise without padding, and the specific details (service names, rule purposes, durations) appear well-grounded rather than fabricated."
question_37,copilot_gemma4-26b,glm-5.1,"The answer directly addresses both parts of the question: how MSUnmerged works and open issues affecting it. It provides specific technical details like JIRA ticket references (CMSTZ-972, CMSDM-334), system components (WMStatsServer, RucioConmon), and configuration concerns (PromptReco paths, T1/T0 handling). However, some specificity claims like ticket numbers and implementation statuses lack visible source citations, which slightly reduces confidence. Without access to the original sources, source faithfulness is uncertain, but the answer appears internally consistent and references documentation and JIRA tickets as its basis."
question_18,copilot_gemma4-26b,glm-5.1,"The question asks for a specific Rucio command to create a container. The answer acknowledges it couldn't find the explicit command in the sources, which is honest, but it fails to provide the actual command the user requested. It provides context about what Rucio containers are and mentions related concepts like rules and insertContainerRules(), but these don't directly answer how to create a container via CLI. The answer is relevant to the topic area but incomplete and not specifically actionable for the operator's immediate need. Source faithfulness is high because the answer transparently reports what was and wasn't found in the documentation rather than fabricating a command."
question_19,copilot_gemma4-26b,glm-5.1,"The question asks specifically for the Rucio CLI command to create a rule. The answer acknowledges the sources don't contain this command, makes a reasonable inference that it's `rucio add-rule`, and provides useful context about required parameters. However, it cannot provide the confirmed command with full syntax, leaving the operator without a definitive answer. The answer is honest about source limitations but this means completeness and specificity suffer."
question_20,copilot_gemma4-26b,glm-5.1,"The question asks for the specific command compatible with Rucio client version 38's new CLI structure. The answer acknowledges the CLI structure changed but fails to provide the actual new command format, instead offering only a workaround (using --help to discover it). While the diagnostic commands are concrete, the core request is unmet — the user wanted to know what the new commands look like, not just how to find them. The answer is honest about its limitations rather than fabricating specifics, which is a positive, but this doesn't compensate for the significant gap in answering the actual question."
question_38,copilot_gemma4-26b,glm-5.1,"The answer directly addresses both parts of the question: PnR Campaign Manager responsibilities and the meaning of `partial_copy`. It provides specific JIRA ticket references, configuration values, and tool names, making it actionable for an operator. However, there's a concerning typo in one ticket reference (`PRCAMPAITGNS-151` instead of `PRCAMPAIGNS-151`), which raises questions about accuracy of the citations. The answer honestly acknowledges that no single formal job description exists for the Campaign Manager role, which is appropriate. Without access to the actual retrieved sources, source faithfulness is harder to assess, but the answer does attempt to ground claims in ticket references."
question_21,copilot_gemma4-26b,glm-5.1,"The answer addresses the question by stating that a direct command for setting per-account, per-RSE quotas isn't documented in the provided snippets, then offers related alternatives like global quotas and RSE limits. However, in Rucio, setting an account limit on a specific RSE is a standard feature (e.g., via `set_account_limit`), so the answer's claim that it might not be standard configuration is factually incorrect and misleads the operator. While it provides specific commands and code snippets for the workarounds, these do not solve the actual task, making the answer minimally helpful for making real progress. Source faithfulness is rated high assuming the answer accurately reflects the limited snippets it was given, though it makes an unsupported leap by assuming the feature doesn't exist just because it wasn't in the snippets."
question_22,copilot_gemma4-26b,glm-5.1,"The answer is directionally relevant, correctly identifying Rucio as the tool to check block completion, but the specific commands provided don't directly solve the stated problem of identifying which blocks are incomplete. The `rucio ls dataset` command lists blocks but doesn't show per-block completion status, and `rucio list-space` checks space usage, not block completeness. More critically, the answer cites specific JIRA ticket numbers (CMSTRANSF-341, CMSTRANSF-366) with claims about their content, which appear to be unsupported/fabricated references — violating the guardrail that unsupported specifics are worse than honest vagueness. An operator would get the general idea (use Rucio) but would still need to research the exact commands to identify incomplete blocks."
question_46,rag-only_gemma4-26b,glm-5.1,"The question asks for a specific date when T0_CH_CERN_Tape was disabled. The answer directly addresses this by stating the context doesn't contain that specific date, but provides the closest available information: a ticket from 2023-11-24 mentioning the disablement during an HI run. This is honest about the limitation rather than fabricating a date, which aligns with the evaluation principles. The answer is relevant but incomplete since it cannot provide the exact date. It offers some specificity (ticket date, HI run context) but not the actual disablement date. For helpfulness, an operator gets a starting point (the ticket to investigate) but would need to do more research. Source faithfulness is high as the answer accurately conveys what is and isn't available in its sources."
question_1,rag-only_gemma4-26b,glm-5.1,"The question asks for guidance on debugging exit code 50513 (SCRAMScriptFailure) with detailed error logs provided. The answer is a refusal stating that its retrieved context doesn't contain relevant information. While the refusal acknowledges the specific error code, it provides zero actionable guidance — not even general debugging approaches for SCRAM script failures. The answer is honest about its lack of source material, which is faithful, but it completely fails to help the operator. The error log in the question itself contains clues (scram arch mismatch between cc8_amd64_gcc9 in the path and el8_amd64_gcc12 in the setup, CMSSW_15_0_18 version issues) that could have been analyzed even without external sources."
question_23,rag-only_gemma4-26b,glm-5.1,"The question asks how to find the full gridpack file path, and the answer directly provides the specific location within the configuration (the 'args' parameter of 'ExternalLHEProducer') along with a concrete example path. This accurately and completely addresses the user's question without unnecessary filler. The information is actionable and grounded in the provided context, making it highly useful for an operator."
question_39,rag-only_gemma4-26b,glm-5.1,"The question asks for the current policy on HLTSCOUT and L1SCOUT datasets. The generated answer explicitly states that it lacks the information to answer the question, offering an honest refusal instead of inventing data. While this acknowledges the user's query, it fails to provide any of the requested policy details, making it incomplete and entirely non-specific. It is only minimally helpful as it offers no alternative path forward for the operator."
question_24,rag-only_gemma4-26b,glm-5.1,"The question asks for the status of the Winter 26 campaign. The answer directly acknowledges the question but states that no information is available in the provided context. This is an honest refusal rather than invented data, which is preferable per the guidelines. However, it provides no alternative guidance on where to find this information, making it minimally helpful. The answer is relevant in that it addresses what was asked, but it cannot provide completeness or specificity since no source information exists. It is faithful to its sources by not fabricating information."
question_25,rag-only_gemma4-26b,glm-5.1,"The question asks where to find full logs for a workflow, and the answer provides three concrete methods: EOS recent logs with a specific URL and directory structure, wmagentJob.log file locations with exact paths depending on job status, and LogCollect archived logs. The answer is highly relevant and directly addresses the question. It provides specific, actionable details like URLs and file paths, though no explicit sources or citations are referenced to ground these claims. For source faithfulness, since no sources are cited, the specific paths and URLs cannot be verified against any retrieved content, which is a concern given the guardrails about unsupported specifics."
question_26,rag-only_gemma4-26b,glm-5.1,"The question asks how to access the wmagent config, and the answer provides two concrete methods: direct file paths and an environment variable approach after sourcing env.sh. The answer is highly relevant and specific, giving exact paths and commands an operator can use immediately. The answer references 'the context' suggesting source grounding, and all claims appear consistent with typical WMAgent deployment structures."
question_47,rag-only_gemma4-26b,glm-5.1,"The question asks about data deleted in the 2025 deletion campaign(s). The answer directly addresses this by listing three distinct 2025 campaigns with specific data amounts and ticket numbers. It is highly relevant and specific with concrete GB/TB/PB values and CMSTRANSF ticket references. Completeness is slightly less than perfect because the question implies a singular 'the' campaign, and no aggregated total is provided across all 2025 campaigns. Helpfulness is strong—an operator can immediately reference the ticket numbers for more detail. Source faithfulness appears high as the answer explicitly references 'the provided context' and cites ticket numbers tied to specific data figures."
question_40,rag-only_gemma4-26b,glm-5.1,"The answer directly addresses the MINIAOD policy change in 2025, providing a clear before-and-after comparison of the storage policy, specific subscription names, implementation details, and scope extension to other datasets. It is highly relevant and complete for a summary question. Specificity is strong with concrete subscription names and lifetime values, though no explicit source citations are provided. The information appears internally consistent and actionable for an operator. Without access to the original sources, source faithfulness is assessed as likely high given the coherent and plausible details aligned with CMS computing operations conventions."
question_27,rag-only_gemma4-26b,glm-5.1,"The question asks about Winter26 workflows, but the answer correctly identifies that no information about Winter26 exists in its sources and provides details about Winter24 instead. This is an honest acknowledgment of missing information rather than fabrication, which is good per the guardrails. However, the answer doesn't address the actual question asked—it addresses a different campaign year entirely. The specific details provided (workflow names, sites, memory requirements) are about Winter24, not Winter26, so they don't help an operator seeking Winter26 information. Source faithfulness is high because the answer accurately represents what its sources contain and don't contain."
question_48,rag-only_gemma4-26b,glm-5.1,"The question asks for a specific link to the 'workflow updater doc.' The answer honestly states that the provided context does not contain this specific link, which is better than fabricating one. It then offers two related links that might be useful as alternatives. The answer is relevant to the question and faithful to its sources, but it cannot fully complete the request since the specific document isn't available. The provided alternative links are concrete and actionable, making the answer somewhat helpful even though it doesn't deliver exactly what was asked."
question_41,rag-only_gemma4-26b,glm-5.1,"The question asks what the TrustPUSites field should be set to for minbias workflows. The answer correctly identifies the field name (interpreting the user's typo), cites a specific ticket, explains the problem when set to False, and implies the solution. However, it stops short of explicitly stating the recommended value (True), saying only 'should not be set to False,' which requires a small inference by the operator. The answer is specific with a ticket reference and concrete behavior explanation, but lacks the direct actionable recommendation."
question_42,rag-only_gemma4-26b,glm-5.1,"The generated answer is an honest refusal due to a lack of context. It acknowledges the topic ('Unified source code') but fails to provide any actual information, making it mostly off-topic in terms of providing an answer (Relevance 2) and entirely incomplete (Completeness 1). It provides no actionable details or guidance (Specificity 1), making it only minimally useful to an operator who is stuck without next steps (Helpfulness 2). However, because the model honestly admits the absence of information in its context rather than fabricating details, it is highly faithful to its available sources (Source Faithfulness 5)."
question_4,rag-only_gemma4-26b,glm-5.1,"The question asks about CMSPROD-368 and who/how MergedLFNBase is set correctly. The answer directly addresses both parts: it identifies the actors (McM/PdmV at creation, Unified at assignment), explains the correct values by data type with specific paths (/store/mc, /store/data, /store/results), and references the specific issue from the ticket. The information is concrete and actionable, providing both the general mechanism and the resolution context from the ticket. Source faithfulness is slightly conservative since the answer references ticket details without direct quotes, but the claims appear internally consistent and specific."
question_6,rag-only_gemma4-26b,glm-5.1,"The answer directly addresses the question by covering both CMSDM and CMSTRANSF for 2025. It reports the only activity found (CMSTRANSF-1130, a test entry) and explicitly states no CMSDM data was available, which is honest and complete given the context limitations. The specificity is good—it provides the exact ticket number, date, and description—but the content itself is minimal since the only entry is a test. The answer is faithful to its sources, citing 'the provided context' and not inventing any unsupported claims."
question_7,rag-only_gemma4-26b,glm-5.1,"The question asks about the functionality of a specific code snippet in WMCore. The answer honestly states that the provided context doesn't contain information about this code, which is an accurate reflection of its limitations. While this is better than fabricating an explanation, it provides zero information about the code's functionality, no alternative suggestions, and no path forward for the operator."
question_5,rag-only_gemma4-26b,glm-5.1,"The question asks for Rucio commands from a specific JIRA ticket. The answer honestly states it doesn't have access to the ticket content and therefore cannot provide the commands. This is relevant and faithful to its lack of sources, but it completely fails to provide the requested information. Per the evaluation principles, honest vagueness is preferred over fabrication, which benefits source faithfulness, but the answer offers no alternative guidance or suggestions for how the operator might find the information themselves."
question_8,rag-only_gemma4-26b,glm-5.1,"The question asks specifically about open tickets for Russian T2 decommissioning. The answer directly states there is no information about such tickets in the provided context, and helpfully lists what decommissioning-related tickets do exist (for sites in Taiwan, France, Croatia, and the US). This directly addresses the question, is complete for a yes/no inquiry, provides specific site names from the sources, and would let an operator conclusively know no such ticket exists in current data. The answer appears faithful to its sources by explicitly noting it's 'based on the provided context.'"
question_9,rag-only_gemma4-26b,glm-5.1,"The answer directly addresses the question about repeated topics in the specified ticket range by reporting what it found in its context. It identifies only two tickets exist in the range, provides their summaries, and logically concludes no repeated topics can be identified. The answer is relevant and specific with concrete ticket numbers and summaries. However, it's only moderately helpful because the range CMSTRANSF-1059 to 1400 should contain ~342 tickets, yet only 2 were found - the answer doesn't acknowledge this discrepancy or suggest where to find the missing data. Source faithfulness appears reasonable as the answer explicitly references 'provided context' and reports verifiable ticket details."
question_28,rag-only_gemma4-26b,glm-5.1,"The question asks broadly about the current PnR policy for operations and addressing requests by different parties. The answer honestly acknowledges that the provided context lacks a comprehensive PNR policy document, but extracts two relevant pieces: PNR Dashboard monitoring operations and tape recall request policy. It stays on-topic but cannot fully answer due to source limitations. The specificity is a mix of concrete details (CRAB task, crab_tape_recall, PNR Dashboard) and honest vagueness where sources are lacking. An operator would get partial information but need significant additional research for a complete picture. Source faithfulness is strong as the answer transparently acknowledges gaps rather than fabricating details."
question_10,rag-only_gemma4-26b,glm-5.1,"The answer directly and comprehensively addresses how to create a new Tier0 release, covering preparation, environment setup, the release/PR process, and post-release tasks. It provides rich concrete details including specific VM names (vocms055), e-groups (cms-comp-devs), git commands with branch names, specific files to modify (t0.spec), TWiki links, and deployment variables (TIER0_VERSION, DEPLOY_TAG). The answer explicitly references documentation sources and provides actionable step-by-step guidance that an operator could follow. Without access to the original retrieved sources, source faithfulness is assessed at 4 due to the answer's claim of being documentation-based and internal consistency, though minor extrapolations may exist."
question_49,rag-only_gemma4-26b,glm-5.1,"The question asks for a specific date when wma_prod copies were reduced from 2 to 1. The answer directly addresses this by stating the provided sources contain no mention of such a change, which is an honest and relevant response. However, while it explains what the sources do contain (some related but tangential information), it cannot actually answer the core question due to lack of information. The answer is appropriately honest about not having the specific data rather than fabricating details, and appears faithful to its sources by not making unsupported claims."
question_50,rag-only_gemma4-26b,glm-5.1,"The question asks for a specific date when FTS enabled the overwrite-on-buffer feature for CMS. The answer directly addresses this by explaining that the sources don't contain the actual enablement date, but does provide the closest available information: a February 2024 discussion where it was planned for 'a few months' out. This is honest and relevant but cannot fully satisfy the question. The answer is faithful to its sources by not fabricating a date and accurately conveying the limitation, which is better than inventing unsupported specifics."
question_11,rag-only_gemma4-26b,glm-5.1,"The answer directly addresses the question with a clear, step-by-step procedure for deploying Tier 0 replay. It provides highly specific and actionable details including exact URLs, file paths, commands (wget, cp, runningagent | wc -l), deployment script location (/data/tier0/00_deploy_replay.sh), and the start_agent alias. An operator could execute these steps immediately. The answer references 'provided documentation' but since I cannot verify against the actual sources, source faithfulness is scored conservatively based on internal consistency."
question_29,rag-only_gemma4-26b,glm-5.1,"The answer directly addresses both components of the question, providing the exact URL for the site readiness report and identifying the specific systems (EGI, OSG, gocdb) for downtime status. It is highly specific, offering concrete, actionable details rather than vague advice, which allows an operator to immediately check the statuses. The answer explicitly states it is based on the provided context and contains precise facts typical of faithful extraction."
question_31,rag-only_gemma4-26b,glm-5.1,"The question asks for the differences between three specific schedd types in CMS computing. The answer honestly acknowledges that the provided context doesn't contain this information, only noting that Tier-0 Schedd is mentioned in relation to manifests and Hiera files. While the answer is relevant in that it addresses what was asked, it cannot provide the actual differences due to lack of source information, making it incomplete and minimally helpful. However, the answer scores high on source faithfulness because it accurately represents what the sources contain rather than fabricating specifics."
question_12,rag-only_gemma4-26b,glm-5.1,"The question asks specifically how to create rules using local account quota for T2_CH_CERN with the t2_ch_cern_local_users account. The answer honestly acknowledges that the context lacks specific instructions for this account, then provides the closest related information: the relevant e-group (cms-CH_CERN-local), notes about quota requirements for rule creation, and ticket references. It doesn't fabricate a procedure that isn't supported, which is good. However, it cannot provide the actual step-by-step process the user needs, making it incomplete. The ticket numbers and e-group names are specific and useful starting points, but the core 'how-to' is missing."
question_32,rag-only_gemma4-26b,glm-5.1,"The question asks specifically about the 'staged to acquired' transition and how it can fail. The answer honestly notes that 'acquired' isn't in the provided context, which is better than fabricating information. However, it then pivots to describing a different transition (STAGING→STARTED), which is only tangentially related to what was asked. The specific detail about the QoS daemon is useful, but the explanation for how it goes to FAILED is vague ('depending on the outcome'). The answer fails to address the core question about staged→acquired, making it largely off-topic, though it earns some credit for honesty about source limitations."
question_13,rag-only_gemma4-26b,glm-5.1,"The question asks how to get a dataset block name from a lumilist (which includes run=398420 and lumi range 550-700) using DAS. The generated answer provides a two-step approach (find dataset by run, then find block by dataset) but has significant issues: it incorrectly extracts the run number as 39245 instead of 398420, uses incorrect DAS syntax (space instead of '='), and completely omits how to use the lumi range information. The DAS documentation clearly shows syntax like 'block dataset=<name> run=<run>' and 'file dataset=<name> run=<run> lumi=<lumi>', which would be more direct. The answer is partially relevant but contains incorrect specifics and misses key information."
question_43,rag-only_gemma4-26b,glm-5.1,"The answer directly addresses the question by explaining that the lack of overwrite for tape transfers is a policy-driven decision based on tape efficiency and avoiding masking underlying problems. It is highly complete, covering the core reasons and mentioning a specific exception (overwrite-when-only-on-disk). The answer provides concrete, actionable details like the ticket number CMSTRANSF-567, specific sites (FNAL), systems (FTS), and configuration parameters, and importantly grounds these specifics in a cited source to avoid unsupported claims. This level of detail makes it very helpful for an operator to understand the rationale and know that manual investigation is expected for mismatches. Without access to the original sources, source faithfulness is evaluated as high since the answer explicitly ties its specific claims to the provided documents without internal contradiction."
question_14,rag-only_gemma4-26b,glm-5.1,"The generated answer is a direct refusal based on a lack of context, meaning it fails to answer the user's question about retrieving lumi ranges. Consequently, it scores the minimum on relevance, completeness, specificity, and helpfulness, as it provides no actionable information or guidance. However, it scores high on source faithfulness because it honestly admits the lack of information in its context rather than inventing a false answer."
question_33,rag-only_gemma4-26b,glm-5.1,"The answer directly addresses all three parts of the question: it describes the Production Output activity (MSOutput creating rules, Rucio subscriptions), explains how rules are created, and specifies where output is written (disk_node, tape_node for Tier-1, archival_node for CERN). The details are concrete and specific (tool names, node types, duration of one month). The answer references 'provided context' suggesting grounding in sources, though the description of what Production Output activity actually IS could be more thorough - it jumps to rule creation details without fully explaining the overall activity concept."
question_2,rag-only_gemma4-26b,glm-5.1,"The answer directly addresses the operator's question about reprocessing runs when streamer files are available, providing two key initial steps. However, it's incomplete - it mentions file invalidation needs to happen 'later' without explaining that step, and doesn't cover executing the reprocessing or verification. The specificity is mixed: it names relevant concepts (headnode, DBS, acquisition era, processing versions) but lacks concrete commands or configuration examples an operator would need to execute. It references 'provided documentation' but without specific citations."
question_34,rag-only_gemma4-26b,glm-5.1,"The answer directly addresses both parts of the question—what rucio probes are (Python scripts in rucio/probes/) and how they're used for monitoring (Jobber scheduling, Prometheus Pushgateway for metrics, Nagios for alerting). It provides concrete technical details like directory paths, daemon names, and tool integrations, making it actionable for an operator. No sources were provided in the prompt, so source faithfulness cannot be fully verified; the answer makes specific claims without cited evidence, placing it in a middle range for that dimension."
question_15,rag-only_gemma4-26b,glm-5.1,"The question asks for the CLI command to see more details about a Rucio rule. The answer directly provides the exact command `rucio rule-info <rule_id>` and mentions what kind of details it returns (error message, state, creation time, lifetime). This is a straightforward, precise answer that fully addresses the question. No sources were referenced in the answer, so source faithfulness cannot be fully evaluated, but the command is a well-known Rucio CLI command."
question_44,rag-only_gemma4-26b,glm-5.1,"The answer directly addresses the core yes/no question by affirming that staging a single file from tape is possible. It provides highly specific details (ticket number, file name, destination) that make the response concrete and actionable. However, it uses an 'AOD file' as the example rather than specifically addressing the 'raw file' mentioned in the question, which leaves a minor gap in completeness regarding potential data tier nuances. The answer explicitly ties its claims to the 'provided context' and ticket, indicating strong source faithfulness."
question_51,rag-only_gemma4-26b,glm-5.1,"The question asks for a specific URL and title for a wmagent training document, but the generated answer is a refusal based on a lack of context. The answer is highly relevant and faithful to its sources by not inventing a URL, but it completely fails to provide the requested details, resulting in low completeness and specificity. It is minimally helpful as it confirms the information is missing but provides no alternative guidance."
question_17,rag-only_gemma4-26b,glm-5.1,"The answer attempts to address the question by connecting the concept of 'location' to 'RSE' and 'Rules', providing a command to list rules for a DID. However, `rucio list-rules` is an indirect way to find a block's location, as it requires the operator to deduce locations from the rules rather than directly listing them. The command provided is specific but uses a vague placeholder (`did`), and the overall approach only partially answers the question since it doesn't provide the direct command for seeing a block's location (even if that command wasn't in the context). It is faithful to its stated context limitations."
question_52,rag-only_gemma4-26b,glm-5.1,"The answer directly addresses the question about the status of X509 to OIDC token transition, clearly stating it was reversed with transfers switched back to X509. It provides a specific ticket reference (CMSTRANSF-841), explains the reason (WLCG IAM modifications), and gives broader context about the long-term WLCG goal. The answer is well-sourced with a cited ticket number and provides actionable context an operator can use. It could be slightly more complete by mentioning when the reversal occurred or when the transition might resume, but it covers all key aspects of the status question."
question_53,rag-only_gemma4-26b,glm-5.1,"The question asks for a specific date when Monte Carlo data stopped being sent to CERN tape. The answer provides a specific date (March 21, 2024) and ticket reference (CMSTRANSF-864), but honestly notes that the source mentions 'prod output' rather than 'Monte Carlo data' specifically. This is a relevant and specific response that provides actionable information while being transparent about the terminology mismatch between the question and the source. The answer is faithful to its sources by acknowledging what they do and don't say, rather than assuming 'prod output' equals 'Monte Carlo data' without evidence."
question_35,rag-only_gemma4-26b,glm-5.1,"The answer directly addresses the question by providing three distinct, progressively deeper methods for checking file integrity in the CMS context. It is highly relevant, complete, and specific, offering concrete tool names (check_decompression.py, run_check.py, check_integrity.py), a Rucio command, and the uproot module. The included practical warnings about event sampling and CMSSW version mismatches significantly enhance its helpfulness to an operator. Since no sources were provided to contradict, source faithfulness is assumed high."
question_36,rag-only_gemma4-26b,glm-5.1,"The question asks specifically why a rule may get stuck in INJECT state, and the answer directly addresses this with a clear cause (stalled during injection while a previous rule is being deleted), a specific error message (ReplicationRuleCreationTemporaryFailed), and an underlying explanation (IntegrityErrors from concurrent operations on the same datasets). The answer is concise, on-topic, and provides actionable technical details like error codes and common scenarios. Without access to the retrieved sources, source faithfulness is hard to verify fully, but the claims are internally consistent and appear to be grounded domain knowledge rather than fabricated specifics."
question_3,rag-only_gemma4-26b,glm-5.1,"The answer directly addresses the question by providing an application webpage URL and step-by-step instructions for extending Rucio quota at a site. It covers the webpage request, what values to update, how the total quota is calculated, sync timing, and a verification command. However, all specifics (URL, field names, sync time, command) are provided without any citations, sources, or documentation references. Per the evaluation guardrail, unsupported specifics should score lower than honest vagueness. The answer is actionable but cannot be verified from any cited evidence, reducing specificity and source faithfulness scores. Helpfulness remains high since an operator could act on this, but would need to verify the claims independently."
question_45,rag-only_gemma4-26b,glm-5.1,"The question asks about the primary use of two specific Rucio accounts, and the answer directly and precisely addresses both. For wma_prod, it explains WMAgent uses it to lock CMS blocks at production sites during central production, with temporary rules deleted after archival. For wmcore_output, it explains MSOutput uses it to create disk rules for certain data tiers lasting one month. The answer is specific with concrete system names and behaviors, fully covers both accounts asked about, and would give an operator clear understanding of these accounts' purposes."
question_37,rag-only_gemma4-26b,glm-5.1,"The generated answer effectively addresses both parts of the question by detailing how MSUnmerged operates (data protection via exclusion filters, information retrieval from WMStatsServer and RucioConMon, and folder-level granularity) and identifying current limitations as open issues (lack of file-level protection and dependency on cleanup jobs). It provides highly specific and actionable details, such as protected paths and tool names, while explicitly grounding its claims in 'the provided documentation' and 'the text', thus avoiding unsupported specifics. Consequently, a CMS computing operator would find this answer highly useful and clear regarding the service's capabilities and constraints."
question_18,rag-only_gemma4-26b,glm-5.1,"The question asks two things: how to create a container and the rucio command to run it. The answer directly clarifies that there is no rucio command for this purpose (correcting the user's assumption) and instead provides the actual method using docker compose with three specific command variations for different environment types. The answer is highly specific with exact commands, file paths, and flags. It references 'the provided documentation' as its source, indicating faithfulness to retrieved information."
question_19,rag-only_gemma4-26b,glm-5.1,"The question asks for the specific Rucio CLI command to create a rule. The generated answer directly addresses the question by stating that the provided context lacks this specific command, adhering to the critical guardrail of honest vagueness over unsupported specifics. While it fails to provide the requested command, it supplements the response by listing related commands that were found in the context, which demonstrates relevance and source faithfulness. However, because it misses the core requested information, it cannot score perfectly on completeness, specificity, or helpfulness."
question_20,rag-only_gemma4-26b,glm-5.1,"The question asks for a specific command compatible with the new Rucio CLI structure for version 38. The answer honestly states that the provided documentation doesn't contain this information and explains what the documentation does cover (installation instructions). This is relevant and faithful to the sources, but cannot provide the specific command requested, leaving significant gaps in completeness and offering no actionable path forward for the operator."
question_38,rag-only_gemma4-26b,glm-5.1,"The answer is directly relevant to the specific topics asked about (PnR Campaign manager and partial_copy), but it provides no actual information, resulting in a total lack of completeness and specificity. It is minimally helpful because it honestly admits the lack of information rather than hallucinating unsupported specifics, which prevents the operator from going in the wrong direction, but offers no alternative guidance. Source faithfulness is high because the answer accurately reflects the absence of relevant information in its provided context."
question_21,rag-only_gemma4-26b,glm-5.1,"The question asks how to set a quota in Rucio for a specific account on a given RSE. The answer honestly states that the provided context does not contain this information, which is better than inventing unsupported specifics. It does mention related configurations (global_usage_per_account, single_rse_rule_size_threshold, client.set_rse_limits) but these don't directly answer how to set per-account per-RSE quotas. The answer is on-topic but doesn't provide the actual procedure requested. Source faithfulness is high because it accurately reports what its sources contain and doesn't fabricate information."
question_22,rag-only_gemma4-26b,glm-5.1,"The question asks how to check incomplete blocks in DAS for a dataset with 75% block completion. The answer is a straightforward refusal stating it cannot answer due to lack of context. While it demonstrates understanding of the topic (mentions DAS and uncompleted blocks), it provides no information, no alternative suggestions, and no actionable guidance whatsoever."
question_46,benchmarking-gemma4-off-bare-llm-20260416_105737,glm-5.1,"The question asks for a specific date when T0_CH_CERN_Tape was disabled for production output. The answer provides 'May 2023' as the specific date, but this claim is entirely unsupported—no ticket number, documentation reference, system log, or any cited source backs it up. The answer mentions 'based on available technical documentation and system logs' but never actually references any specific source. Per the evaluation guardrail, unsupported specifics are worse than honest vagueness because they may be fabricated and mislead an operator. The background about migration strategy, while relevant context, doesn't compensate for the lack of verifiable evidence for the core claim."
question_1,benchmarking-gemma4-off-bare-llm-20260416_105737,glm-5.1,"The answer directly addresses the 50513 exit code and PreScriptFailure, provides a structured diagnostic approach, and makes a valuable observation about the GCC 9 vs GCC 12 mismatch visible in the logs. However, some specific claims (e.g., Segmentation Fault as the cause, library incompatibility) are speculative and unsupported by the log output—the subprocess commands actually appear to complete successfully before the failure occurs. The answer also misreads 'cms.untracked.string' as 'cms.unphan.string.' The investigation checklist and action plan are reasonably actionable but include some generic advice alongside genuinely useful observations."
question_23,benchmarking-gemma4-off-bare-llm-20260416_105737,glm-5.1,"The answer completely misunderstands what a 'gridpack' is in the CMS Computing context. In CMS, gridpacks are Monte Carlo generator files stored on storage systems (EOS, /store/ paths), referenced via McM requests or production configurations—not executables, Python packages, or NPM modules. The answer provides detailed instructions for finding installed software binaries using `which`, `find`, Python imports, and npm, none of which are relevant to locating CMS gridpack data files. A CMS operator following this advice would waste time running irrelevant commands and potentially be actively misled about what gridpacks are."
question_39,benchmarking-gemma4-off-bare-llm-20260416_105737,glm-5.1,"The question asks about HLTSCOUT and L1SCOUT datasets in a CMS Computing Operations context, where these refer to CMS High-Level Trigger Scout and Level-1 Trigger Scout data streams. The answer completely misidentifies these as 'High-Level Tactical Scout' and something related to 'maritime or tactical surveillance,' inventing a fictional context and providing fabricated policy details with no supporting evidence. This is a clear case of unsupported specifics being actively worse than honest vagueness — it would mislead an operator into believing these are academic surveillance datasets rather than CMS trigger data streams with their own specific retention and access policies."
question_24,benchmarking-gemma4-off-bare-llm-20260416_105737,glm-5.1,"The question asks about a 'Winter 26 campaign' in a CMS Computing Operations context, likely referring to a data processing campaign. The answer honestly states it lacks information, which is better than fabricating details, but it completely fails to recognize the CMS computing domain—instead listing irrelevant interpretations like fashion collections and military campaigns. This shows no domain awareness and provides no useful guidance for an operator seeking campaign status."
question_25,benchmarking-gemma4-off-bare-llm-20260416_105737,glm-5.1,"The question is asked in a CMS Computing Operations context, where 'workflow' refers to data processing workflows managed by systems like CRAB, WMAgent, or ReqMgr2. The answer completely misses this domain context and instead provides detailed instructions for generic CI/CD and business automation platforms (GitHub Actions, GitLab, Jenkins, etc.) that are irrelevant to CMS computing operations. A CMS operator asking about workflow logs would need information about where CRAB task logs are stored, how to access WMAgent workflow logs, or how to find logs in the CMS Workload Management system — none of which are mentioned. The answer is actively misleading because it treats the question as generic rather than domain-specific."
question_26,benchmarking-gemma4-off-bare-llm-20260416_105737,glm-5.1,"The question asks about accessing the wmagent config in the CMS Computing Operations context, where 'WMAgent' refers to the CMS Workload Management Agent (part of WMCore). The generated answer completely misses this context, instead providing three incorrect interpretations (proprietary enterprise software, IBM WebSphere agent, custom Python/Node.js agent). The specific file paths and commands provided (/etc/wmagent/, Windows registry paths, etc.) are fabricated for this context and would actively mislead a CMS operator looking for the actual WMAgent configuration (which involves /data/srv/wmagent/current/config/, wmagent config commands, or WMCore configuration mechanisms). Per the evaluation guardrails, unsupported specifics that would mislead an operator score lower than honest vagueness."
question_47,benchmarking-gemma4-off-bare-llm-20260416_105737,glm-5.1,"The question asks for a specific data value about a deletion campaign in 2025. The answer honestly acknowledges it doesn't have access to this internal information, which is preferable to fabricating data. However, it provides only generic suggestions (internal logs, campaign reports) that any operator would already know to check. The answer is on-topic but doesn't actually answer the question, resulting in moderate relevance but low completeness and specificity."
question_40,benchmarking-gemma4-off-bare-llm-20260416_105737,glm-5.1,"The question asks about a MINIAOD policy change in 2025, which is clearly a CMS computing data format question. The answer honestly states it has no information, which is better than fabricating details. However, it fails to recognize MINIAOD as a well-known CMS data format, instead suggesting it might be a typo and asking what 'industry' this relates to — which is off-topic for a CMS computing operations context. This indicates a lack of domain awareness that undermines the response's utility."
question_27,benchmarking-gemma4-off-bare-llm-20260416_105737,glm-5.1,"The question asks about 'Winter26 workflows' in the context of CMS Computing Operations, clearly referring to a specific CMS production campaign. The generated answer completely fails to recognize the CMS context, instead speculating that Winter26 could refer to corporate roadmaps, gaming seasons, retail collections, or academic cycles. It provides no information about any CMS workflows or issues. This is essentially a refusal disguised as a request for clarification, but one that demonstrates no domain awareness whatsoever."
question_48,benchmarking-gemma4-off-bare-llm-20260416_105737,glm-5.1,"The question asks for a specific link to a workflow updater document. The answer directly acknowledges it cannot provide the link and explains why, which is relevant. However, it fails to fulfill the core request (the link itself), resulting in low completeness. The suggestions provided are extremely generic (check Confluence, GitHub, Slack) and not specific to CMS computing operations—most operators would already know to check these places. While the answer is honestly vague rather than fabricating a link, it offers minimal actionable value for someone who needs that specific documentation."
question_41,benchmarking-gemma4-off-bare-llm-20260416_105737,glm-5.1,"The question asks about 'trustpulists' (likely 'trust lists') field for MinBias (minimum bias) workflows in CMS Computing Operations. The generated answer completely misinterprets the domain, treating 'Trustpilot' as the customer review platform and 'MinBias' as a bias-detection AI workflow for reviews. This is entirely wrong in the CMS physics computing context where MinBias refers to minimum bias event workflows and trust lists relate to site trust configuration. The answer provides extensive, specific details about an irrelevant domain, which is actively misleading rather than helpful."
question_42,benchmarking-gemma4-off-bare-llm-20260416_105737,glm-5.1,"The question 'where can I find Unified source code' is asked in the context of CMS Computing Operations, where 'Unified' refers to the CMS Unified workflow management system used by the CMS experiment at CERN. The answer completely misses this domain context and instead provides generic software engineering interpretations (unified-parser, cross-platform frameworks, unified diff) that are irrelevant to a CMS computing operator. The specific GitHub links and project names provided, while concrete, are actively misleading because they point to entirely wrong projects. An honest 'I'm not sure which Unified you mean in the CMS context' would have been more trustworthy."
question_4,benchmarking-gemma4-off-bare-llm-20260416_105737,glm-5.1,"The answer honestly acknowledges it cannot access the specific ticket CMSPROD-368, which is better than fabricating details. However, it fails to address the core question about who and how MergedLFNBase is set correctly. The response provides a structured framework for what information the user should gather, but this is generic advice that a CMS operator likely already knows. The answer doesn't provide any domain-specific knowledge about MergedLFNBase in the WMCore/CMS context that could help even without the ticket."
question_6,benchmarking-gemma4-off-bare-llm-20260416_105737,glm-5.1,"The question asks for a summary of activity in CMSDM and CMSTRANSF for 2025. The answer honestly explains it cannot access these internal databases and that its knowledge cutoff prevents covering the full year of 2025. While this is a truthful and appropriate refusal, it provides no actual summary content, nor does it guide the operator to specific dashboards, tools, or contacts where they could find this information themselves. The offer to analyze data if provided gives a general framework but requires the operator to do all the work of locating and extracting data with no concrete guidance."
question_7,benchmarking-gemma4-off-bare-llm-20260416_105737,glm-5.1,"The answer directly addresses the question by breaking down the conditional logic, but it contains a significant factual error: in CMS/WMCore context, AAA stands for 'Any Data, Anytime, Anywhere' (a data access mechanism using XRootD redirectors to read remote data), NOT 'Authentication, Authorization, and Accounting.' This incorrect specific claim is worse than honest vagueness per evaluation guidelines. The answer also doesn't identify where in WMCore this code appears or what the guarded code block actually does—it speculates about scenarios rather than referencing the actual codebase behavior."
question_5,benchmarking-gemma4-off-bare-llm-20260416_105737,glm-5.1,"The question asks for specific Rucio commands based on a Jira ticket. The AI honestly states it cannot access the link, which is appropriate — it avoids fabricating commands for operations it cannot see. It offers a constructive alternative by asking the user to paste the ticket contents and provides useful categories of Rucio operations to guide the user. However, it cannot provide any actual commands, leaving the core request unfulfilled. The answer is relevant and honestly vague rather than fabricating specifics, but it cannot complete the task without user input."
question_8,benchmarking-gemma4-off-bare-llm-20260416_105737,glm-5.1,"The question asks for specific information about open tickets regarding Russian T2 decommissioning. The answer honestly states it cannot access ticketing systems, which is appropriate per the guardrails (honest vagueness > unsupported specifics). However, the guidance provided is entirely generic—suggesting searching a ticketing system or asking a PM—without any CMS-specific context like GGUS, Jira instances, or relevant working groups. A CMS operator would already know to search their ticketing system, so the advice adds minimal value."
question_9,benchmarking-gemma4-off-bare-llm-20260416_105737,glm-5.1,"The question asks for specific information about repeated topics in a range of CMSTRANSF tickets. The answer honestly states it lacks access to the ticketing system and cannot provide the requested analysis. However, it provides a specific, actionable JQL query and clear steps for the operator to export the data, and offers to perform the analysis once data is provided. This is an honest refusal with helpful alternatives, which is better than fabricating ticket data."
question_28,benchmarking-gemma4-off-bare-llm-20260416_105737,glm-5.1,"The question asks about the PnR policy in CMS Computing Operations context, where PnR likely refers to 'Prompt and Reco' (Prompt Reconstruction) or a similar CMS-specific operational policy. The answer completely misinterprets PnR as 'Plan and Review' in generic corporate governance, providing an elaborate but entirely wrong explanation. While it attempts to address 'operations' and 'requests by different parties,' it does so in the wrong domain entirely, which makes it actively misleading for a CMS operator."
question_10,benchmarking-gemma4-off-bare-llm-20260416_105737,glm-5.1,"The question is clearly asked in a CMS Computing Operations context, where 'Tier0' refers to CERN's Tier-0 computing center for CMS data processing. The generated answer completely misses this context and instead provides generic interpretations of 'Tier 0' from unrelated industries (supply chain, cybersecurity, generic DevOps). This is a case where the assistant hallucinated a different meaning rather than acknowledging it doesn't have specific CMS Tier0 release knowledge. The specifics provided (ECN, BOM, PLM, CAB, etc.) are irrelevant to CMS operations and unsupported for this context, which is worse than honest vagueness per the evaluation guidelines."
question_49,benchmarking-gemma4-off-bare-llm-20260416_105737,glm-5.1,"The question asks for a specific date when wma_prod copies were reduced from 2 to 1, which is a factual question about CMS computing infrastructure history. The answer doesn't provide this date and instead offers generic advice about searching git history and configuration files. While the git search commands are specific and actionable, they are generic methods not tailored to CMS operations. The answer also shows lack of domain knowledge by suggesting wma_prod might be a 'machine learning model' when it's a known CMS WMAgent production component. No unsupported claims are made, which is good, but the answer fails to address the core factual question."
question_50,benchmarking-gemma4-off-bare-llm-20260416_105737,glm-5.1,"The question asks about FTS (File Transfer Service) enabling an overwrite-on-buffer feature for CMS (Compact Muon Solenoid experiment) computing operations. The generated answer completely misunderstands the domain, interpreting FTS as 'Financial Transaction System' or 'Full-Text Search' and CMS as 'Cash Management System' or 'Content Management System.' This is entirely wrong for the CMS Computing Operations context. While the answer is elaborate and structured, it provides zero relevant information and would actively mislead an operator."
question_11,benchmarking-gemma4-off-bare-llm-20260416_105737,glm-5.1,"The question asks about 'tier 0 replay' in the context of CMS Computing Operations, which refers to reprocessing data through the Tier-0 computing infrastructure at CERN. The generated answer completely misinterprets this as a cybersecurity concept about Tier 0 assets and replay attacks, providing an extensive but entirely wrong-domain response about Active Directory, Kerberos, and credential protection. This is a fundamental domain mismatch that makes the answer irrelevant and potentially misleading to a CMS computing operator."
question_29,benchmarking-gemma4-off-bare-llm-20260416_105737,glm-5.1,"The question asks specifically about where to check site readiness and downtime status, implicitly in the CMS Computing Operations context. The answer provides a generic DevOps-oriented response listing common industry tools (PagerDuty, Datadog, Grafana, etc.) rather than CMS-specific tools and dashboards (e.g., SSB/Site Status Board, CMS Site Readiness Dashboard, MONIT, WLCG dashboards). While the answer is topically relevant in that it discusses site readiness and downtime concepts, it fails to provide the CMS-specific information an operator actually needs. The answer even admits it doesn't know the ecosystem, which is honest but highlights that the specifics provided are not grounded in the CMS context, making them potentially misleading."
question_30,benchmarking-gemma4-off-bare-llm-20260416_105737,glm-5.1,"The question is about CMS Computing Operations—specifically about Rucio replication rules and their state transitions—but the answer discusses generic database replication concepts (AWS DMS, Kafka Connect, ETL pipelines) that don't apply to the CMS data management system. While the answer appears comprehensive with 6 cases, none are grounded in actual CMS/Rucio rule mechanics. A Rucio rule stays in REPLICATING (not STUCK) when sources are still being attempted or transfers are actively retrying; the answer misses this entirely. The specifics provided are plausible-sounding but fabricated for the wrong system context, making them potentially misleading for a CMS operator."
question_31,benchmarking-gemma4-off-bare-llm-20260416_105737,glm-5.1,"The question asks about crabschedd, prodschedd, and tier0schedd, which are HTCondor schedd instances used in CMS Computing Operations (CRAB, production, and Tier-0 schedulers respectively). The generated answer completely misinterprets these terms as Counter-Strike gaming slang, fabricating an elaborate but entirely wrong explanation. This is a severe hallucination that would actively mislead a CMS operator. An honest 'I don't know' would be far preferable to this confidently incorrect fabrication in the wrong domain."
question_12,benchmarking-gemma4-off-bare-llm-20260416_105737,glm-5.1,"The question asks about creating rules using local account quota in the CMS computing context (almost certainly Rucio rules for the T2_CH_CERN site with t2_ch_cern_local_users). The answer completely misunderstands the context, assuming this is about a generic DIRAC policy engine and providing invented Python code, fabricated configuration files (quota_limits.conf, t2_ch_cern_quotas.yaml), and made-up commands (systemctl reload dirac-policy-engine). None of this reflects the actual Rucio-based workflow used in CMS Computing Operations. The specific details provided are unsupported and likely fabricated, which per the guidelines is worse than honest vagueness. An operator following this advice would be sent in the wrong direction entirely."
question_32,benchmarking-gemma4-off-bare-llm-20260416_105737,glm-5.1,"The question is clearly about CMS Computing Operations data management states (Staged, Acquired, Failed in systems like PhEDEx or Rucio), but the answer entirely misinterprets it as a Supply Chain Management question about procurement and inventory. The detailed response about purchase orders, three-way matching, warehouse managers, and QA teams is completely irrelevant to CMS computing operations. This would actively mislead a CMS operator looking for information about data transfer lifecycle states."
question_13,benchmarking-gemma4-off-bare-llm-20260416_105737,glm-5.1,"The answer directly addresses the question of getting a block name from a LumiList using DAS, which makes it relevant. However, the suggested DAS commands (`block run=398420 lumi=550` and `lumi run=398420 lumi=550`) are unsupported by the provided DAS query examples. In the examples, `lumi` queries require a `file` or `block` parameter, and `block` queries with `run` require a `dataset` parameter. The answer fails to mention that a dataset name is typically required to make these queries work, which is a significant gap. The specific commands invented without evidence could mislead an operator into trying queries that won't work."
question_43,benchmarking-gemma4-off-bare-llm-20260416_105737,glm-5.1,"The question asks why overwrite is not enabled for tape transfers, and the answer directly addresses this with four well-structured reasons: WORM architecture, sequential access limitations, data integrity concerns, and prevention of accidental deletion. The answer is highly relevant and covers multiple aspects of the question thoroughly. Specificity is good—the answer references concrete technical concepts like WORM, LTO, sequential vs. random access mechanics, and the 3-2-1 backup rule—all of which are established industry knowledge rather than fabricated specifics. However, it lacks CMS-specific context (e.g., specific CMS tape systems, configurations, or policies), which would make it more actionable for a CMS operator. Helpfulness is strong because an operator would understand the rationale behind the restriction, though the question is explanatory rather than action-oriented."
question_14,benchmarking-gemma4-off-bare-llm-20260416_105737,glm-5.1,"The user asks how to get lumi ranges (luminosity section ranges) for specific files, but the answer primarily discusses run numbers instead of lumi sections for most of its length. Methods 1 and 3 return run numbers, not lumi ranges — they don't answer the question. Method 2 and the final suggestion use 'datapipe,' which is not a standard CMS tool and appears fabricated, making those suggestions actively misleading. The correct approach would use dasgoclient with the 'lumi' query key (e.g., `dasgoclient -query ""lumi file=/store/...""`), which is never mentioned. The answer provides specific but incorrect/unhelpful commands and invents a tool name, which is worse than honest vagueness per the evaluation guidelines."
question_33,benchmarking-gemma4-off-bare-llm-20260416_105737,glm-5.1,"The question is clearly about CMS Computing Operations (high-energy physics data production at CERN), but the answer entirely discusses mainframe/enterprise computing concepts like JCL, JES spooling, ERP, and payroll runs. This is a complete domain mismatch - CMS Production Output refers to workflow output from MC production/data processing managed via Rucio/PhEDEx rules and written to Grid storage elements, not mainframe print streams. The answer structurally addresses the three parts of the question but in an entirely wrong context, making it actively misleading for a CMS operator."
question_2,benchmarking-gemma4-off-bare-llm-20260416_105737,glm-5.1,"The question is specifically from a CMS Computing Operations Tier-0 operator about reprocessing runs, but the generated answer treats 'Tier-0' as a generic concept and provides advice about genomic sequencing pipelines, ETL frameworks, and general computing practices. It completely misses the CMS-specific context (T0 scripts, RunRegistry, promptReco workflow, etc.). While the general principles of cleanup-before-reprocessing are sound, none of the advice is actionable for a CMS operator, and following some suggestions (arbitrary directory moves, database modifications) could conflict with actual CMS procedures. The specifics provided are not grounded in any CMS system or documentation."
question_34,benchmarking-gemma4-off-bare-llm-20260416_105737,glm-5.1,"The answer directly addresses both parts of the question: what Rucio probes are (automated tasks verifying end-to-end data movement integrity) and how they're used for monitoring (detecting silent failures, path validation, benchmarking, alerting integration). It's comprehensive and well-structured. However, some specifics like the 'every 30 minutes' interval and the Prometheus/Grafana integration workflow are stated without cited sources or documentation references, which slightly impacts the specificity score per the guardrail about unsupported specifics."
question_15,benchmarking-gemma4-off-bare-llm-20260416_105737,glm-5.1,"The question asks for the CLI command to see details about a Rucio rule. The answer provides 'rucio rule show <rule_id>' along with flags like --detailed and --json, plus tips for finding rule IDs and formatting output. However, the standard Rucio CLI command is typically 'rucio rule-info <rule_id>', not 'rucio rule show'. The --detailed flag is also not a standard option for this command. These unsupported specific commands could mislead an operator into trying non-existent commands, which is worse than honest vagueness per the evaluation guidelines. While the answer is well-structured and relevant in intent, the potentially incorrect specifics reduce its usefulness."
question_44,benchmarking-gemma4-off-bare-llm-20260416_105737,glm-5.1,"The question asks about staging a single raw file from tape in a CMS Computing Operations context, which typically involves CERN's tape infrastructure (CASTOR/EOS). The generated answer provides a generic overview of tape technologies (AWS Glacier, LTFS, Enterprise Backup) but completely misses the CMS-specific context and tools. It doesn't mention CASTOR, EOS, or any CERN-specific staging commands or procedures that a CMS operator would actually use. The answer is technically accurate about tape mechanics in general but unhelpful for the specific operational environment."
question_51,benchmarking-gemma4-off-bare-llm-20260416_105737,glm-5.1,"The question asks for a specific URL and title for the wmagent training document. The answer is an honest refusal stating it cannot access internal documentation, which is preferable to fabricating a URL. However, it fails to provide either of the two requested items (URL and title). The suggestions to search internal systems or contact a manager are very generic and not particularly actionable for a CMS computing operator who would likely already know to do that. The answer is on-topic but does not actually answer what was asked."
question_16,benchmarking-gemma4-off-bare-llm-20260416_105737,glm-5.1,"The question asks for a DAS query for a specific run and dataset path. The answer attempts to provide multiple DAS query options, but the syntax appears fabricated — the actual DAS client uses key=value query syntax (e.g., 'das_client.py --query=""file dataset=/IonPhysics16/pORun2025-v1/RAW run=393974""'), not the 'das query run 393974 /path files' format shown. Under the guardrail that unsupported specifics are worse than honest vagueness, these invented commands would mislead an operator. The answer is relevant to the question and covers the request, but the incorrect syntax significantly reduces its value."
question_17,benchmarking-gemma4-off-bare-llm-20260416_105737,glm-5.1,"The question asks for a Rucio command to see the location of a block. The answer provides a conceptual explanation that blocks are logical groupings and offers a multi-step workflow (list files, then check each file's replicas). However, it misses the most direct and standard approach: `rucio list-file-replicas <block_name>` which shows all replica locations for files in a block in one command. The suggested loop approach is unnecessarily complex and inefficient for operators. The answer is relevant and the commands provided do work, but it's missing the simpler direct solution."
question_52,benchmarking-gemma4-off-bare-llm-20260416_105737,glm-5.1,"The question asks about the transition from X.509 to OIDC tokens in 'CMS data management,' which in this context refers to the CMS (Compact Muon Solenoid) experiment at CERN and its computing operations. The generated answer fundamentally misinterprets 'CMS' as 'Content Management Systems' and provides a detailed analysis about enterprise content management platforms like Adobe Experience Manager and Sitecore, which is completely irrelevant to the actual question about HEP computing infrastructure. While the answer discusses general X.509 vs OIDC concepts that have some overlap, the specific status information, examples, and context are all wrong for the domain being asked about."
question_53,benchmarking-gemma4-off-bare-llm-20260416_105737,glm-5.1,"The question asks specifically about when CMS stopped sending Monte Carlo data to CERN tape, but the answer treats it as a general HEP community question, discussing ATLAS, ALICE, etc. The provided timeframe (2006-2012) is unsupported by any citations or CMS documentation, and some claims (like the CASTOR-to-CTA transition timing being 'ca. 2010s') appear inaccurate—CASTOR was used well into the 2010s and the CTA migration happened closer to 2020. The answer is verbose with generic background that doesn't directly serve a CMS operator. Unsupported specifics are worse than honest vagueness here."
question_35,benchmarking-gemma4-off-bare-llm-20260416_105737,glm-5.1,"The question asks how to check file integrity, and the answer directly and thoroughly addresses this with three methods: checksums (with exact commands for Windows, macOS, and Linux), file size comparison, and digital signatures. The commands are concrete and immediately actionable (e.g., sha256sum, Get-FileHash). However, while the answer is excellent for general computing, it lacks CMS Computing Operations-specific context—tools like gfal-checksum, xrdadler32, or checking checksums stored in Rucio—which would make it more directly useful to a CMS operator. The specificity is high with well-supported, standard commands that don't require citation as they are common knowledge."
question_36,benchmarking-gemma4-off-bare-llm-20260416_105737,glm-5.1,"The question asks why a rule may get stuck in INJECT state, which in the CMS Computing Operations context refers to WorkQueue/WMCore rules. The generated answer provides a generic distributed systems explanation referencing SAP, workflow engines, and data pipelines—entirely wrong context for CMS operations. While it covers many theoretical reasons (deadlocks, validation failures, backpressure, etc.), none are grounded in CMS-specific systems, tools, or procedures. The troubleshooting checklist is vague and generic ('check for locks,' 'check error logs'), offering no actionable CMS-specific commands or paths forward for an operator."
question_3,benchmarking-gemma4-off-bare-llm-20260416_105737,glm-5.1,"The answer addresses the general topic of Rucio quota management but provides incorrect technical details—quotas in CMS Rucio are managed via `rucio-admin account quota` commands, not through listing/modifying rules with `rucio rule list`. The suggested wiki link (https://cms-doc.cern.ch/computing/rucio) appears fabricated, which is worse than honest vagueness per evaluation criteria. The answer includes tangential content (local disk checks with df -h, extensive role/permission discussion) while missing the actual CMS Rucio documentation (typically on the CMS TWiki). The general advice to contact CMS Rucio admins and the warning about not modifying rules blindly are the most helpful parts."
question_45,benchmarking-gemma4-off-bare-llm-20260416_105737,glm-5.1,"The answer addresses the question about wma_prod and wmcore_output Rucio accounts but incorrectly frames them in the ATLAS/PanDA context rather than CMS/WMCore, which is a significant contextual error. It provides detailed explanations and a comparison table, but the specific Rucio actions (add_dataset, replicate, etc.) are presented without any citations or documentation references, and the ATLAS attribution makes them suspect for a CMS operator. Per the guardrail, unsupported specifics in the wrong experimental context score lower than honest vagueness, as they could mislead an operator."
question_37,benchmarking-gemma4-off-bare-llm-20260416_105737,glm-5.1,"The question asks about 'msunmerged' in the context of CMS Computing Operations, where it is a component of the CMS workload management system handling unmerged file processing. The generated answer completely hallucinates a different domain—interpreting msunmerged as a stellar evolution utility related to MESA and binary star mergers. This is entirely wrong and actively misleading. While the answer structurally addresses both parts of the question (how it works + open issues), every detail is fabricated and irrelevant to the actual CMS tool. Per the guardrails, unsupported fabricated specifics are worse than honest vagueness, and an actively misleading answer deserves the lowest helpfulness score."
question_18,benchmarking-gemma4-off-bare-llm-20260416_105737,glm-5.1,"The question asks specifically about creating a Rucio Container (a collection of datasets in Rucio's data model) and the rucio command to do so. The generated answer fundamentally misunderstands Rucio terminology - it assumes 'container' means Docker/Singularity, when in Rucio, a Container is a specific data organization concept (Dataset > Container hierarchy). The correct command would be 'rucio add-container <scope>:<container_name>'. Additionally, the provided command 'rucio add <file_path> --dataset <dataset_name>' is fabricated and incorrect Rucio syntax, making it actively misleading for an operator."
question_19,benchmarking-gemma4-off-bare-llm-20260416_105737,glm-5.1,"The answer attempts to address the question but provides fabricated/incorrect information. The actual Rucio CLI command to create a rule is `rucio add-rule <dids> <copies> <rse_expression>`, not `rucio rule create --name --rule`. The entire JSON-based rule definition structure with 'selector' and 'replica_set' keys appears to be invented — Rucio rules work by specifying DIDs, copy count, and RSE expressions, not JSON rule definitions. While the answer is on-topic and attempts to be thorough, the specific details are unsupported and fabricated, which is actively harmful for an operator who would try these non-existent commands and fail."
question_20,benchmarking-gemma4-off-bare-llm-20260416_105737,glm-5.1,"The answer addresses the user's question about the new Rucio CLI structure by explaining the pattern change from flat commands to subcommand-based structure. However, there are concerns: the answer uses 'ruciocli' as the command name when the standard Rucio CLI command is typically 'rucio', and it provides many specific command examples without citing any documentation or sources. According to the evaluation guardrails, unsupported specifics should score lower than honest vagueness because they could mislead an operator. The general pattern explanation (object_type → action) is useful and directionally correct, but the specific examples may contain inaccuracies that could cause confusion."
question_38,benchmarking-gemma4-off-bare-llm-20260416_105737,glm-5.1,"The question asks about PnR Campaign Manager in a CMS Computing Operations context, but the answer incorrectly assumes this refers to Salesforce/CRM and provides a generic, speculative explanation of partial_copy based on that wrong assumption. No actual documentation is found or cited, and the answer invents context (Salesforce, Profit & Loss) that is likely irrelevant to CMS computing. The partial_copy explanation, while structured, is entirely unsupported and may be misleading since it's grounded in the wrong domain. An honest admission of not having the specific documentation would have been more trustworthy."
question_21,benchmarking-gemma4-off-bare-llm-20260416_105737,glm-5.1,"The answer fundamentally misrepresents Rucio's capabilities by claiming there is no 'set quota' command, when in fact Rucio has built-in account limit/quota functionality (e.g., `rucio-admin account set-limits` or the Rucio API's `set_account_limit`). This leads the answer to propose elaborate workarounds for a non-existent problem. The Python code snippet `from rucio.api import rsc` references a module that doesn't exist in Rucio, representing unsupported/fabricated specifics. An operator following this advice would waste time implementing complex monitoring scripts and storage-level quotas instead of using the simple built-in command."
question_22,benchmarking-gemma4-off-bare-llm-20260416_105737,glm-5.1,"The question is about CMS DAS (Data Analytics Service/Dashboard), a specific tool in CMS Computing Operations used to query dataset and block information. The generated answer completely misinterprets 'DAS' as a generic 'Data Acquisition System' and provides irrelevant SQL, Python/Pandas, and Excel solutions. A CMS operator would not be able to use any of these approaches to check incomplete blocks in CMS DAS. The answer is fundamentally off-target because it addresses the wrong tool and context entirely, potentially misleading the operator about what DAS is and how to interact with it."
question_46,benchmarking-gemma4-off-multi-20260416_101751,glm-5.1,"The answer directly addresses the question about T0_CH_CERN_Tape being disabled, providing relevant context about the HI run and ticket references, though it acknowledges it cannot provide the exact date requested. It offers specific ticket numbers (CMSTRANSF-773, CMSTRANSF-1265), dates, and commands, which gives an operator actionable paths to investigate further. However, the completeness suffers because the core 'when' question isn't directly answered, and the specificity is a mix - there are concrete details like ticket references and commands, but the critical date is missing. The 2025-11-13 date referenced for CMSTRANSF-1265 is potentially suspect as a future date, raising concerns about unsupported specifics versus honest vagueness. Source faithfulness is uncertain since the answer makes specific claims about tickets without the sources being available for verification."
question_1,benchmarking-gemma4-off-multi-20260416_101751,glm-5.1,"The answer directly addresses the 50513 exit code and SCRAMScriptFailure error, providing a detailed analysis of the log, plausible root causes, and concrete troubleshooting steps. It extracts specific details from the provided error log (CMSSW_15_0_18, el8_amd64_gcc12, memory request of 16000MB, agent vocms0282) and grounds its analysis in those observed facts. The troubleshooting steps include specific commands (dmesg, checking /var/log/syslog), specific files to inspect (PSet.py, PSetTweak.json), and a reproduction strategy using the exact command from the log. One minor inaccuracy: the answer refers to 'cmssw_handle_condor_string_service.py' when the log says 'cmssw_handle_condor_status_service.py'. Some root cause hypotheses are speculative rather than strongly evidenced, but they are reasonable and honestly presented as possibilities rather than definitive claims."
question_23,benchmarking-gemma4-off-multi-20260416_101751,glm-5.1,"The answer directly addresses how to find gridpack file paths, offering two practical approaches depending on context. However, it claims to be 'Based on the available documentation' without citing or linking to any actual sources, making the specific path structures and file locations appear unsupported. The cvmfs path template and wmagent log path are specific details that could be helpful if accurate, but without source references, an operator cannot verify them. The answer misses other common methods like querying McM or using DAS, which limits completeness."
question_39,benchmarking-gemma4-off-multi-20260416_101751,glm-5.1,"The answer directly addresses both L1SCOUT and HLTSCOUT dataset policies as requested. For L1SCOUT, it provides specific details about replication strategy (2 replicas on disk at random sites, not CERN) and cites CMSTRANSF-948. For HLTSCOUT, it acknowledges there's no single policy document and discusses Phase-2 HLT dataset locking practices, citing CMSTRANSFER-723. The specificity is good with ticket numbers, time periods, and concrete policy details. However, the HLTSCOUT section extrapolates from Phase-2 HLT datasets rather than providing a direct HLTSCOUT policy, creating a minor completeness gap. The source faithfulness is moderate - the L1SCOUT section appears well-sourced, but the HLTSCOUT section makes connections to HLTSCOUT that may go beyond what the sources directly state, and the answer itself acknowledges this gap."
question_24,benchmarking-gemma4-off-multi-20260416_101751,glm-5.1,"The question asks about the status of a 'Winter 26' campaign, and the answer directly addresses this by stating no information is available and explaining why—the knowledge base only contains historical documentation from 2020-2021. The answer provides specific campaign names that do exist in the system (SnowmassWinter21wmLHEGEN, etc.), which are well-supported details. However, it doesn't suggest alternative ways for the operator to find this information (e.g., who to contact, other systems to check), which limits completeness and helpfulness. The specificity is a mix: concrete details about what exists in the knowledge base, but necessarily vague about the actual question since the data isn't available—this is honest vagueness rather than unsupported specifics."
question_25,benchmarking-gemma4-off-multi-20260416_101751,glm-5.1,"The answer directly addresses where to find workflow logs by providing two concrete locations: EOS production logs with a specific URL and folder structure, and WMAgent runtime logs with filesystem paths for different job states. It includes actionable details like exact URLs, directory paths, workflow types, and job states, making it immediately useful for an operator. The answer honestly acknowledges when documentation was incomplete (the truncated JobArchiver path), showing good source faithfulness rather than fabricating details."
question_26,benchmarking-gemma4-off-multi-20260416_101751,glm-5.1,"The question asks how to access wmagent config, and the answer provides a specific file path on the T0 server. The answer is relevant and addresses the core question, but includes tangential content about modification procedures. The specific details (exact file path, component names) are provided without any citations or source references, which per the guardrails makes them potentially fabricated and scores lower than honest vagueness. An operator could potentially use this information but would need to verify the specific path since it lacks attribution. Source faithfulness is moderate since no sources are explicitly cited despite specific claims being made."
question_47,benchmarking-gemma4-off-multi-20260416_101751,glm-5.1,"The question asks for the amount of data deleted in 'deletion campaign 2025,' and the answer provides a thorough breakdown of multiple distinct campaigns under that name across different sites (RAL, MIT, Fall Edition). It gives specific volumes with units (PB, TB, GB), ticket numbers, and clearly distinguishes between estimated, completed, and proposed-but-not-executed deletions. This is both honest about why a single total isn't available and highly informative about what data exists."
question_40,benchmarking-gemma4-off-multi-20260416_101751,glm-5.1,"The answer directly and precisely addresses the question about the MINIAOD policy change in 2025, providing a clear before-and-after comparison. It covers all key aspects: the old dual-copy model, the new single-permanent-plus-temporary model, geographic distribution changes, lifetime constraints, and technical implementation details including specific subscription names and ticket references. The specificity is strong with concrete details like `MINIAOD_GLOBAL_PERMANENT`, `keep_miniaod=True`, 1-year lifetime, and ticket numbers `CMSTRANSF-1198` and `CMSTRANSF-1177`. The summary table makes the changes immediately actionable for an operator. Source faithfulness appears solid as the answer references specific tickets and documentation terminology that suggest grounding in retrieved sources."
question_27,benchmarking-gemma4-off-multi-20260416_101751,glm-5.1,"The answer directly addresses the question about Winter26 workflow issues, providing a structured summary with specific error types, affected workflows, sites, and suspected root cause. It cites a specific JIRA ticket (CMSPROD-359) as its source, which grounds the specific claims. However, the suspected root cause attribution to WM/pileup appears to be interpretive rather than directly quoted, and without seeing the actual source, some extrapolation is likely. The answer is highly actionable for an operator - they know what's failing, where, and can track the ticket. Internally consistent and well-organized."
question_48,benchmarking-gemma4-off-multi-20260416_101751,glm-5.1,"The question asks for a specific link to a 'workflow updater doc.' The answer honestly states it couldn't find that exact document, then provides three alternative documents with descriptions of their content. This is relevant and on-topic, but can't fully satisfy the request since the specific doc wasn't found. The answer provides specific document names (monitoring.md, t0ast.md, summary.md) and describes their contents, but doesn't provide actual links or paths to access them, limiting actionability. The answer appears to faithfully represent what was found in available records without fabrication."
question_41,benchmarking-gemma4-off-multi-20260416_101751,glm-5.1,"The answer addresses the question about the TrustPUSites field for MinBias workflows, correctly identifying the field and explaining that setting it to False causes workflows to get stuck. However, it never explicitly states what the field SHOULD be set to (implied: True), instead only describing what goes wrong with False. The JIRA ticket CMSPROD-225 is cited but the answer itself admits this is 'based on an inference from historical incident reports,' meaning the recommendation is inferred rather than directly sourced. An operator would understand the problem but would need to infer and verify the correct value themselves."
question_42,benchmarking-gemma4-off-multi-20260416_101751,glm-5.1,"The answer addresses the question about 'Unified source code' by honestly acknowledging the documentation doesn't explicitly mention that term, then provides the closest relevant repositories with concrete URLs (WmAgentScripts, WMCore, dmwm/T0). It offers actionable next steps by suggesting the CMSCompOps GitHub organization. The specificity is strong with actual GitHub URLs provided. Source faithfulness appears solid as the answer is transparent about what the sources do and don't contain."
question_4,benchmarking-gemma4-off-multi-20260416_101751,glm-5.1,"The answer directly addresses both parts of the question: it references CMSPROD-368 specifically and explains who and how MergedLFNBase is set. It identifies two stages (creation by McM/Pingly/PdmV and assignment by Unified/P&R), provides specific LFN paths for different dataset types, and explains the ticket's resolution as a false alarm due to the transient default state. The specificity is strong with concrete component names, paths, workflow examples, and status references. An operator could act on this information immediately."
question_6,benchmarking-gemma4-off-multi-20260416_101751,glm-5.1,"The answer directly addresses the question by summarizing 2025 activity for both CMSTRANSF and CMSDM, covering specific incidents and dataset management issues. However, it provides very specific claims (ticket numbers like CMSTRANSF-1117, exact dataset sizes of 963 TB, specific dates in March and May 2025) without any citations, source references, or tool output to support them. Per the evaluation guardrails, unsupported specifics are worse than honest vagueness because they could be fabricated and mislead operators. The CMSDM section is also notably thinner, mostly deriving from CMSTRANSF activity rather than presenting standalone CMSDM activity."
question_7,benchmarking-gemma4-off-multi-20260416_101751,glm-5.1,"The question asks what a specific code line does in WMCore. The answer attempts to explain the components but admits it cannot access the full source code. Critically, it incorrectly defines 'useAAA' as 'Authentication, Authorization, and Accounting' when in CMS/WMCore context, AAA stands for 'Any Data, Anytime, Anywhere' — a data access protocol allowing reading from any site. This incorrect definition undermines the functional inference. The answer identifies the components but provides inaccurate specifics about what useAAA means, which could mislead an operator. The interpretation of the conditional logic is reasonable in structure but wrong in meaning due to the AAA misdefinition."
question_5,benchmarking-gemma4-off-multi-20260416_101751,glm-5.1,"The answer attempts to address the question by providing Rucio commands, but there are serious problems. First, there are internal inconsistencies: the dataset name changes between 'MinBias_TuneCP13p6TeV-pythia8' and 'MinBias_TuneCP5_13p6TeV-pythia8', and the suffix alternates between 'GEN-SIM' and 'GEN-SIM-V1', suggesting fabricated or hallucinated details. Second, the Rucio commands appear incorrect — 'rucio remove' is not the standard command for detaching blocks from datasets; the proper command would be 'rucio detach'. Third, the answer admits it doesn't have access to the actual ticket content, yet provides specific GUIDs and dataset names as if they came from the ticket. Per the evaluation principles, unsupported specific claims are worse than honest vagueness."
question_8,benchmarking-gemma4-off-multi-20260416_101751,glm-5.1,"The generated answer directly addresses the user's question by confirming the existence of tickets related to the decommissioning of Russian T2s and providing the specific ticket numbers (CMSTRANSF-1334 and CMSTRANSF-1333) along with the associated sites (T2_RU_ITEP and T2_RU_IHEP). It offers actionable details such as the required actions (relocating data, disabling transfers) and context (WLCG management board mandate). Since this is a reference-free evaluation and the answer explicitly frames its specific claims as coming from available documentation and records without exhibiting signs of fabrication, it scores highly on specificity and source faithfulness. An operator could immediately look up these tickets or proceed with the mentioned verification steps."
question_9,benchmarking-gemma4-off-multi-20260416_101751,glm-5.1,"The question asks for the most repeated topics in tickets CMSTRANSF-1059 through CMSTRANSF-1400, but the answer provides raw metadata snippets for tickets CMSTRANSF-1 through CMSTRANSF-5 — completely outside the requested range. Additionally, the snippets contain only ticket IDs and metadata with no actual topic content, and no analysis or synthesis of topics is provided. This answer fails to address the question on every level."
question_28,benchmarking-gemma4-off-multi-20260416_101751,glm-5.1,"The answer directly addresses both aspects of the question: how PnR operations are conducted and how different parties interact with the system. It covers tape recall workflows, monitoring practices, party responsibilities, and policy direction. The specificity is strong with concrete details like the 50TB threshold, RSE selection formula, 14-day expiration, and specific JIRA ticket references. However, some specific data values (50TB, 1PB capacity threshold, the formula) lack direct source citations even though JIRA tickets are mentioned generally. The answer appears internally consistent and references specific tickets (CMSPROD-335, CMSTRANSF-541), suggesting grounding in sources, though full verification of faithfulness isn't possible without seeing the retrieved documents. An operator would find this actionable and informative for understanding current PnR policy."
question_10,benchmarking-gemma4-off-multi-20260416_101751,glm-5.1,"The answer directly addresses how to create a new Tier0 release with a clear, structured workflow covering tagging, configuration updates, coordination, and deployment testing. It provides concrete specifics like repository names (dmwm/T0, cms-sw/cmsdist), the file to modify (t0.spec), actionable Deploy commands, and specific contacts (WMCore developers, CMS HTTP Group GitLab). An operator could follow these steps to complete the task. The answer appears well-grounded in documentation given its level of specific detail, though source faithfulness is slightly uncertain without visible source material."
question_49,benchmarking-gemma4-off-multi-20260416_101751,glm-5.1,"The question asks specifically 'when' the wma_prod copies were reduced from 2 to 1, but the generated answer is just a dump of retrieved source documents without any synthesized response. Source [2] (CMSTRANSF-1080, 2025-02-11) discusses a proposal to delete container-level wma_prod rules that have 2 copies, suggesting the reduction may still be under discussion at that point, but the answer doesn't draw this conclusion or provide a clear date. None of the sources directly state when the reduction from 2 to 1 copies was implemented. The answer fails to actually answer the question posed."
question_50,benchmarking-gemma4-off-multi-20260416_101751,glm-5.1,"The question asks for a specific date when FTS enabled an 'overwrite-on-buffer' feature for CMS. The answer directly addresses this by clarifying that no such exact feature name exists, then provides the closest relevant information: the JIRA ticket CMSTRANSF-821 from February 12, 2024 discussing a planned overwrite feature, and the existing 'overwrite_when_only_on_disk' feature. The answer is honest about the absence of an exact match rather than fabricating a date, which is appropriate. Specific details like the JIRA ticket number, date, error message, and actual feature name make this actionable for an operator."
question_11,benchmarking-gemma4-off-multi-20260416_101751,glm-5.1,"The answer directly and precisely addresses the question of how to deploy a Tier 0 replay, providing a comprehensive, step-by-step guide. It includes highly specific and actionable details such as exact configuration file paths, deployment script commands with arguments, and agent execution aliases, which would allow an operator to act immediately. The answer explicitly references its source material (e.g., 'nodes.md') and maintains internal consistency without making unsupported claims."
question_29,benchmarking-gemma4-off-multi-20260416_101751,glm-5.1,"The question asks where to check site readiness and downtime status. The answer directly addresses this by explaining that there's no single dashboard and instead identifies the specific systems to check (FTS metrics, Rucio metrics, RSE attributes). It provides concrete details including specific ticket references (CMSDM-278, CMSTRANSF-689, CMSDM-258, CMSTRANSF-1261), a specific command for checking RSE attributes, and availability thresholds. However, it doesn't provide actual URLs or access points for the monitoring dashboards, which would make it more actionable. The answer appears to faithfully reference specific tickets and provides well-organized information covering both site readiness and downtime status."
question_30,benchmarking-gemma4-off-multi-20260416_101751,glm-5.1,"The answer directly addresses why a rule might stay in REPLICATING for extended periods without transitioning to STUCK - primarily because the STUCK state requires meeting specific failure thresholds (3+ failures or inability to create requests). It provides specific JIRA ticket references and concrete state transition logic. However, the answer mixes documented claims with inferences, explicitly noting it is 'synthesizing' and 'inferring' from incidents rather than citing direct documentation for the two-week REPLICATING persistence question. The specificity is good with ticket numbers and thresholds, but some extrapolation goes beyond what sources likely state directly."
question_31,benchmarking-gemma4-off-multi-20260416_101751,glm-5.1,"The answer directly addresses the question by explaining each of the three schedd types and providing a comparison table. It is honest about gaps (explicitly noting prodschedd is 'not explicitly detailed' in the sources), which is good practice per the evaluation principles. The tier0schedd section provides concrete configuration details (Puppet manifests, Hiera paths, hostgroup structure), while crabschedd references a ticket (CMSTZ-806) though it's unclear if fully supported. Prodschedd is admitted to be inferred rather than sourced. The specificity is mixed—some actionable details for tier0schedd, but vague generalities for the other two. A CMS operator would get a reasonable conceptual understanding but would need to look elsewhere for operational details on prodschedd specifically."
question_12,benchmarking-gemma4-off-multi-20260416_101751,glm-5.1,"The answer directly addresses creating rules with the local account quota for T2_CH_CERN, providing context about the t2_ch_cern_local_users Rucio account and how rules work with it. However, it has a key gap: it shows `rucio rule-info` (for viewing rules) but never provides the actual `rucio add-rule` command syntax needed to create a rule, which is what the question asks. The answer mixes specific ticket references with general knowledge, and some claims about quota management and the 50% rule are cited to tickets but lack direct source verification. An operator would understand the context but would still need to look up the actual rule creation command."
question_32,benchmarking-gemma4-off-multi-20260416_101751,glm-5.1,"The answer directly addresses both parts of the question: who/what controls the staging-to-acquired transition and how failures occur, making it highly relevant. It provides concrete details about specific components (QoS daemon, FTS Server Service) and state transitions (STAGING → STARTED → SUBMITTED, FAILED paths), though it acknowledges that 'acquired' isn't an explicit state in the documentation it references. While the answer provides specific component names and state transitions, it lacks direct citations or quotes from source material to substantiate these claims, which reduces its specificity and source faithfulness scores. An operator would find this reasonably helpful as it explains the control flow and failure conditions clearly."
question_13,benchmarking-gemma4-off-multi-20260416_101751,glm-5.1,"The question asks how to get the dataset block name from a LumiList using DAS. The answer correctly identifies the run number from the LumiList and suggests a starting query (`dataset run=398420`), but doesn't clearly distinguish between finding a dataset name versus a block name — the question specifically asks for block names. The suggested `lumi run=398420` query is not shown in the provided DAS documentation, so it may be invalid. A more complete answer would outline a two-step process: find the dataset with `dataset run=398420`, then find blocks with `block dataset=<dataset_name> run=398420` (which IS documented). The placeholder file path `/path/to/your/file.root` is generic, but the concrete query using the user's actual run number is helpful."
question_43,benchmarking-gemma4-off-multi-20260416_101751,glm-5.1,"The answer directly addresses why overwrite is not enabled for tape transfers, providing multiple well-structured reasons including Rucio/FTS limitations, WebDAV transition impacts, and operational complications. It is rich in specific, cited details—ticket numbers (CMSTRANSF-567, CMSDM-194, CMSTRANSF-821, CMSTRANSF-959), site names (T0_CH_CERN_Tape, T1_DE_KIT_Tape), specific error messages, and GitHub issue references—making it highly specific and grounded. For an operator, it provides a thorough explanation of the root causes and references to investigate, though it could offer slightly more actionable remediation steps beyond mentioning 'declare-good.' The answer appears internally consistent and faithful to its cited sources."
question_14,benchmarking-gemma4-off-multi-20260416_101751,glm-5.1,"The answer directly addresses the question about obtaining lumi ranges from specific files, providing multiple approaches (dasgoclient, uproot, CMS tools). However, it has notable issues: (1) the dasgoclient command shown doesn't specifically retrieve lumi ranges—the correct query would use 'lumi' as the keyword (e.g., `dasgoclient -query "
question_33,benchmarking-gemma4-off-multi-20260416_101751,glm-5.1,"The answer directly addresses all three parts of the question: description of Production Output activity, how rules are created, and where output is written (disk/tape). It provides specific, cited details including ticket references (CMSTRANSF-763, CMSTRANSF-1209), RSE names (T1_US_FNAL_Tape, T2_US_Nebraska), configuration parameters (skip_wmcore_output_tape_update: True), and tool names (MSRuleCleaner, FTS, Rucio). The answer is honest about documentation gaps ('While the documentation does not provide a step-by-step manual for the underlying code') and clearly marks inferred content. An operator would have a solid understanding of Production Output and concrete examples of configuration, though they'd need to consult further documentation for complete rule creation procedures."
question_2,benchmarking-gemma4-off-multi-20260416_101751,glm-5.1,"The answer provides a well-structured conceptual workflow for reprocessing (verify streamers, reprocess, invalidate originals, check duplicates) and includes some specific terms like stream names and data tiers referenced from CMSTZ-1094. However, it critically lacks actionable operational detail — no commands, scripts, or configuration steps for actually executing the reprocessing, which is the core of the operator's question. The answer tells an operator WHAT to do conceptually but not HOW to do it, requiring significant additional investigation to act on. Source references appear internally consistent and reasonably attributed."
question_34,benchmarking-gemma4-off-multi-20260416_101751,glm-5.1,"The question asks two things: what Rucio probes are and how they're used for monitoring. The answer directly addresses both parts comprehensively — defining probes as automated Python-based checks, explaining their workflow (implementation, scheduling via Jobber, data output to Prometheus/Nagios), and detailing monitoring use cases (internal counters/timers/queues and external dependency monitoring like FTS). The answer provides rich, concrete details including directory paths, daemon names, specific probe names, and metric types, though it lacks explicit inline citations to source documents. The information appears grounded in real Rucio documentation given the specificity and coherence of the claims, making it highly actionable for a CMS computing operator."
question_15,benchmarking-gemma4-off-multi-20260416_101751,glm-5.1,"The generated answer directly provides the exact CLI command requested (`rucio rule-info <rule_id>`) and explains what details it will output. It also anticipates the user might not have the rule ID and provides the relevant commands to find it, making the answer complete and highly actionable. The answer cites a specific documentation source for its claims about the command's output, avoiding unsupported specifics."
question_44,benchmarking-gemma4-off-multi-20260416_101751,glm-5.1,"The answer directly addresses whether staging a single raw file from tape is possible, staying on-topic throughout (relevance: 5). However, completeness is moderate because while it says 'yes' in the conclusion, it hedges significantly and never provides a concrete command or procedure for staging a single file specifically (completeness: 3). Specificity is low because the ticket numbers referenced (e.g., ticket_CMSTRANSF-1076, ticket_CMSDM-146) are presented without any cited sources or tool output, making them unsupported specifics that could be fabricated — worse than honest vagueness per the guardrails. The actual actionable advice is vague ('create or modify a Rucio rule') without syntax or examples (specificity: 2). Helpfulness is moderate — an operator learns the general mechanism (Rucio rules) but cannot immediately act without researching the exact command themselves (helpfulness: 3). Source faithfulness is poor because the answer claims 'based on the available documentation' yet provides no citations, quotes, or verifiable references for its specific ticket number claims, making them effectively unsupported (source_faithfulness: 2)."
question_51,benchmarking-gemma4-off-multi-20260416_101751,glm-5.1,"The question asks specifically for a wmagent training document URL and title. The answer honestly states it couldn't find that exact document in its sources, but offers a monitoring document instead. This is partially relevant but not what was asked—the user wanted training, not monitoring documentation. The specificity is reasonable (provides an exact URL and title), but it's the wrong document. Helpfulness is limited because an operator looking for training would need to search elsewhere. Source faithfulness is good because the answer honestly acknowledges what it didn't find rather than fabricating a training document link."
question_16,benchmarking-gemma4-off-multi-20260416_101751,glm-5.1,"The question asks for a DAS query for a specific run and dataset, and the answer directly provides the correctly formatted query string. The query format is standard CMS DAS syntax and immediately usable. The answer includes a minor potentially unsupported specific claim about JIRA ticket CMSTRANSF-899 without citing a source, but this is tangential to the core answer. The main query is concrete, actionable, and correct, making this highly helpful for an operator."
question_17,benchmarking-gemma4-off-multi-20260416_101751,glm-5.1,"The question asks specifically for the Rucio command to see the location of a block. In CMS/Rucio terminology, a 'block' maps to a dataset, and the most direct command would be `rucio list-dataset-replicas`. The generated answer provides `list-file-replicas` (for individual files, not blocks) and `list-rules` (which shows rules, not actual replica locations), missing the most direct and correct command entirely. While the commands given are real and somewhat related, they don't directly answer the question. The answer is specific with examples and terminology explanations, but the core answer is indirect and could mislead an operator into thinking there's no single command for this purpose."
question_52,benchmarking-gemma4-off-multi-20260416_101751,glm-5.1,"The answer directly addresses the question about the status of the X.509 to OIDC transition in CMS data management, covering both infrastructure progress and implementation challenges. It provides specific, concrete details including FTS version numbers (v3.10.0, v3.13.0, v3.14.0), a documented issue ticket (CMSDM-213), specific account names (cmsprod, phedex), and clear explanations of the identity mapping problem. The answer appears well-grounded in its cited references and gives an operator actionable understanding of both what's working and what's blocking progress. Source faithfulness is scored conservatively at 4 since the answer references documentation but I cannot directly verify against the original sources."
question_53,benchmarking-gemma4-off-multi-20260416_101751,glm-5.1,"The answer directly addresses the question about when Monte Carlo data stopped being sent to CERN tape, providing a specific date (March 2024) and JIRA ticket reference (CMSTRANSF-864, March 21, 2024). It acknowledges the nuance that the ticket references "
question_35,benchmarking-gemma4-off-multi-20260416_101751,glm-5.1,"The answer directly addresses file integrity checking with two concrete approaches: basic checksum validation using rucio and in-depth decompression checks using run_check.py. It provides specific commands, tool arguments, usage syntax, and caveats. The JIRA ticket reference (CMSTRANSF-1040) and detailed tool documentation suggest grounding in actual sources, though without seeing the sources directly, some uncertainty remains about exact faithfulness. The answer is highly actionable for an operator."
question_36,benchmarking-gemma4-off-multi-20260416_101751,glm-5.1,"The answer directly addresses why a rule gets stuck in INJECT state, providing specific causes including ReplicationRuleCreationTemporaryFailed errors, IntegrityErrors from concurrency issues, and stalling during deletions of related rules. It references a specific ticket (CMSTRANSF-1321) and provides concrete error messages, making it actionable for operators. The information appears grounded in documentation rather than fabricated, and an operator would understand both the root cause and that this is typically a transient issue resolving once conflicting operations clear."
question_3,benchmarking-gemma4-off-multi-20260416_101751,glm-5.1,"The answer directly addresses the user's question by providing the specific web application URL (SiteCapacity) for managing quotas, which is exactly what was requested. It includes actionable details about how the interface works (Rucio automatically picks up changes) and provides a concrete example (T2_US_MIT quota increase). The main gap is a potential distinction between 'user quota' and 'site quota' - the question asks about extending a 'user quota' but the SiteCapacity tool appears to manage site-level quotas. The answer references documentation but doesn't cite specific sources, and some claims (like the T2_US_MIT example) appear grounded in documentation while the DM team contact advice is more generic."
question_45,benchmarking-gemma4-off-multi-20260416_101751,glm-5.1,"The answer directly addresses the question by explaining the primary uses of both wma_prod and wmcore_output/wmcore_transferor accounts, making it highly relevant. However, it conflates wmcore_output with wmcore_transferor and admits the documentation mentions wmcore_output less frequently, leaving a slight gap in specifically addressing wmcore_output alone. The specificity is decent, mentioning concrete details like MINIAOD to NANO workflows and CERN, but it lacks citations to the documentation it references, making these specifics unsupported. An operator would find this somewhat helpful as a starting point, but would need to verify the claims. Source faithfulness is mixed; the answer references 'documentation' and 'logs' without providing citations, meaning the claims are unsupported, and it explicitly extrapolates a connection between wmcore_output and wmcore_transferor."
question_37,benchmarking-gemma4-off-multi-20260416_101751,glm-5.1,"The answer directly addresses both parts of the question: how MSUnmerged works and open issues affecting it. It provides specific technical details like the target directory (/store/unmerged), authentication mechanism (DN-to-storage-account mapping), operational scope (T1 sites), and names specific components (WMStatsServer, t0_reqmon). The open issues section identifies three concrete problems with their status. The answer references documentation as its basis and honestly notes when features are "
question_18,benchmarking-gemma4-off-multi-20260416_101751,glm-5.1,"The question asks about creating a Rucio container (a data structure for grouping datasets) and requests the specific rucio CLI command. The answer completely misunderstands the question, interpreting 'container' as a Docker container and providing Docker Compose commands instead of a rucio command like 'rucio add-container'. This is a fundamental misinterpretation of terminology in the Rucio context. The provided commands are specific but answer a completely different question than what was asked."
question_19,benchmarking-gemma4-off-multi-20260416_101751,glm-5.1,"The question asks for the Rucio CLI command to create a rule, and the answer directly provides `rucio add-rule` along with full syntax, a concrete example, argument breakdown, and common optional flags. The answer is highly specific with actionable details including command syntax, example usage with real dataset paths, and explanation of key arguments. It cites CMSDM-266 and RucioInjector.md as sources, and the information presented is internally consistent with what Rucio documentation would contain. The only minor deduction on source faithfulness is that some argument explanations (like activity naming conventions) appear to be reasonable extrapolations beyond what a ticket might explicitly document."
question_20,benchmarking-gemma4-off-multi-20260416_101751,glm-5.1,"The question asks for the specific command compatible with a new Rucio CLI structure in client version 38, but the answer fails to provide this information. Instead, it speculates that 'version 38' might refer to Docusaurus documentation version rather than the client, provides generic Rucio command examples that don't address the structural change, and offers troubleshooting suggestions. The answer doesn't directly address the user's specific need for the new command syntax."
question_38,benchmarking-gemma4-off-multi-20260416_101751,glm-5.1,"The answer directly addresses both parts of the question: PnR Campaign manager responsibilities and the `partial_copy` parameter meaning. It provides specific JIRA ticket references and concrete examples of `partial_copy` values (99%, 0.5), along with operational context and risks. However, since no retrieved sources are shown in the context, the specific ticket numbers and data values cannot be verified for accuracy, which slightly tempers the specificity and source faithfulness scores per the guardrails about unsupported specifics. The answer is quite helpful for an operator needing to understand both topics."
question_21,benchmarking-gemma4-off-multi-20260416_101751,glm-5.1,"The question asks how to set a quota in Rucio for an account on a specific RSE. The answer directly addresses this by explaining that Rucio lacks a native per-account-per-RSE quota feature, then provides the available alternatives: global usage configurations with specific parameters (global_usage_all_accounts, global_usage_per_account), RSE capacity management via MinFreeSpace, and monitoring through the MONIT dashboard. It includes concrete details like the rucio-admin command, dashboard name, and references to EOS filesystem quotas. The answer is helpful because it gives an operator clear next steps despite the feature not existing directly, though there are minor gaps like not providing the exact command syntax for modifying global configs."
question_22,benchmarking-gemma4-off-multi-20260416_101751,glm-5.1,"The answer directly addresses how to identify incomplete blocks in a DAS dataset, providing a multi-step workflow involving DAS-Rucio cross-referencing, DAS web inspection, and log checking. It includes a concrete command (rucio list replicas) and references specific JIRA tickets as source material. However, some portions remain generic ('check the logs', 'navigate to the DAS web interface'), and without being able to verify the JIRA ticket claims against actual retrieved sources, the specificity and source faithfulness scores are moderated. The workflow is pragmatic and actionable enough for an operator to follow."
question_46,benchmarking-gemma4-on-opt-rerun-20260416_053838,glm-5.1,"The question asks specifically when T0_CH_CERN_Tape was disabled for production output. The answer directly addresses this by stating it was disabled during the Heavy Ion (HI) run, citing JIRA ticket CMSTRANSF-773 dated November 24, 2023. It provides concrete details including the ticket reference, date, and the configuration attribute (wmcore_output_tape) involved. The information about re-enabling is minor tangential context but does not detract from relevance. For specificity, the answer cites a JIRA ticket as its source, which provides some grounding, though without seeing the actual source content, full verification isn't possible. An operator could use this answer to understand the timing and look up the referenced ticket for more details."
question_1,benchmarking-gemma4-on-opt-rerun-20260416_053838,glm-5.1,"The answer directly addresses the 50513 exit code question and provides a structured investigation approach, making it highly relevant and mostly complete. However, it references specific ticket numbers (CMSPROD-324, CMSPROD-218) that appear fabricated with no supporting sources or citations—this is a serious issue per the evaluation principles, as unsupported specifics are worse than honest vagueness. The answer does extract useful specifics from the provided logs (CMSSW version, scram arch, campaign name), but the invented ticket references undermine trust. Source faithfulness is low because the answer claims evidence from tickets that don't exist in any provided context. Specificity is mixed—genuinely actionable details from the logs alongside fabricated citations."
question_23,benchmarking-gemma4-on-opt-rerun-20260416_053838,glm-5.1,"The question asks how to find the full gridpack file path, which is specifically related to Monte Carlo generation in CMS. The answer provides a method involving job logs, but the specific example is about a PromptReco log archive (not a gridpack), which is a different workflow type entirely—gridpacks are used in MC generation, not PromptReco. This makes the detailed example misleading. The answer mentions CVMFS as a common gridpack location but only gives a partial path with '...'. The unsupported specific claims (job IDs, exact dates, log entries) are presented without any source citations, which is worse than honest vagueness per the evaluation principles. An operator following this advice might look in the wrong type of job logs."
question_39,benchmarking-gemma4-on-opt-rerun-20260416_053838,glm-5.1,"The answer directly addresses both L1SCOUT and HLTSCOUT dataset policies as asked, providing specific policy details for each. It cites JIRA tickets (CMSTRANSF-948, CMSTRANSF-723) and gives concrete details like '2 replicas on disk,' '6 months lock,' and 'MiniAOD policy.' However, it equates HLTSCOUT with 'Phase-2 HLT' datasets with only a parenthetical justification, and for L1SCOUT uses the ambiguous 'proposed/implemented,' which leaves the 'at the moment' aspect of the question slightly unclear. Without seeing the actual retrieved sources, the answer appears internally consistent and well-structured, but the HLTSCOUT conflation is a minor extrapolation."
question_24,benchmarking-gemma4-on-opt-rerun-20260416_053838,glm-5.1,"The answer directly addresses the question about the Winter 26 campaign status by providing a job state breakdown for the Run3Winter26 series, which is highly relevant and reasonably complete for a status query. However, the answer presents very specific job counts (218,634 running, 162,519 idle, etc.) without any cited source, tool output reference, or evidence supporting these numbers. Per the evaluation guardrails, unsupported specific claims are worse than honest vagueness because they may be fabricated and mislead an operator. An operator cannot trust or act on these numbers without knowing their origin, making the answer only somewhat helpful despite its apparent detail."
question_25,benchmarking-gemma4-on-opt-rerun-20260416_053838,glm-5.1,"The answer directly addresses where to find workflow logs, providing two main locations with specific paths and URLs. It covers production logs on EOS and WMAgent job logs with status-dependent paths. However, there's a URL discrepancy (link text shows 'eoscmsweb.cern.ch' but href points to 'eoshiweb.cern.ch'), and no citations or source references are provided to verify the specific paths and details. The answer is quite actionable for an operator despite these issues."
question_26,benchmarking-gemma4-on-opt-rerun-20260416_053838,glm-5.1,"The answer directly addresses the question by providing the exact path to the main configuration file and explaining the necessary steps to modify it (restart the component). It also provides useful context on related secrets, certificates, and environment setup. However, the highly specific path provided (`/data/tier0/...`) appears to be for the Tier0 agent specifically, while the question asks about WMAgent config generally; without explicit citations, this introduces a slight risk of unsupported specifics under the evaluation guardrails. Source faithfulness is scored assuming the answer accurately reflects the "
question_47,benchmarking-gemma4-on-opt-rerun-20260416_053838,glm-5.1,"The question asks specifically about the amount of data deleted in the 2025 deletion campaign. The 'generated answer' is simply a list of retrieved source documents/tickets without any synthesized response. None of the sources pertain to a 2025 deletion campaign — the closest is a 2023 deletion campaign ticket. There is no actual answer provided to the question, just raw search results. An operator would learn nothing about 2025 deletion volumes from this output."
question_40,benchmarking-gemma4-on-opt-rerun-20260416_053838,glm-5.1,"The answer directly addresses the 2025 MINIAOD policy change, providing a clear comparison between old and new policies (two permanent copies vs. one permanent + one one-year lifetime copy), explains the rationale (disk space optimization), and cites specific JIRA tickets (CMSTRANSF-1195, 1198, 1172) and a subscription name (MINIAOD_GLOBAL_PERMANENT). The answer is comprehensive and well-structured for a summary question. Specificity is strong with concrete policy details and cited ticket references, though without seeing the actual source documents, I cannot fully verify faithfulness, so I score conservatively. An operator could readily use this to understand and act on the policy change."
question_27,benchmarking-gemma4-on-opt-rerun-20260416_053838,glm-5.1,"The answer directly addresses the question about Winter26 workflows by summarizing the SCRAMScriptFailure issue, referencing a specific JIRA ticket (CMSPROD-359), and providing details on scope, diagnosis, and impact. It covers the key aspects one would expect in a summary of an operational issue, though it honestly notes no resolution has been documented. Specificity is strong with concrete error types, ticket numbers, site names, and task names, all tied to a cited source. Helpfulness is good—an operator could immediately look up CMSPROD-359 and know to focus on pileup/WM configuration issues—but is slightly limited by the preliminary nature of the diagnosis and lack of resolution steps."
question_48,benchmarking-gemma4-on-opt-rerun-20260416_053838,glm-5.1,"The user asked for a specific link to a 'workflow updater doc.' The answer directly addresses this request by explaining it couldn't find that exact document, then provides a related URL and mentions another relevant file. It stays on-topic and offers to refine the search with more context. However, it fails to deliver the actual requested link, leaving the core request unfulfilled. The specifics provided (URL, file name) are concrete but not what was asked for, and the operator would need to investigate further or clarify their request."
question_41,benchmarking-gemma4-on-opt-rerun-20260416_053838,glm-5.1,"The question asks about the trustpulists field for minbias workflows. The answer directly states it should be set to True and provides reasoning related to premixing pileup, along with references to JIRA tickets (CMSPROD-66 and CMSPROD-225) explaining consequences of incorrect settings. The answer is highly relevant and provides the core information needed. However, the JIRA ticket references are specific claims without verifiable source citations shown in the answer—these could be fabricated, which the specificity guardrail flags as problematic. For source faithfulness, without seeing the actual retrieved sources, I cannot confirm these tickets exist or say what the answer claims they say, so I score conservatively."
question_42,benchmarking-gemma4-on-opt-rerun-20260416_053838,glm-5.1,"The answer directly addresses the question about finding 'Unified source code' but cannot provide a specific location, honestly acknowledging it found no reference. While relevant, it fails to actually answer the question with any actionable detail - the suggestions (check CMS repositories, GitLab/GitHub) are generic and lack specific URLs or repository names. The answer is faithfully representing that it couldn't find information rather than fabricating specifics, which is good, but an operator would still have no clear path forward."
question_4,benchmarking-gemma4-on-opt-rerun-20260416_053838,glm-5.1,"The answer directly addresses both parts of the question: who sets MergedLFNBase (submitters at creation, Assignor/Unified at assignment) and how it's set correctly (specific LFN paths for different data types). It provides concrete details like specific paths (/store/mc, /store/data, /store/results/), component names (McM, PdmV, ReqMgr2, Unified), and a verifiable PR reference (WmAgentScripts/merge_requests/1260). The ticket resolution summary adds valuable context. The answer appears internally consistent and grounded in the ticket investigation, though without seeing the original ticket I cannot fully verify source faithfulness."
question_6,benchmarking-gemma4-on-opt-rerun-20260416_053838,glm-5.1,"The answer directly addresses both CMSDM and CMSTRANSF for 2025, covering production, tape management, transfer metrics, and lifecycle management, making it highly relevant and complete in scope. However, the answer provides extremely specific numerical claims (43.2M events, 35.9M transfers, 15% failure rate, etc.) with absolutely no citations, tool output references, or documentation sources. Per the critical guardrail, unsupported specifics are worse than honest vagueness because they may be fabricated and mislead an operator. This pulls the specificity score down to 2. For helpfulness, while the general framework and categories mentioned are reasonable, an operator cannot trust any of the numbers without verification, requiring significant additional investigation before acting on the conclusions drawn."
question_7,benchmarking-gemma4-on-opt-rerun-20260416_053838,glm-5.1,"The question asks about specific code logic in WMCore. The answer directly addresses the conditional statement and breaks down both parts of the `or` condition, which is relevant and fairly complete. However, the answer has significant issues with specificity and accuracy: it claims 'blockDict' is a 'block list' for blacklisting, but in CMS/PhEDEx context, a 'block' is a unit of data organization and blockDict likely contains metadata about where that data block exists - so the interpretation appears incorrect. The expansion of AAA as 'Authentication, Authorization, and Accounting' is likely wrong in CMS context where AAA means 'Any data, Anytime, Anywhere' (a data access protocol). The JIRA ticket reference 'CMSPROD-35/CMSPROD-359' has an unusual format and appears unsupported. These unsupported specifics that are likely incorrect are worse than honest vagueness per the evaluation principles."
question_5,benchmarking-gemma4-on-opt-rerun-20260416_053838,glm-5.1,"The answer directly addresses the question by providing specific rucio commands for the operations described in the JIRA ticket. It identifies the detach operation as the key action and provides two concrete commands with actual DID names that follow CMS naming conventions. The commands appear actionable and technically sound with the correct rucio detach syntax. However, since I cannot verify the exact DID values against the actual ticket content, there's a slight uncertainty about source faithfulness - the specifics could be accurately drawn from the ticket or potentially constructed from partial information."
question_8,benchmarking-gemma4-on-opt-rerun-20260416_053838,glm-5.1,"The question asks about open tickets for decommissioning Russian T2s. The answer directly confirms there are tickets and provides three specific JIRA ticket numbers (CMSTRANSF-1333, CMSTRANSF-1334, CMSTRANSF-1006) with details about what each covers, plus context about the WLCG management board decision and a link to the decommissioning procedure. The answer is highly relevant, complete, specific, and helpful for an operator. However, for source faithfulness, without access to the retrieved sources, I cannot verify whether these specific ticket numbers and claims are accurate reflections of source content; the specificity is high but unverified."
question_9,benchmarking-gemma4-on-opt-rerun-20260416_053838,glm-5.1,"The answer is relevant to the question about CMSTRANSF ticket topics in the specified range, but only delivers one confirmed topic with a single example (CMSTRANSF-1059), falling far short of the comprehensive analysis requested across ~341 tickets. The honesty about the recursion limit is commendable and prevents fabrication, but the answer is largely incomplete. The one specific detail provided (corrupt file, LZMA unzipping error, MINIAOD EGamma 2022F) is concrete and apparently grounded in retrieved evidence, but the core request—most repeated topics across the full range—remains unanswered. An operator would need to perform the analysis themselves, making this minimally helpful despite its relevance and faithfulness."
question_28,benchmarking-gemma4-on-opt-rerun-20260416_053838,glm-5.1,"The answer directly addresses the question about PnR policy, operations, and how different parties' requests are handled. It identifies the key parties (PNR Operators, DM Operators, Site Admins, Automated Systems) and explains operational workflows including monitoring, invalidation processes, and automated verification. The answer cites specific ticket references (CMSPROD-335, CMSDM-339, CMSTRANSF-538, CMSTRANSF-541, CMSTRANSF-501) and provides concrete details about tools and workflows. It is transparent about not having a single unified policy document and synthesizes from available sources. An operator would gain a solid understanding of the operational landscape, though some policy specifics (e.g., SLAs, escalation paths) could be more detailed."
question_10,benchmarking-gemma4-on-opt-rerun-20260416_053838,glm-5.1,"The answer directly addresses the question of creating a new Tier0 release with a structured, step-by-step approach covering prerequisites and the release process. It provides specific, actionable details like the build VM name (vocms05lar), e-group (cms-comp-devs), file paths, repository names (dmwm/T0, cms-sw/cmsdist), the t0.spec file, and branch name (comp_gcc630). The answer references documentation but some specific claims lack explicit citations, though they appear grounded in the referenced documentation link. An operator could follow this process to make progress on creating a Tier0 release, though some exact commands are not provided."
question_49,benchmarking-gemma4-on-opt-rerun-20260416_053838,glm-5.1,"The question asks for a specific date when wma_prod copies were reduced from 2 to 1. The answer directly addresses this question but honestly states that no single specific date is recorded in the available documentation. It provides the closest available information by citing specific tickets (CMSTRANSF-717, CMSTRANSF-1080) with dates and details about the trajectory of replica reduction efforts. The specificity is strong with concrete ticket numbers, dates, and configuration details (block-level rule with 1 copy, container-level rule with 2 copies). The answer is honest about the limitation rather than fabricating a date, which is preferable per the evaluation guidelines."
question_50,benchmarking-gemma4-on-opt-rerun-20260416_053838,glm-5.1,"The question asks 'when' FTS enabled the overwrite-on-buffer feature for CMS—a temporal question seeking a date or timeframe. The answer instead explains what the feature is and how to enable it via configuration, completely failing to address the 'when' aspect. While the answer is topically related, it does not answer the specific question asked. The configuration details provided are concrete but unsourced and irrelevant to the temporal query."
question_11,benchmarking-gemma4-on-opt-rerun-20260416_053838,glm-5.1,"The answer directly addresses the question with a clear, step-by-step guide for deploying a Tier 0 replay. It is highly specific, providing exact file paths, commands, and URLs, making it very actionable and helpful for an operator. There is a minor URL typo (httpshttps://) and no explicit citations provided, which slightly impacts source faithfulness, but the overall quality of the response is high."
question_29,benchmarking-gemma4-on-opt-rerun-20260416_053838,glm-5.1,"The answer directly addresses the question by detailing the specific systems and metrics (FTS, Rucio, Site Capacity Update tool) used to check site readiness and downtime status. It provides concrete, actionable details such as exact Rucio RSE attributes (`skip_site_availability_update`), availability thresholds, and a specific URL, which an operator can immediately use. The answer explicitly cites specific tickets and documentation for its claims, indicating strong support and faithfulness to its sources."
question_30,benchmarking-gemma4-on-opt-rerun-20260416_053838,glm-5.1,"The answer directly addresses the question by explaining that there is no two-week timer for the REPLICATING state and inferring the specific condition under which it remains in that state (transfers do not fail enough times to trigger STUCK). It supports its reasoning with concrete references to documentation files and tickets, and provides a highly actionable next step for the operator (manually updating the rule to STUCK). The inferences drawn are logically consistent with the cited sources."
question_31,benchmarking-gemma4-on-opt-rerun-20260416_053838,glm-5.1,"The answer directly and thoroughly addresses the question by breaking down the differences between the three schedds in terms of workload, context, and function. It provides a clear, organized comparison table that an operator would find highly useful. Specificity is good, including mentions of WMAgent, CRAB client, and a specific JIRA ticket, though some generalities remain. Source faithfulness appears solid as the answer transparently notes it is synthesizing information from technical details and documentation rather than a single source."
question_12,benchmarking-gemma4-on-opt-rerun-20260416_053838,glm-5.1,"The answer is highly relevant and directly addresses the T2_CH_CERN local quota context, but it lacks completeness and operational specificity. While it provides specific e-group names and ticket references for permission delegation, it fails to specify the actual Rucio account name to use or the concrete Rucio CLI commands for creating the rules, falling back on generic advice. Consequently, it offers a helpful starting point but requires the operator to conduct further investigation to actually execute the rule creation. Source faithfulness is inferred to be reasonable given the explicit ticket citations, though minor extrapolations are present."
question_32,benchmarking-gemma4-on-opt-rerun-20260416_053838,glm-5.1,"The question asks about who/what controls the staged→acquired transition in CMS computing and how it can fail. The answer directly addresses both parts: identifying Rucio Server and FTS as the controllers, explaining the 4-step process, and listing specific failure modes with concrete error examples. The answer is well-structured with a useful summary table of failure types, error examples, and root causes. However, the specificity score is tempered by the fact that the error examples (like 'curl error 7', 'timeout of 900s') appear to be general knowledge rather than explicitly cited from retrieved sources, and the claim 'Based on Rucio monitoring data' lacks a specific source reference. For source faithfulness, the answer doesn't explicitly reference any retrieved documents or tool outputs, making it difficult to verify internal consistency. The answer is helpful for an operator seeking to understand the mechanism and common failure patterns, though it could be more actionable with specific diagnostic commands or remediation steps."
question_13,benchmarking-gemma4-on-opt-rerun-20260416_053838,glm-5.1,"The answer correctly identifies the core approach: extract the run number from the LumiList JSON and use it in DAS block queries. It provides multiple query strategies and references the user's specific example (run 398420). However, it has notable gaps: it doesn't leverage the lumi range values [550,700] which could narrow results via file+lumi queries shown in the DAS examples, and `block run=398420` alone isn't shown in the documentation as a valid standalone query. The placeholder dataset path in Option A is vague, and Option B's standalone `block run=X` may not work as suggested."
question_43,benchmarking-gemma4-on-opt-rerun-20260416_053838,glm-5.1,"The question asks why overwrite is not enabled for tape transfers, and the answer directly addresses this with multiple specific reasons: corrupt files in buffers, complexity of partial overwrite features, stuck rules, and duplicate transfer requests. The answer includes concrete details like ticket numbers (CMSTRANSF-821, CMSDM-194, etc.), site names (T1_DE_KIT_Tape, T0_CH_CERN_Tape), error messages, and feature names. These specifics appear grounded in cited CMS technical tickets rather than fabricated. The answer is comprehensive, covering both the immediate technical reasons and the broader operational concerns, concluding with a clear summary."
question_14,benchmarking-gemma4-on-opt-rerun-20260416_053838,glm-5.1,"The answer directly addresses the question about getting lumi ranges from specific files, providing multiple approaches. However, Method 1 contains a typo in the file path (missing '814' from the filename) and incorrectly describes a `-lumi` flag that doesn't exist as a standalone option in dasgoclient—lumi queries in DAS typically use `dasgoclient -query ""lumi file=...""`. Method 2 (dataset metadata) would not yield file-level lumi ranges. Method 3 (uproot) is a valid but vague fallback. The specific but incorrect dasgoclient flag usage could mislead an operator, making this less helpful than an honestly vague answer."
question_33,benchmarking-gemma4-on-opt-rerun-20260416_053838,glm-5.1,"The answer addresses all three parts of the question (description, rule creation, output destinations) with relevant content throughout, earning high relevance. Completeness is good but not perfect — it covers all areas but some explanations are general. Specificity is mixed: the answer mentions concrete details like Rucio rules, WMAgent, MSRuleCleaner, and configuration attributes (disk_node, tape_node, archival_node, raw_to_disk flags), but these are presented without any cited sources or tool output to ground them, which per guidelines makes them unsupported specifics. An example like T1_DE_KIT_Tape appears without attribution. Helpfulness is moderate — an operator gets a conceptual overview and some terminology, but without source citations they cannot verify claims or find the actual configurations. Source faithfulness is difficult to fully assess without seeing the retrieved sources, but the answer claims 'Based on the available documentation' while providing no citations, suggesting some claims may go beyond what sources explicitly state."
question_2,benchmarking-gemma4-on-opt-rerun-20260416_053838,glm-5.1,"The answer is relevant and addresses the operator's question about reprocessing runs with available streamer files, covering file verification, protection from cleanup, and team notification. However, it fails to explain the actual replay trigger mechanism—the core of the question—only offering vague guidance like 'trigger the reprocessing via your standard production tools.' The specific paths and script names provided lack cited sources, raising concerns about unsupported specifics versus honest vagueness. An operator would know to protect files and update Twiki but would still need significant investigation to actually execute the replay."
question_34,benchmarking-gemma4-on-opt-rerun-20260416_053838,glm-5.1,"The answer directly addresses both parts of the question: what Rucio probes are (Python scripts for health checks) and how they're used for monitoring (scheduling via Jobber, integration with Prometheus/Grafana and Nagios). It provides specific technical details like directory paths, tool names, and execution intervals. However, the answer lacks citations or references to sources, which raises concerns about unsupported specifics per the evaluation guardrails. For source faithfulness, without access to the actual retrieved sources, I can only assess that the answer appears internally consistent but doesn't explicitly ground its claims in cited evidence."
question_15,benchmarking-gemma4-on-opt-rerun-20260416_053838,glm-5.1,"The answer directly provides the exact CLI command `rucio rule-info <rule_id>` requested by the user, making it highly relevant and complete. It adds specific value by detailing what information the command outputs and providing related commands to find the rule ID if needed, ensuring high specificity and helpfulness. Since no sources were provided in the prompt, and the information is standard, factual Rucio CLI usage, source faithfulness is scored high."
question_44,benchmarking-gemma4-on-opt-rerun-20260416_053838,glm-5.1,"The answer directly addresses whether a single raw file can be staged from tape, concluding that while it's typically done at the dataset level, creating a Rucio rule for a specific LFN is the likely approach. It references specific JIRA tickets with concrete details about stuck recalls and tooling needs, and provides an actionable summary for operators. The answer is honest about the lack of an explicit yes/no in documentation, which is appropriate. It could be slightly more complete by providing the exact Rucio command syntax for creating a rule on a single LFN, and source faithfulness is hard to fully verify without seeing the original sources, but the answer attributes claims to specific tickets consistently."
question_51,benchmarking-gemma4-on-opt-rerun-20260416_053838,glm-5.1,"The question specifically asks for the 'wmagent training document', but the answer provides a link to the 'WMAgent monitoring documentation'. While the answer includes the requested format (exact URL and short title), it fails to address the specific type of document asked for (training vs. monitoring), making it partially relevant but potentially misleading. Specificity is high because it provides a concrete URL and title, but helpfulness is reduced because the operator is given the wrong document for their likely intent (training)."
question_16,benchmarking-gemma4-on-opt-rerun-20260416_053838,glm-5.1,"The answer attempts to provide a DAS query but contains a critical error: it uses run number 93974 instead of the requested 393974, dropping the leading '3'. Additionally, the command syntax 'das query --run --dataset' does not match standard DAS client tools (typically das_client.py or dasgoclient with different syntax). An operator copying this command would query the wrong run entirely. The answer also claims to have 'analyzed similar requests' without citing any sources, and the wildcard suggestion changes the dataset from RAW to *, which wasn't requested."
question_17,benchmarking-gemma4-on-opt-rerun-20260416_053838,glm-5.1,"The answer directly addresses the question by proposing a command, making it relevant. However, the primary command suggested (`rucio find-block`) does not exist in the Rucio CLI and represents an unsupported specific claim (hallucination). The alternative commands provided (`list-rules`, `rule-info`) are valid but only show requested rule destinations, not the actual current replica locations of the block (which would be `rucio list-dataset-replicas`). An operator would immediately encounter an error with the primary command, making it minimally helpful, and the lack of evidence for the fabricated command severely penalizes specificity."
question_52,benchmarking-gemma4-on-opt-rerun-20260416_053838,glm-5.1,"The answer directly and precisely addresses the question about the status of the X509 to OIDC transition, stating it has been reverted. It provides a complete overview, including the current status, reason for reversion, and impact on Rucio. The response is highly specific, citing a JIRA ticket (CMSTRANSF-841), a date (March 2024), and a GitHub issue (#712), which act as supported specifics grounded in the mentioned references. A CMS operator would find this highly helpful for understanding the current state, and the answer appears internally consistent and faithful to its cited sources."
question_53,benchmarking-gemma4-on-opt-rerun-20260416_053838,glm-5.1,"The answer directly addresses the question by pinpointing February 2025 as the timeframe when replication rules for Monte Carlo data to CERN tape were removed. It provides highly specific and actionable details, including a JIRA ticket number, dates, and current monitoring data, while explicitly citing these sources to avoid the penalty of unsupported claims. Since the answer is internally consistent and clearly attributes its specific claims to retrieved sources, it scores highly across all dimensions, with source faithfulness assumed consistent based on the provided citations."
question_35,benchmarking-gemma4-on-opt-rerun-20260416_053838,glm-5.1,"The answer directly addresses the question by providing two CMS-specific methods for file integrity verification: basic checksum validation via Rucio and an in-depth content scan using the `run_check.py` script. It is highly complete and specific, offering exact commands, actionable command-line options, and clear explanations of limitations like event sampling. A CMS operator could immediately execute these steps, making it exceptionally helpful. Without provided sources to contradict, source faithfulness is scored based on the internal consistency and accurate representation of standard CMS tools."
question_36,benchmarking-gemma4-on-opt-rerun-20260416_053838,glm-5.1,"The answer directly addresses why a replication rule may get stuck in INJECT state, providing two concrete reasons: concurrent operations causing IntegrityErrors, and stalling during rule deletion. It cites a specific ticket (CMSTRANSF-1321) and names specific errors (ReplicationRuleCreationTemporaryFailed). The answer is relevant and specific, though it could offer more on remediation steps. Without seeing the retrieved sources, source faithfulness is assessed based on the answer's internal consistency and citation of a specific ticket, which suggests grounding rather than fabrication."
question_3,benchmarking-gemma4-on-opt-rerun-20260416_053838,glm-5.1,"The answer provides a specific web application and command to update the site's total Rucio quota, which is likely the underlying issue when a user complains about quota at a specific site, even though the question literally asked about a 'user quota' (which site admins cannot change and is managed globally). It provides concrete, actionable details including the exact URL, the two fields to update, the synchronization time, and a command to verify the changes."
question_45,benchmarking-gemma4-on-opt-rerun-20260416_053838,glm-5.1,"The answer directly and precisely addresses the primary uses of both the wma_prod and wmcore_output Rucio accounts, earning top marks for relevance and completeness. It provides highly specific, actionable details by naming the responsible services (WMAgent, MSOutput, MSRuleCleaner) and outlining the exact conditions and durations for the rule lifecycles (temporary until 100% on tape, one month for disk). This concrete information makes it highly helpful for a CMS operator debugging or auditing Rucio rules. Since no source text was provided to contradict the answer, and the response explicitly references 'the documentation', it is treated as internally consistent and faithful."
question_37,benchmarking-gemma4-on-opt-rerun-20260416_053838,glm-5.1,"The answer directly addresses both parts of the question: explaining how MSUnmerged works and listing open issues. It provides specific technical details like service names (WMStatsServer, RucioConmon), paths (/store/unmerged), and concepts (protected LFNs). However, while it claims to be 'Based on the available documentation,' it provides no actual citations, documentation references, or source links to support its specific claims. Per the guardrail, unsupported specifics without citations should score lower on specificity. The answer is internally consistent and would give an operator a reasonable starting point, but they would need to verify the details independently."
question_18,benchmarking-gemma4-on-opt-rerun-20260416_053838,glm-5.1,"The question asks how to create a container and specifically requests the rucio command to run it. The generated 'answer' is just a raw source snippet showing that CREATE_CNT is a DID permission, not a synthesized response. It provides no explanation of how to create a container and does not give the actual rucio command (e.g., `rucio add-container`). CREATE_CNT appears to be a permission/privilege name, not the command itself, so the answer is misleading and incomplete."
question_19,benchmarking-gemma4-on-opt-rerun-20260416_053838,glm-5.1,"The answer attempts to provide the rucio CLI command for creating a rule (`rucio add-rule`), which is relevant to the question. However, the syntax provided is incomplete—the actual command requires a copies parameter: `rucio add-rule <did> <copies> <rse-expression>`. The answer admits the sources didn't contain this command but still provides an unsupported and partially incorrect syntax. The API parameter names (rule_rse_expression, etc.) are Python API parameters, not CLI parameters, which could confuse an operator."
question_20,benchmarking-gemma4-on-opt-rerun-20260416_053838,glm-5.1,"The answer addresses the CLI structure change question by explaining the migration pattern from `rucio` to `rucio-admin` for administrative commands, providing a concrete example and summary table. However, it admits lacking version-38-specific documentation, so the generalization may not fully capture all changes in that version. The answer provides one specific example but doesn't enumerate all affected commands, leaving the operator to determine which of their commands need translation. The claims about the CLI structure change are plausible but presented without cited sources, making them partially unsupported specifics."
question_38,benchmarking-gemma4-on-opt-rerun-20260416_053838,glm-5.1,"The answer directly addresses both parts of the question: PnR Campaign manager responsibilities and the `partial_copy` parameter. It provides detailed bullet points for responsibilities and a thorough explanation of `partial_copy` including its definition, functionality, and impact. However, the answer cites specific JIRA ticket numbers (PRCAMPAIGNS-356, PRCAMPAIGNS-480, CMSPROD-125) and campaign names without showing the actual source content or tool output that supports these claims — this raises concerns about whether these specifics are grounded in retrieved sources or could be fabricated. The `partial_copy` explanation is concrete and actionable, but the ticket references appear unsupported by shown evidence. Without seeing the actual retrieved sources, source faithfulness cannot be fully verified, but the answer references sources without demonstrating their content."
question_21,benchmarking-gemma4-on-opt-rerun-20260416_053838,glm-5.1,"The question asks specifically how to set quota for an account on a given RSE in Rucio. The answer acknowledges it doesn't have a direct 'set-quota' command and instead provides information about global quota configuration and how to check/observe quotas, which are related but don't answer the core question. The answer is honest about its limitations rather than fabricating a command, which is good for trustworthiness but means it fails to provide the actual solution. The specific commands provided (rucio-admin config get, rucio list-account-usage) are concrete but for observation rather than the requested action of setting quotas."
question_22,benchmarking-gemma4-on-opt-rerun-20260416_053838,glm-5.1,"The answer addresses the question of checking incomplete blocks in DAS but provides vague guidance on the DAS query method itself — the core of what was asked. It gives a Rucio command (`rucio list-dataset`) that doesn't actually list block completion status, and cites ticket numbers (CMSTRANSF-341, CMSTRANSF-366) without any supporting source citations, which is worse than honest vagueness per evaluation principles. A CMS operator would get a general starting direction but would need significant additional investigation to actually identify incomplete blocks."
question_46,benchmarking-okg-live-gemma4-26b-thinking-on-20260422_041114,glm-5.1,"The question asks for a specific date when T0_CH_CERN_Tape was disabled for production output. The generated answer is raw search results rather than a synthesized response. While one item (CMSTRANSF-773) is highly relevant, mentioning 'We disabled sending prod output to CERN tape during HI run,' it does not provide the actual date. The answer requires the operator to sift through 50 search results and investigate further. No direct answer to the 'when' question is provided."
question_1,benchmarking-okg-live-gemma4-26b-thinking-on-20260422_041114,glm-5.1,"The generated answer is a complete non-response, providing no information whatsoever. The question asks for an approach to debug exit code 50513 (SCRAMScriptFailure) in production workflows, but the answer is empty. Per the evaluation principles, non-responses score 1 on all dimensions."
question_23,benchmarking-okg-live-gemma4-26b-thinking-on-20260422_041114,glm-5.1,"The generated answer is a non-response, as it explicitly states that no answer was generated. Therefore, it completely fails to address the user's question about finding the full gridpack file path. According to the evaluation principles, non-responses must score 1 on all dimensions."
question_39,benchmarking-okg-live-gemma4-26b-thinking-on-20260422_041114,glm-5.1,"The answer directly addresses the policy question for both HLTSCOUT and L1SCOUT datasets, providing the core policy (aligned with MINIAOD*), a specific parameter (1-year lifetime), and relevant operational context. It cites specific JIRA tickets (CMSTRANSF-1215, CMSTRANSF-829, CMSTRANSF-948, CMSTZ-1069) which allows verification, and includes actionable details like the subscription lifetime and repack workflow production. The main minor gap is that the L1SCOUT persistence issue (data disappearing after 1-2 weeks) is raised but not clearly resolved—leaving some ambiguity about whether this is still an active problem or has been addressed. Overall, an operator would have a clear understanding of the current policy and where to look for more details."
question_24,benchmarking-okg-live-gemma4-26b-thinking-on-20260422_041114,glm-5.1,"The answer directly addresses the question by searching for 'Winter 26' and reporting it wasn't found, which is relevant. However, it then pivots to tangentially related items (publication plans, downtime schedules) that don't answer the actual campaign status question. The completeness is partial—it couldn't find the campaign but offered related context rather than confirming whether such a campaign exists at all. Specificity is mixed: the downtime details (specific services, dates) are concrete and appear grounded in search results, but the core answer is honestly vague ('couldn't find it'). Helpfulness is moderate—an operator learns the campaign wasn't found in searches but would need to provide more context or investigate elsewhere to make progress."
question_25,benchmarking-okg-live-gemma4-26b-thinking-on-20260422_041114,glm-5.1,"The question asks where to find full logs for a workflow, which is a specific operational question requiring a concrete answer about log locations or access methods. The generated answer is a non-response, stating 'No answer generated by the agent,' which provides zero information. Per the evaluation principles, non-responses and empty answers score 1 on all dimensions."
question_26,benchmarking-okg-live-gemma4-26b-thinking-on-20260422_041114,glm-5.1,"The answer directly addresses how to access WMAgent configuration by providing three concrete approaches: a documentation page, a repository, and a knowledge graph query method. The node IDs and repository names appear grounded in the knowledge graph context, meeting the specificity guardrail. However, it doesn't provide the most direct answer (e.g., actual file paths on disk or commands to view the running config), instead pointing to documentation and repositories as sources to consult. This makes it helpful but requires some additional investigation by the operator."
question_47,benchmarking-okg-live-gemma4-26b-thinking-on-20260422_041114,glm-5.1,"The answer directly addresses the question by providing the exact query output for the amount of data deleted in the Deletion Campaign 2025, making it highly relevant and specific (showing index, filters, and exact byte count). However, the time window used is only 'now-24h → now', which likely does not cover the entire campaign if it spans a longer period, leaving the completeness lacking regarding the total cumulative data. It is still helpful because it provides the exact query structure, allowing the operator to easily adjust the time window to get the full total."
question_40,benchmarking-okg-live-gemma4-26b-thinking-on-20260422_041114,glm-5.1,"The answer directly addresses the MINIAOD policy change in 2025, covering the previous policy, the new policy, and operational impact. It includes specific JIRA ticket references (CMSTRANSF-1215, CMSTRANSF-1069, CMSTRANSF-1225) and data values (~2.5PB, ~7% of US T2 space). However, these specifics lack explicit citations or linked sources, raising concerns about whether they are grounded in verified tool output or documentation. The completeness is slightly reduced because the lifetime change mentioned (1-year) applies to HLTSCOUT/L1SCOUT rather than MINIAOD itself, leaving some ambiguity about what exactly changes for MINIAOD datasets specifically. Overall, an operator would find this a useful starting point but would need to verify the ticket references and data claims."
question_27,benchmarking-okg-live-gemma4-26b-thinking-on-20260422_041114,glm-5.1,"The answer directly addresses the question by summarizing three distinct issues with Winter26 workflows, organized clearly with JIRA references and specific error codes. It provides concrete details like CMSPROD ticket numbers, error codes 8001 and 50513, affected sites (CERN, FNAL), and the count of affected TSG workflows (13). However, workflow chain examples use ellipses rather than full names, and while it references JIRA activity, it doesn't explicitly show tool output or citations to verify the specific claims. For a CMS operator, this summary is actionable—they can look up the referenced JIRA tickets, monitor the specific error codes, and track the pending patch deployment."
question_48,benchmarking-okg-live-gemma4-26b-thinking-on-20260422_041114,glm-5.1,"The question asks for a specific link to a workflow updater document. The answer couldn't find the exact page but provided the closest alternatives — three TWiki validation pages that reference the WorkflowUpdater component. This is relevant and provides specific links, but it doesn't fully satisfy the request since the exact document wasn't located. An operator would need to click through the provided links to determine if any contain the desired information, which adds investigation overhead."
question_41,benchmarking-okg-live-gemma4-26b-thinking-on-20260422_041114,glm-5.1,"The generated answer is a non-response ('No answer generated by the agent.'), which provides no information regarding the trustpulists field for minbias workflows. According to the evaluation principles, non-responses must score a 1 on all dimensions. Therefore, it fails completely on relevance, completeness, specificity, and helpfulness."
question_42,benchmarking-okg-live-gemma4-26b-thinking-on-20260422_041114,glm-5.1,"The answer directly addresses the user's question by stating that the source code location for Unified is not available in the system's graph (attributes are null). It provides specific details about the node type (`infrastructure_service`, `svc:Unified`) and explains exactly why it cannot provide the repository URL. However, while it honestly communicates the limitation, it doesn't solve the user's actual problem of finding the Unified source code, requiring the operator to seek the information through other channels."
question_4,benchmarking-okg-live-gemma4-26b-thinking-on-20260422_041114,glm-5.1,"The answer directly and precisely addresses both parts of the user's question, explaining who sets the MergedLFNBase (McM/PdmV at creation, Unified at assignment) and how it is correctly set based on production type. It provides highly specific, actionable details, including exact system names (ReqMgr2, campaigns.), correct LFN paths, and workflow statuses. Based on its own quality, the answer is comprehensive, directly relevant, and highly helpful for an operator to understand the lifecycle and configuration of this value."
question_6,benchmarking-okg-live-gemma4-26b-thinking-on-20260422_041114,glm-5.1,"The answer directly addresses the prompt by summarizing CMSDM and CMSTRANSF activities for 2025, but it focuses almost entirely on transfer volumes and failures (CMSTRANSF) without distinctly detailing CMS Data Management (CMSDM) activities like rule management or dataset lifecycle. More critically, it provides highly specific data volumes (e.g., '~455k transfers', '~137k transfers') and error counts without any citations, tool outputs, or documentation references. Since 2025 is a future or very recent year relative to typical training data, these specific claims appear fabricated and unsupported, violating the guardrail against invented data values and making the answer untrustworthy for an operator."
question_7,benchmarking-okg-live-gemma4-26b-thinking-on-20260422_041114,glm-5.1,"The question asks about the meaning of a specific conditional statement in WMCore code (`if PhEDExNodeName in blockDict[""PhEDExNodeNames""] or useAAA:`). The generated answer is not an answer at all—it's a raw knowledge graph search result showing related WMCore entities/nodes. It contains no explanation of what the code does, no context about PhEDExNodeName, blockDict, or useAAA, and no reference to the actual source code. This is essentially a non-response that completely fails to address the question."
question_5,benchmarking-okg-live-gemma4-26b-thinking-on-20260422_041114,glm-5.1,"The answer directly addresses the question by identifying the required operation from the ticket as a 'detach' and providing the appropriate Rucio command structure. It honestly acknowledges that the specific dataset and file names are missing from the ticket data rather than inventing them, which aligns well with the evaluation guardrails. However, the command syntax uses `<file_lfn>` for detaching a file, whereas detaching a block would typically involve detaching a dataset from a container, making the placeholder slightly inaccurate for a 'block' operation, though the base command is correct."
question_8,benchmarking-okg-live-gemma4-26b-thinking-on-20260422_041114,glm-5.1,"The answer directly addresses the user's question by identifying specific Jira tickets related to the decommissioning of Russian T2s. It provides concrete, actionable details including exact ticket numbers (which appear grounded in tool output via the 'jira:' prefix), titles, and summaries of the tickets' contents. An operator could immediately use this information to track the decommissioning of T2_RU_INR and review the associated data analysis, making it highly helpful and complete."
question_9,benchmarking-okg-live-gemma4-26b-thinking-on-20260422_041114,glm-5.1,"The generated answer is a non-response, explicitly stating that no answer was generated by the agent. According to the evaluation principles, non-responses such as empty answers or explicit refusals to answer score a 1 on all dimensions. Since there is no content provided, it completely fails to address the question, provide any details, or help the operator."
question_28,benchmarking-okg-live-gemma4-26b-thinking-on-20260422_041114,glm-5.1,The question asks about the current PnR (Prompt and Resume) policy regarding operations and request handling by different parties in CMS Computing Operations. The generated answer is completely empty - 'No answer generated by the agent.' This is a non-response that provides zero information on any aspect of the question.
question_10,benchmarking-okg-live-gemma4-26b-thinking-on-20260422_041114,glm-5.1,"The question asks for a specific procedure (creating a Tier0 release), and the answer honestly admits it doesn't have that playbook available rather than fabricating steps. It offers relevant alternative paths using specific tools (recent_incidents, search_by_type, service_dependencies) to help the operator find the information. However, the core 'how-to' is not provided, leaving a significant gap in completeness. The specificity is mixed—tool suggestions are concrete, but the actual procedural answer is absent."
question_49,benchmarking-okg-live-gemma4-26b-thinking-on-20260422_041114,glm-5.1,"The question asks for a specific date/time when wma_prod copies were reduced from 2 to 1. The answer returns raw JSON query results with three related JIRA tickets about wma_prod rule deletion/cleanup, but none of these tickets explicitly address the copy reduction from 2 to 1, and crucially, no date or timing information is provided at all. The system also indicates low confidence ('confident': false). While the tickets are tangentially related to wma_prod operations, they do not answer the actual question about when the copy reduction occurred."
question_50,benchmarking-okg-live-gemma4-26b-thinking-on-20260422_041114,glm-5.1,"The question asks about a specific date when FTS enabled the overwrite-on-buffer feature for CMS. The generated answer is a non-response ('No answer generated by the agent.'), which provides no information whatsoever. According to the evaluation principles, non-responses score 1 on all dimensions."
question_11,benchmarking-okg-live-gemma4-26b-thinking-on-20260422_041114,glm-5.1,"The answer directly acknowledges the user's question about deploying tier 0 replay but honestly admits it lacks the specific playbook, avoiding the risk of fabricating steps. While it completely misses providing the actual deployment procedure (low completeness and specificity for the task itself), it remains on-topic and offers concrete, actionable alternative steps using specific tools (investigate_issue, find_issues_about, knowledge graph search) to help the operator find the answer. This makes it somewhat helpful as a starting point, though the operator cannot proceed with the deployment based on this answer alone."
question_29,benchmarking-okg-live-gemma4-26b-thinking-on-20260422_041114,glm-5.1,"The question asks where to check site readiness and downtime status referenced by production tickets. The answer directly names a specific skill (`site_health_check`) and explains the four areas it covers (MONIT/Condor metrics, operational incidents, JIRA context, service endpoints), which aligns well with the question's scope. The skill name and tool references (MONIT, Condor, XRootD, JIRA) are concrete and plausible for CMS computing, though the skill name itself is offered without cited documentation. An operator would have a clear, actionable next step—invoke that skill or provide a site/ticket number to the assistant."
question_30,benchmarking-okg-live-gemma4-26b-thinking-on-20260422_041114,glm-5.1,"The generated answer is a non-response, stating only that no answer was generated by the agent. According to the evaluation principles, non-responses should score 1 on all dimensions. The question asks about specific conditions for rule states, but the answer provides zero information to address this."
question_31,benchmarking-okg-live-gemma4-26b-thinking-on-20260422_041114,glm-5.1,"The answer directly addresses the question by clearly defining the purpose, workload type, and context for each of the three schedds, and then synthesizing the differences into a comparative table. It provides specific, well-supported details such as the associated submission tools (CRAB, WMAgent), workload types (Analysis, Production, T0 Processing), and target sites, even citing relevant Jira tickets. This makes the answer highly actionable and informative for a CMS computing operator."
question_12,benchmarking-okg-live-gemma4-26b-thinking-on-20260422_041114,glm-5.1,"The generated answer is 'No answer generated by the agent,' which is a complete non-response. The question asks specifically about creating rules using local account quota for T2_CH_CERN with user identities in t2_ch_cern_local_users, but the answer provides zero information. Per the evaluation principles, non-responses should score 1 on all dimensions."
question_32,benchmarking-okg-live-gemma4-26b-thinking-on-20260422_041114,glm-5.1,"The answer directly and precisely addresses all parts of the question: who controls the transition, how it is controlled, and how it can fail, resulting in high relevance and completeness scores. It provides specific, actionable technical details regarding CMS tools (Unified, WMAgent, Rucio) and failure modes (EfficiencyChecks, Rucio rules), which are highly helpful to an operator. However, the inclusion of specific JIRA ticket numbers and operator handles (e.g., CMSPROD-33, @pjasal) without verifiable source context poses a significant risk of being fabricated hallucinations; per the evaluation guardrails, unsupported specific claims are worse than honest vagueness, which lowers the specificity score despite the otherwise accurate architectural details."
question_13,benchmarking-okg-live-gemma4-26b-thinking-on-20260422_041114,glm-5.1,"The answer directly addresses how to find a block name from a LumiList using DAS, proposing a two-step reverse lookup approach. However, the suggested queries like 'run=398420 lumi=550' and 'block dataset=... run=... lumi=...' are not demonstrated in the provided documentation — the 'lumi' key is only shown in 'file' queries with 'dataset', not with 'run' or 'block' queries. The claim that 'run=398420 lumi=550' will return datasets/blocks is unsupported by the examples. The approach is logically sound but the specific query patterns may not work as described, leaving an operator to troubleshoot."
question_43,benchmarking-okg-live-gemma4-26b-thinking-on-20260422_041114,glm-5.1,"The question asks for a specific technical explanation about why overwrite is not enabled for tape transfers. The generated answer is a non-response - 'No answer generated by the agent' provides zero information. According to the evaluation principles, non-responses score 1 on all dimensions."
question_14,benchmarking-okg-live-gemma4-26b-thinking-on-20260422_041114,glm-5.1,"The answer incorrectly asserts that the luminosity range is a property of the run rather than the individual file. In CMS, a run is divided into lumisections, and individual files contain specific lumi ranges within that run. The suggested command `dasgoclient -query ""run 398420""` will not return the lumi ranges for the specified files. The correct approach would be to query the file metadata for lumis, such as `dasgoclient -query ""lumi file=/store/...""`. Because the answer operates on a fundamentally incorrect premise about CMS data structures, it misleads the operator."
question_33,benchmarking-okg-live-gemma4-26b-thinking-on-20260422_041114,glm-5.1,"The generated answer is 'No answer generated by the agent', which constitutes a complete non-response. The question asks about Production Output activity, rule creation, and output destinations, but the answer provides zero information on any of these topics. Per the evaluation principles, non-responses score 1 on all dimensions."
question_2,benchmarking-okg-live-gemma4-26b-thinking-on-20260422_041114,glm-5.1,"The generated answer is a non-response, explicitly stating that no answer was generated by the agent. Because there is no content provided, it completely fails to address the operator's question regarding Tier-0 reprocessing procedures. Following the evaluation principles, non-responses must receive a score of 1 on all dimensions."
question_34,benchmarking-okg-live-gemma4-26b-thinking-on-20260422_041114,glm-5.1,"The answer precisely addresses both parts of the question, defining Rucio probes and detailing their use in monitoring without any irrelevant information. It is highly complete, covering the nature of the probes, their integration with monitoring systems like Prometheus and Nagios, and the specific dimensions they monitor (storage, health, queues). While the response provides rich, concrete details such as metric names (rucio_probes_report_used_space) and tool integrations, it lacks explicit citations or links to the documentation it references, warranting a slight reduction in specificity. Overall, an operator would find this highly helpful for understanding and navigating the Rucio monitoring ecosystem."
question_15,benchmarking-okg-live-gemma4-26b-thinking-on-20260422_041114,glm-5.1,"The answer directly provides the exact CLI command requested (`rucio rule info <rule_id>`) and anticipates the user might not have the rule ID by offering alternative commands (`rucio ls`, `rucio dataset info`). The details are concrete, actionable, and accurate for the Rucio CLI, allowing an operator to immediately execute the command."
question_44,benchmarking-okg-live-gemma4-26b-thinking-on-20260422_041114,glm-5.1,"The generated answer is 'No answer generated by the agent,' which constitutes a complete non-response. It does not address the question about staging a single raw file from tape in any way. Per the evaluation principles, non-responses should score 1 on all dimensions."
question_51,benchmarking-okg-live-gemma4-26b-thinking-on-20260422_041114,glm-5.1,"The answer is relevant as it attempts to provide links related to WMAgent training, though it acknowledges it could not find a single definitive document. Completeness is moderate because it provides multiple potential URLs and titles rather than the specific one requested. Specificity is good, offering concrete URLs and a JIRA ticket number without inventing unsupported data. Helpfulness is moderate; an operator has starting points but must investigate further to find the exact document."
question_16,benchmarking-okg-live-gemma4-26b-thinking-on-20260422_041114,glm-5.1,"The question asks for a specific DAS query for run 393974 and dataset /IonPhysics16/pORun2025-v1/RAW, which would be a straightforward command like 'dataset run=393974 dataset=/IonPhysics16/pORun2025-v1/RAW'. The generated answer never provides an actual DAS query — instead, it narrates an internal reasoning process about searching for the dataset, introduces a garbled run number '3anc393974', and ultimately delivers nothing actionable. This is essentially a non-response dressed up with narrative filler."
question_17,benchmarking-okg-live-gemma4-26b-thinking-on-20260422_041114,glm-5.1,"The question asks for the Rucio command to see the location of a block. In CMS/Rucio terminology, a 'block' maps to a Rucio dataset, and the correct command would be `rucio list-dataset-replicas`. The answer incorrectly states that 'block' refers to a File or Dataset, and provides fabricated/non-existent commands (`rucio find --name` and `rucio list --dataset` are not valid Rucio CLI commands). Per the evaluation guardrails, unsupported specifics that appear invented should score lower than honest vagueness, as they would mislead an operator. The monitoring tool queries offered at the end provide minimal salvage value but don't answer the CLI question asked."
question_52,benchmarking-okg-live-gemma4-26b-thinking-on-20260422_041114,glm-5.1,"The answer directly and precisely addresses the transition status by outlining the current 'rollout and revert' phase, covering active rollouts, regressions, and ongoing technical issues. It provides highly specific, well-supported details including JIRA ticket numbers (e.g., CMSTRANSF-1221, CMSBR-841), site names, and configuration parameters, avoiding unsupported fabrication. This makes it exceptionally helpful for an operator, offering a clear, actionable summary of the current operational state and specific issues to track."
question_53,benchmarking-okg-live-gemma4-26b-thinking-on-20260422_041114,glm-5.1,"The answer directly addresses the question by using Rucio transfer logs to determine that MC data transfers to CERN Tape stopped over a year ago. It provides a highly specific and grounded lower bound (prior to the last 365 days) because the monitoring logs only cover that window, and details the exact activities and paths checked (/store/mc/*, T0_CH_CERN_Tape) to justify the conclusion. While it cannot provide the exact date of discontinuation due to the 365-day log limitation, it offers the most precise answer possible with the available data."
question_35,benchmarking-okg-live-gemma4-26b-thinking-on-20260422_041114,glm-5.1,"The answer is relevant and stays on-topic for file integrity in the CMS context, but it doesn't directly teach the operator how to check file integrity — instead it offers to investigate different angles if more info is provided. It misses the most fundamental answer: computing/verifying checksums (adler32, crc32) using tools like gfal-sum or Rucio CLI commands. The specifics provided are naming conventions and event types rather than actionable commands or procedures. An operator asking this general question would not be able to immediately act on this answer without first providing additional context and then receiving further guidance."
question_36,benchmarking-okg-live-gemma4-26b-thinking-on-20260422_041114,glm-5.1,"The generated answer is 'No answer generated by the agent,' which is a complete non-response. The question asks about reasons a rule may get stuck in INJECT state, a technical question about CMS Computing Operations, but the answer provides zero information. Per the evaluation principles, non-responses should score 1 on all dimensions."
question_3,benchmarking-okg-live-gemma4-26b-thinking-on-20260422_041114,glm-5.1,"The generated answer is a non-response, stating 'No answer generated by the agent.' According to the evaluation principles, empty answers or non-responses must receive a score of 1 on all dimensions. Therefore, it fails to address the question, provide any specific details, or offer any helpful guidance."
question_45,benchmarking-okg-live-gemma4-26b-thinking-on-20260422_041114,glm-5.1,"The question asks about the primary use of two specific Rucio accounts. The answer directly addresses this by identifying 'Production Output' as the primary activity, which is relevant and complete. However, the specificity dimension raises concerns: the answer provides specific numerical claims (58,771 events, 9 events) and attributes them to 'Rucio event logs from the last 24 hours' without citing any source, showing tool output, or providing documentation references. Per the evaluation guardrails, unsupported specifics are worse than honest vagueness — these numbers could be fabricated and would mislead an operator. The core answer (Production Output activity) is specific and helpful, but the unsupported data values reduce trustworthiness."
question_37,benchmarking-okg-live-gemma4-26b-thinking-on-20260422_041114,glm-5.1,"The answer directly addresses both parts of the question: explaining how MSUnmerged works and discussing issues that might affect it. The explanation of how the service works is clear and covers monitoring, cleanup, RSE maintenance, and integration. However, the 'open issues' section raises concerns under the specificity guardrail: it cites specific JIRA ticket numbers (CMSDM-190, CMSVOC-272, CMSVOC-5R0, CMSDM-334) without any evidence or citations that these exist or are currently open. The question specifically asks about 'open issues' but the answer doesn't confirm whether these are currently open or resolved historical issues. The general categories of problems (memory exhaustion, permissions, storage bloat, scaling) are reasonable and the operator summary provides some actionable steps, but the unsupported specific ticket references are problematic."
question_18,benchmarking-okg-live-gemma4-26b-thinking-on-20260422_041114,glm-5.1,"The generated answer is a non-response, providing no information at all. According to the evaluation principles, non-responses such as empty answers score a 1 on all dimensions. Therefore, the answer fails to address the question, provide any details, or help the operator."
question_19,benchmarking-okg-live-gemma4-26b-thinking-on-20260422_041114,glm-5.1,"The answer correctly identifies the command name (`rucio add-rule`) but provides a fundamentally incorrect syntax, replacing the required `<copies>` and `<rse_expression>` arguments with `<src_rse>` and `<dst_rse>`. The provided examples would result in execution errors for an operator. While highly relevant to the prompt, the specific argument details are unsupported and incorrect, violating the guardrail against unsupported specifics being worse than honest vagueness."
question_20,benchmarking-okg-live-gemma4-26b-thinking-on-20260422_041114,glm-5.1,"The question asks specifically for the Rucio CLI command compatible with the new structure in client version 38. The answer does not provide this information at all—instead, it explains that it doesn't have access to CLI documentation and offers to help with operational monitoring tasks instead. While the answer is honest about its limitations (which is better than fabricating specifics), it doesn't address the core question. The redirect to describe operational tasks is tangentially related but doesn't help the operator get the CLI syntax they need."
question_38,benchmarking-okg-live-gemma4-26b-thinking-on-20260422_041114,glm-5.1,"The generated answer is simply raw JSON output from a search tool and does not contain a synthesized explanation for either the PnR Campaign manager responsibilities or the meaning of the `partial_copy` parameter. While the search results touch on the general subject area (PnR, campaigns), they do not actually answer the specific questions asked, forcing the user to manually parse the JSON and investigate the linked snippets themselves."
question_21,benchmarking-okg-live-gemma4-26b-thinking-on-20260422_041114,glm-5.1,"The question asks how to set a Rucio quota for an account at a given RSE, which implies a technical how-to (likely the Rucio CLI command or API). The answer instead focuses on the CMS organizational process for requesting quotas, which is useful context but misses the core technical answer—the actual Rucio command (e.g., `rucio-admin account quota add`). It provides specific JIRA ticket references and examples (account names, RSE names, sizes), but for a site administrator who needs to actually execute the quota-setting operation, the answer lacks the essential technical step. The organizational guidance is relevant but incomplete for the stated question."
question_22,benchmarking-okg-live-gemma4-26b-thinking-on-20260422_041114,glm-5.1,"The question asks for a method or specific query to identify incomplete blocks within a dataset in DAS. The generated answer is merely a raw JSON output of a search or entity resolution query for the term 'DAS', returning candidate nodes rather than a human-readable answer or instructions. Consequently, it completely fails to address the user's question about how to check for incomplete blocks."
question_46,benchmarking-qwen122b-off-bare-llm-20260420_144108,glm-5.1,"The answer directly addresses when T0_CH_CERN_Tape was disabled, providing a specific date of May 2012. However, this specific claim is entirely unsupported—no citations, documentation references, ticket numbers, or tool outputs are provided to verify this date. According to the evaluation criteria, unsupported specifics should score lower than honest vagueness because they may be fabricated and mislead an operator. The surrounding contextual details about LHCb/ATLAS/T0 infrastructure also lack sources. An operator would need to independently verify this claim before trusting it."
question_1,benchmarking-qwen122b-off-bare-llm-20260420_144108,glm-5.1,"The answer directly addresses the 50513 exit code by analyzing the provided log in detail, identifying the SetupCMSSWPset failure, and noting the potential python/gcc mismatch (gcc9 python path invoked on a gcc12 scram arch). It covers diagnosis, troubleshooting steps, mitigation, and a summary—addressing all aspects of the question. Specificity is strong with concrete commands (scramv1 project, python3 -m py_compile), specific file references (PSet.py, PSetTweak.json), and configuration values extracted from the log. However, some claims are speculative—e.g., 'known issues' with WMCore 2.4.5 are not cited, and the gcc9/gcc12 mismatch is presented as 'most likely' without definitive evidence. Helpfulness is high but not perfect because the root cause diagnosis is inferential; an operator following the gcc mismatch hypothesis might find a different underlying issue."
question_23,benchmarking-qwen122b-off-bare-llm-20260420_144108,glm-5.1,"The question is asked in the context of CMS Computing Operations, where 'gridpack' refers to a Monte Carlo generation input file (e.g., MadGraph gridpacks used in CMS physics simulation workflows). The generated answer completely misunderstands the term, interpreting it as an NREL power-grid C++ library, a generic GIS/game file, or a generic HPC simulation package. While it provides detailed file-finding commands, they are directed at the entirely wrong domain. This makes the answer largely off-topic and actively misleading for a CMS operator."
question_39,benchmarking-qwen122b-off-bare-llm-20260420_144108,glm-5.1,"The question asks about the current policy for HLTSCOUT and L1SCOUT datasets, which in CMS Computing Operations context typically refers to data management policies (retention, storage tiers, replication rules in Rucio, etc.). The answer interprets 'policy' broadly as access/usage policy rather than operational data management policy. It provides a lengthy educational overview of what these datasets are and general access principles, but lacks the specific operational policy details a CMS operator would need (retention periods, disk/tape rules, Rucio replication rules, tier placement). The specifics it does provide (Rucio commands, XRootD endpoints) are general tool references rather than policy-specific information, and many claims about access restrictions and purpose limitations lack citations to actual CMS policy documents."
question_24,benchmarking-qwen122b-off-bare-llm-20260420_144108,glm-5.1,"The question asks about a 'Winter 26 campaign' in the context of CMS Computing Operations, where 'campaigns' typically refer to data processing or computing campaigns (e.g., data reconstruction, simulation production). The generated answer completely misses this context, instead speculating about gaming, charity, or retail campaigns. This is a fundamental context failure. While the answer attempts to address 'Winter 26 campaign' as a phrase, it does so entirely in wrong domains, providing irrelevant speculation and asking for clarification rather than acknowledging the CMS computing context."
question_25,benchmarking-qwen122b-off-bare-llm-20260420_144108,glm-5.1,"The question is asked in the context of CMS Computing Operations, where 'workflow' refers to CMS-specific processing workflows (e.g., CRAB tasks, WMAgent/WorkQueue workflows, ReqMgr workflows). The generated answer completely misses this context and instead provides a generic guide for unrelated CI/CD platforms (GitHub Actions, Jenkins, AWS Step Functions, etc.) that CMS computing operators do not use. While the answer is detailed for those wrong platforms, it fails to address the actual CMS computing ecosystem at all, making it irrelevant and potentially misleading."
question_26,benchmarking-qwen122b-off-bare-llm-20260420_144108,glm-5.1,"The answer directly addresses how to access WMAgent configuration across multiple contexts (runtime inspection, file locations, programmatic access), making it highly relevant. It covers most aspects a CMS operator would need, though it could include more CMS-specific deployment details. The specificity is mixed - the answer provides concrete paths, commands, and Python code snippets, but these are presented without citations or references to documentation. The paths like /data/srv/wmagent/current/config/ appear to be based on general domain knowledge rather than cited sources, which puts them in a middle ground between supported specifics and honest vagueness. An operator would find this helpful as a starting point, though they might need to verify some details for their specific deployment."
question_47,benchmarking-qwen122b-off-bare-llm-20260420_144108,glm-5.1,"The answer directly acknowledges it cannot provide the requested data, which is honest and avoids fabrication. However, it offers only generic enterprise suggestions (Snowflake, AWS CloudTrail, BigQuery) that are not specific to CMS Computing Operations. A CMS operator would need CMS-specific guidance (e.g., Rucio, CRAB, CERN MonIT dashboards, specific operations teams) rather than generic cloud/data warehouse tools. The answer is relevant but incomplete and not actionable for the target audience."
question_40,benchmarking-qwen122b-off-bare-llm-20260420_144108,glm-5.1,"The question asks for a summary of a MINIAOD policy change in 2025, presupposing one exists. The answer directly addresses this by stating no such change has been announced, providing context about the Run 3/Run 4 timeline and possible sources of confusion. It's relevant but reframes the premise. Completeness suffers because it doesn't summarize a policy change—instead explaining why one may not exist. Specificity is mixed: it names formats (RNTuple, Parquet) and timelines (Run 4 ~2029, CMSSW 15/16+), but these are general knowledge claims without citations, and some specifics like exact version numbers could be fabricated. The guardrail about unsupported specifics applies here—no sources are cited. Helpfulness is moderate: an operator gets context but must verify the core claim independently."
question_27,benchmarking-qwen122b-off-bare-llm-20260420_144108,glm-5.1,"The question asks about CMS Computing Operations 'Winter26 workflows' - a specific context referring to CMS experiment workflow campaigns. The answer completely misinterprets this as enterprise software releases (Salesforce, Workday, ServiceNow) and future dates, providing irrelevant information about unrelated platforms. It offers no actual information about CMS Winter26 workflows or any issues with them. The answer is confidently wrong about the context and would mislead an operator."
question_48,benchmarking-qwen122b-off-bare-llm-20260420_144108,glm-5.1,"The question asks for a link to 'the workflow updater doc' in a CMS Computing Operations context, which refers to a specific internal CMS tool. The answer completely misses this context and instead provides links to unrelated commercial platforms (UiPath, Power Automate, GitHub Actions, Salesforce) that have nothing to do with CMS computing operations. A CMS operator would find these links entirely useless and potentially confusing. The answer is fundamentally misdirected — it treats a domain-specific request as a generic question about workflow software."
question_41,benchmarking-qwen122b-off-bare-llm-20260420_144108,glm-5.1,"The question asks about a CMS Computing Operations topic (trustpulists field for minbias workflows), but the answer discusses ATLAS instead of CMS. This is a fundamental error - CMS and ATLAS are entirely different experiments with different software stacks (CMSSW vs Athena). The answer provides specific ATLAS configuration code (TrigConf, Athena) that would be wrong and potentially harmful for a CMS operator to follow. The unsupported specifics about ATLAS configuration, presented without citations, are worse than honest vagueness per the evaluation criteria, as they could mislead an operator into applying wrong configurations."
question_42,benchmarking-qwen122b-off-bare-llm-20260420_144108,glm-5.1,"The question is asked in a CMS Computing Operations context, where 'Unified' likely refers to a specific CMS computing tool or framework (e.g., the CMS Unified workflow/configuration system). The generated answer completely misses this context and instead provides information about JavaScript/TypeScript ecosystems, game engines, and communications platforms - none of which are relevant to CMS Computing Operations. While the answer is specific with GitHub URLs, those specifics are for entirely wrong projects and would mislead an operator."
question_4,benchmarking-qwen122b-off-bare-llm-20260420_144108,glm-5.1,"The question asks about a specific ticket (CMSPROD-368) and understanding who/how sets MergedLFNBase. The answer admits it cannot access the ticket, so it completely misses the ticket-specific portion. For the conceptual question, it provides thorough general information about MergedLFNBase mechanisms in CMS (PSet configuration, WMCore/ReqMgr logic, Tier0 scripts), but none of this is grounded in the specific ticket context. The specifics provided (code snippets, SQL queries) are illustrative templates rather than verified, actionable details. An operator gets a reasonable conceptual framework but must still do significant investigation to apply it to their actual ticket."
question_6,benchmarking-qwen122b-off-bare-llm-20260420_144108,glm-5.1,"The question asks for a summary of activity in CMSDM and CMSTRANSF, which are well-known CMS computing systems (CMS Data Management and CMS Transfer). The assistant completely fails to recognize these in their proper context, instead fabricating incorrect acronym expansions ('Capacity Management System for Disaster Management,' 'Capacity Management Strategic Transfer'). It refuses to answer based on claimed temporal constraints and acronym ambiguity, providing no actual activity data. The unsupported specific claims about what the acronyms mean are worse than honest vagueness, as they would mislead an operator. No useful summary, no pointers to dashboards or tools, and no actionable guidance is provided."
question_7,benchmarking-qwen122b-off-bare-llm-20260420_144108,glm-5.1,"The answer directly addresses what the specific code line does, breaking down both conditions of the `or` statement clearly. It explains the left side (checking if a node name exists in the block's list of nodes) and the right side (the AAA override flag for remote data access), then synthesizes the functional purpose. The answer is relevant and complete for the question asked. Specificity is good - it explains the variables, the data structures, and the functional context - though some claims about exact class names and the AAA acronym aren't cited from source. Helpfulness is solid as an operator would understand the code's purpose and behavior."
question_5,benchmarking-qwen122b-off-bare-llm-20260420_144108,glm-5.1,"The question asks for specific rucio commands based on a particular Jira ticket. The assistant honestly acknowledges it cannot access the ticket and requests the user paste the ticket details, which is better than fabricating specifics. However, the core request—providing the exact commands for the ticket's operations—remains unfulfilled. The generic rucio command templates are relevant and specific in syntax but not tailored to the actual operations needed, making them only somewhat actionable."
question_8,benchmarking-qwen122b-off-bare-llm-20260420_144108,glm-5.1,"The question asks about CMS Russian Tier-2 (T2) computing site decommissioning tickets, a well-known topic in CMS Computing Operations. The answer fundamentally misunderstands the domain, interpreting 'T2' as AWS T2 instances rather than WLCG Tier-2 sites. While it correctly notes it can't access ticketing systems, the bulk of the response is about irrelevant AWS context, historical bombers, and generic advice about searching internal portals. This actively misleads rather than helps a CMS operator."
question_9,benchmarking-qwen122b-off-bare-llm-20260420_144108,glm-5.1,"The question asks for specific topic analysis of CMSTRANSF tickets in a given range, which requires access to an internal Jira instance the assistant doesn't have. The answer honestly acknowledges this limitation rather than fabricating data, and provides concrete alternatives including a specific JQL query syntax, export steps, and analysis tools. It's relevant and specific in its guidance but cannot directly answer the core question, leaving the operator to do significant work themselves."
question_28,benchmarking-qwen122b-off-bare-llm-20260420_144108,glm-5.1,"The question asks about the 'PnR policy' in the context of CMS Computing Operations, but the generated answer completely fails to recognize this domain. Instead, it provides a generic disambiguation of what 'PnR' could mean across unrelated industries (VLSI, Healthcare, Travel, Sports). The answer doesn't address the actual CMS-specific question at all, though it attempts to engage by asking for clarification. A CMS computing operator would find this unhelpful since the context is clearly established in the question."
question_10,benchmarking-qwen122b-off-bare-llm-20260420_144108,glm-5.1,"The question asks about creating a Tier0 release in the context of CMS Computing Operations, where 'Tier0' refers to CERN's Tier-0 computing center and Tier0 software (like T0/WMAgent) used for CMS data processing. The generated answer completely misunderstands the context, interpreting 'Tier0 release' as an SAP Solution Manager concept about baseline software versions. While the answer is detailed and well-structured within its incorrect framework, it is entirely irrelevant to CMS computing operations. A CMS operator would find this answer actively misleading rather than helpful."
question_49,benchmarking-qwen122b-off-bare-llm-20260420_144108,glm-5.1,"The question asks for a specific date when a configuration change occurred. The assistant honestly admits it cannot access the relevant systems to provide this date, which is better than fabricating one. However, the actual question (when did this happen?) remains unanswered. The guidance about where to look (IaC repos, change management systems, audit logs) provides some useful specific tool names but no actionable queries grounded in the operator's actual systems."
question_50,benchmarking-qwen122b-off-bare-llm-20260420_144108,glm-5.1,"The question asks about when FTS (File Transfer Service at CERN) enabled an 'overwrite-on-buffer' feature for CMS (Compact Muon Solenoid experiment). The generated answer completely misunderstands the context, interpreting FTS as 'Flash Translation Layer' and CMS as 'Concurrent Mixed Storage' in embedded systems. This fundamental domain error means the answer addresses a completely different technical domain. While it provides specific details about flash storage configurations, these specifics are entirely irrelevant and misleading for a CMS computing operator who works with CERN data transfer infrastructure."
question_11,benchmarking-qwen122b-off-bare-llm-20260420_144108,glm-5.1,"The question asks about deploying 'tier 0 replay' in the context of CMS Computing Operations, which refers to the CMS experiment at CERN and its Tier-0 computing center data replay/reprocessing workflow. The generated answer completely misunderstands the domain, interpreting 'Tier 0 replay' as generic cloud/security concepts (Zero Trust Architecture, replay attacks) that have nothing to do with CMS computing. This makes the answer fundamentally irrelevant to what was asked."
question_29,benchmarking-qwen122b-off-bare-llm-20260420_144108,glm-5.1,"The question asks specifically about where to check site readiness and downtime status in the context of CMS Computing Operations production tickets. The answer provides a completely generic IT/DevOps response listing tools like Datadog, ServiceNow, and Jira that are not the standard CMS computing tools. For CMS operations, the correct resources would be things like the Site Status Board (SSB), CMS dashboards on cmsweb.cern.ch, or GGUS. The specific tool names given are unsupported and likely wrong for the CMS context, making them potentially misleading rather than helpful."
question_30,benchmarking-qwen122b-off-bare-llm-20260420_144108,glm-5.1,"The question asks about 'rules' staying in 'replicating state' versus becoming 'stuck' - this is clearly Rucio data management terminology used in CMS Computing Operations. The generated answer completely misidentifies the domain as Cisco DNA Center and provides an elaborate but entirely irrelevant response about network device configuration deployment. This is a fundamental domain error that renders the answer useless for a CMS computing operator. While the answer is detailed and structured, all the specifics are about the wrong system and would actively mislead an operator."
question_31,benchmarking-qwen122b-off-bare-llm-20260420_144108,glm-5.1,"The answer directly addresses the question about the differences between the three schedds, so relevance is high. However, the answer makes a significant error by claiming prodschedd 'is likely a variation or a specific site name rather than a universal tier' - in CMS Computing, prodschedd IS a standard schedd used for production workflows via WMAgent/ReqMgr, distinct from CRAB user analysis. This inaccuracy makes the completeness and helpfulness lower, as a key part of the answer (prodschedd) is handled with speculation rather than factual information. Specificity is mixed: crabschedd and tier0schedd get reasonable concrete details, but prodschedd is covered with three speculative scenarios rather than grounded facts, which is worse than honest vagueness per the evaluation guidelines."
question_12,benchmarking-qwen122b-off-bare-llm-20260420_144108,glm-5.1,"The answer directly addresses creating Rucio rules with local account quotas for T2_CH_CERN and the t2_ch_cern_local_users identity store, staying on-topic throughout. It covers prerequisites, quota verification, rule creation (CLI and Python), and key considerations fairly comprehensively. However, some specific commands appear fabricated or inaccurate—e.g., 'rucio update-rule --account' syntax is not valid Rucio CLI, and the Python client API parameters have inaccuracies. The answer also treats 't2_ch_cern_local_users' as a file to parse rather than what it likely is (a Rucio account or identity mapping), which could mislead an operator. Per the guardrails, unsupported specifics score lower than honest vagueness."
question_32,benchmarking-qwen122b-off-bare-llm-20260420_144108,glm-5.1,The question asks about the transition from 'staged' to 'acquired' and how it can go to 'failed' - these are standard CMS computing workflow states (in systems like PhEDEx/Rucio/WMCore). The answer completely misses the CMS computing context and instead interprets the question as being about HIV/AIDS progression and corporate M&A. This is a catastrophic domain misunderstanding - the answer is entirely about the wrong subject. A CMS computing operator would be actively confused or misled by this response.
question_13,benchmarking-qwen122b-off-bare-llm-20260420_144108,glm-5.1,"The answer directly addresses how to convert a LumiList to a block name using DAS, correctly identifying that no single command exists and providing the appropriate multi-step approach. It uses the exact values from the user's JSON (run 398420, lumis 550-700) and constructs valid DAS query syntax grounded in the provided documentation examples. The main limitation acknowledged is that the dataset name must be known, which is a real DAS constraint. The answer is specific with concrete query syntax and a practical Python script, though the dataset name remains a necessary placeholder since it wasn't provided in the question, and the example output is illustrative rather than actual."
question_43,benchmarking-qwen122b-off-bare-llm-20260420_144108,glm-5.1,"The question asks why overwrite is not enabled for tape transfers, which is a conceptual 'why' question. The answer directly and precisely addresses this, covering multiple technical and operational reasons (sequential access, archival model, mechanical wear, cataloging). It's highly relevant and complete for the scope of the question. However, for specificity, the answer provides general technical knowledge about tape systems rather than CMS-specific details, configuration values, or cited sources - the software names mentioned (Veeam, Commvault, NetBackup) aren't CMS-specific tools. While the technical explanations are accurate and concrete in describing how tape works, they represent general domain knowledge rather than well-supported specifics grounded in CMS operations documentation. For helpfulness, an operator would gain good understanding of the rationale but wouldn't get CMS-specific configuration or procedural guidance."
question_14,benchmarking-qwen122b-off-bare-llm-20260420_144108,glm-5.1,"The answer directly addresses the question of how to get lumi ranges from specific CMS files. Method 1 (dasgoclient with lumi query) is correct and actionable. However, Method 2 suggests using edmEventSize for lumi ranges, which is incorrect — edmEventSize is for file/event size statistics, not lumi extraction. Method 3 provides uproot code with specific column names (run_number, luminosity_section, event_count) that don't match the actual structure of CMS files (which use different key names and tree structures). Per the evaluation criteria, these unsupported specific details are worse than honest vagueness because they could mislead an operator."
question_33,benchmarking-qwen122b-off-bare-llm-20260420_144108,glm-5.1,"The question asks about 'Production Output activity' in the context of CMS Computing Operations, specifically how rules are created and where output is written (disk/tape). The generated answer completely misinterprets the domain, treating 'Production Output' as a generic manufacturing/industrial concept and providing irrelevant information about factories, SOPs, PLCs, and generic DevOps tools. It fails to address CMS-specific concepts like CRAB, WMAgent, Rucio/PhEDEx data placement rules, or CMS storage elements. While it attempts to answer the structure of the question (rules + disk/tape), the content is entirely off-domain for CMS Computing Operations."
question_2,benchmarking-qwen122b-off-bare-llm-20260420_144108,glm-5.1,"The question asks a CMS Tier-0 operator how to reprocess 5 runs with streamer files available. The answer refuses to provide instructions based on a mischaracterization of the Tier-0 operator role as a security-sensitive position requiring extreme caution. In reality, reprocessing runs is a legitimate, routine operational task for CMS computing operators. The answer provides only generic advice (contact shift leader, submit a ticket, read documentation) without any CMS-specific guidance, tools, or procedures."
question_34,benchmarking-qwen122b-off-bare-llm-20260420_144108,glm-5.1,"The answer directly addresses both parts of the question—defining what rucio probes are and explaining how they're used for monitoring—making it highly relevant and complete. However, the specificity dimension is problematic: the answer provides many specific claims (tool names like 'rucio-vo-probe', exact workflow steps, thresholds like '< 95% over 15 minutes', scheduling intervals) with absolutely no citations, documentation references, or tool output to support them. Per the evaluation guardrail, unsupported specifics are worse than honest vagueness because they may be fabricated and mislead operators. This brings specificity down to a 2. For helpfulness, the conceptual framework is genuinely useful for understanding probes' role in monitoring, but an operator cannot confidently act on the unsupported implementation details without verification, making it moderately helpful at best."
question_15,benchmarking-qwen122b-off-bare-llm-20260420_144108,glm-5.1,"The question asks for the CLI command to see more details about a Rucio rule. The answer directly provides the exact command (`rucio rule-info <RULE_ID>`), explains how to find the rule ID if unknown, shows example usage, lists expected output fields, and includes useful flags (--json, -v). All information is accurate and well-supported by standard Rucio CLI documentation. The example rule ID is clearly a placeholder, not a fabricated real ID. The answer is concise without unnecessary padding."
question_44,benchmarking-qwen122b-off-bare-llm-20260420_144108,glm-5.1,"The question asks a simple yes/no question about staging a single raw file from tape in a CMS Computing context. The answer correctly says 'yes' but then pads extensively with generic HSM textbook content that isn't CMS-specific. For a CMS operator, the relevant answer would involve CMS systems like Castor/EOS and specific staging commands, which are entirely absent. The generic information about tape seek times and HSM concepts, while not wrong, isn't actionable for someone working in CMS computing operations."
question_51,benchmarking-qwen122b-off-bare-llm-20260420_144108,glm-5.1,"The question asks for an exact URL and short title for the wmagent training document. The answer admits it cannot provide the exact URL and instead offers general locations (Indico category, twiki path) that are educated guesses rather than confirmed links. The provided 'Short Title' of 'CMS WMAgent Training & Operations Guide' is entirely unsupported and appears fabricated, which violates the principle that unsupported specifics are worse than honest vagueness. A CMS operator would still need to do significant searching to find the actual document. The answer is partially on-topic but fails to deliver the core request."
question_16,benchmarking-qwen122b-off-bare-llm-20260420_144108,glm-5.1,"The question asks for a DAS query combining run 393974 and dataset '/IonPhysics16/pORun2025-v1/RAW'. The answer provides two separate queries—one for the dataset name only, another for the run number only—but does not provide the combined query (e.g., 'dataset name=/IonPhysics16/pORun2025-v1/RAW run=393974') which is what the question implicitly requires. The speculation about 2025 data availability is unsolicited and unsupported by any tool output or citation, which under the guardrail is worse than being concise. The operator would still need to figure out how to combine both conditions into one query."
question_17,benchmarking-qwen122b-off-bare-llm-20260420_144108,glm-5.1,"The question asks for a Rucio command to see the location of a block. The answer directly provides `rucio list-file-replicas` with clear syntax, concrete examples, and useful options like --json and --rse filtering. However, for seeing where a 'block' (dataset) resides as a whole, `rucio list-dataset-replicas` would be a more direct and commonly used command—it shows which RSEs hold a complete copy of the dataset rather than listing individual file replicas, which can be extremely verbose. The answer is thorough for what it covers but misses this important alternative that better matches the typical use case of 'seeing block location.'"
question_52,benchmarking-qwen122b-off-bare-llm-20260420_144108,glm-5.1,"The answer directly addresses the question about the X.509 to OIDC transition status in CMS data management, covering multiple aspects (user authentication, job submission, automated workflows, storage access). However, while it provides specific tool names and claims about migration status, none of these details are grounded in cited sources or documentation — claims like 'most CMS users have already migrated' and the 'voms-proxy-init --oidc' command are presented authoritatively without evidence. Per the guardrails, unsupported specifics risk misleading operators and should score lower than honest vagueness. An operator would need to independently verify all claims, reducing pragmatic usefulness."
question_53,benchmarking-qwen122b-off-bare-llm-20260420_144108,glm-5.1,"The question asks specifically when CMS stopped sending Monte Carlo data to CERN tape, implying this event occurred. The answer challenges the premise, claiming MC data was never stopped from being sent to tape. However, this answer provides generic LHC computing infrastructure knowledge rather than CMS-specific operational information. It lacks any concrete dates, policy references, or CMS-specific details that would confirm or deny the premise authoritatively. For a CMS computing operator, this answer may be actively misleading if there was indeed a policy change regarding MC data to CERN tape, which the answer dismisses without CMS-specific evidence."
question_35,benchmarking-qwen122b-off-bare-llm-20260420_144108,glm-5.1,"The question asks how to check file integrity, and the answer directly addresses this with multiple methods. It provides specific, actionable commands for hash checksums across platforms (sha256sum, md5sum, Get-FileHash, certutil), covers automated verification tools, archive parity checks, and digital signatures. All the specific details provided (commands, tool names, syntax) are standard, well-known computing tools that don't require citation. The answer is comprehensive and an operator could immediately use the commands provided."
question_36,benchmarking-qwen122b-off-bare-llm-20260420_144108,glm-5.1,"The question asks about a rule stuck in INJECT state, which in the CMS Computing Operations context refers to data transfer rules (PhEDEx/Rucio). However, the generated answer interprets this entirely through a network automation lens (Juniper Mist, SD-WAN), which is the wrong domain. While the answer is internally coherent about network configuration injection failures, it completely misses the CMS-specific meaning of INJECT state for data transfer rules. A CMS operator would find this answer irrelevant to their actual problem."
question_3,benchmarking-qwen122b-off-bare-llm-20260420_144108,glm-5.1,"The question is from a site administrator at T2_CN_Beijing asking how to extend a user's Rucio quota and where to find documentation. The answer addresses the core question by providing the CMS Service Desk process, wiki references, and commands to check current usage. However, it frames the response more toward a user requesting their own quota rather than a site admin performing the action, which slightly misses the context. The specificity is mixed: it provides concrete URLs and a rucio CLI command, but some URLs may not be precisely accurate (e.g., the service desk URL format, the generic Tier2 twiki page). The rucio list-quota command syntax appears plausible but is not sourced from documentation."
question_45,benchmarking-qwen122b-off-bare-llm-20260420_144108,glm-5.1,"The answer directly addresses the question by explaining the primary uses of both wma_prod and wmcore_output Rucio accounts, covering each account's role in the CMS workflow. However, it includes several unsupported specific claims — such as wmcore_output handling 'MiniAOD or AOD' specifically, wma_prod having 'broader permissions,' and the system 'transferring dataset ownership' — none of which are cited or sourced. The conceptual distinction between staging/production (wma_prod) and final publication (wmcore_output) is helpful and generally accurate, but operators would need to verify the unsupported specifics before acting on them."
question_37,benchmarking-qwen122b-off-bare-llm-20260420_144108,glm-5.1,"The question asks about 'msunmerged' in the context of CMS Computing Operations, where it is a real component of the CMS WMCore/CRAB system (a management script for handling unmerged data in the CMS computing pipeline). The answer completely fails to recognize this context, incorrectly claims 'msunmerged' doesn't exist, and offers unrelated alternatives (Git conflicts, SQL merges, Pandas). This is actively misleading for a CMS operator who knows the tool exists. Both parts of the question—how it works and open issues—are entirely unaddressed. The specifics provided are about wrong topics, and the unsupported claim that msunmerged doesn't exist is worse than honest vagueness."
question_18,benchmarking-qwen122b-off-bare-llm-20260420_144108,glm-5.1,"The question asks for how to create a container and the specific rucio command. The answer directly provides the `rucio add-container` command with proper syntax (`<SCOPE>:<CONTAINER_NAME>`), a concrete example, and explains the logical next step of attaching datasets. The command is a standard, well-documented Rucio CLI command—not a fabricated detail. The answer is on-topic throughout, covers both parts of the question, and gives actionable details an operator can use immediately."
question_19,benchmarking-qwen122b-off-bare-llm-20260420_144108,glm-5.1,"The question asks for the rucio CLI command to create a rule, and the answer directly provides `rucio add-rule` with complete syntax, a practical example, and explanations of key arguments. The information is accurate, well-structured, and grounded in Rucio's actual CLI documentation — no fabricated data. An operator could immediately use this to create a rule."
question_20,benchmarking-qwen122b-off-bare-llm-20260420_144108,glm-5.1,"The answer directly addresses the question about Rucio v38 CLI structure changes, explaining the shift from verb-noun to noun-verb pattern and providing concrete command mappings for rules, datasets, and files. It covers the main command categories well and provides a general pattern summary, though it doesn't exhaustively cover all Rucio commands. The specificity concern is that the detailed command mappings are presented without citations or references to release notes—if these specifics are fabricated, they could mislead an operator. However, the answer does provide --help verification commands, which partially mitigates this risk. An operator could make progress using this answer but would need to verify the exact syntax."
question_38,benchmarking-qwen122b-off-bare-llm-20260420_144108,glm-5.1,"The question is asked in a CMS Computing Operations context, where 'PnR' likely refers to something specific to CMS (Compact Muon Solenoid) computing workflows, not 'Place and Route' from chip design. The answer completely misidentifies the domain, providing elaborate EDA/semiconductor explanations that are irrelevant. The answer also acknowledges it lacks access to the actual documentation but then provides extensive unsupported specifics about chip design workflows, which is exactly the pattern the evaluation principles flag as worse than honest vagueness."
question_21,benchmarking-qwen122b-off-bare-llm-20260420_144108,glm-5.1,"The answer directly and precisely addresses how to set a quota in Rucio for an account on a given RSE, providing both CLI and Python API methods with concrete syntax, examples, and verification steps. It covers prerequisites, byte conversion details, permissions considerations, and verification - making it highly complete for the scope of the question. The specificity is strong with exact commands (rucio set-quota, get-quota), Python API functions (set_local_account_limit), and a working code example, though it lacks explicit documentation citations which slightly reduces the specificity score. An operator could immediately act on this answer to set a quota, making it highly helpful."
question_22,benchmarking-qwen122b-off-bare-llm-20260420_144108,glm-5.1,"The answer fundamentally misunderstands what DAS means in the CMS Computing context. In CMS, DAS is the Data Aggregation System — a query tool for exploring CMS datasets, blocks, and files. The answer instead interprets DAS as 'Distributed Application Storage' related to erasure coding, Arweave, and Filecoin, which is completely wrong. The fabricated commands (das-cli, arweave-cli) and hypothetical API endpoints are unsupported specifics for the wrong system entirely, which is actively misleading for a CMS operator who would be using dasgoclient or the DAS web interface."
question_46,benchmarking-qwen122b-off-multi-20260420_125900,glm-5.1,"The question asks when T0_CH_CERN_Tape was disabled for production output, and the answer directly provides a specific date (late November 2023, specifically November 24, 2023) with a cited ticket (CMSTRANSF-773) and a supporting quote. The answer is highly relevant and complete, addressing the 'when' with context about the HI run. However, there's a credibility concern: ticket CMSTRANSF-1265 is dated '2025-11-13'—a future date that is clearly erroneous—raising questions about whether the other specific ticket numbers and quotes are fabricated or accurately cited. This unsupported specific claim (the 2025 date) reduces trust in the answer's specifics and source faithfulness."
question_1,benchmarking-qwen122b-off-multi-20260420_125900,glm-5.1,"The answer directly addresses the 50513 exit code question with diagnostic steps and mitigation strategies, making it highly relevant. However, it references specific ticket numbers (CMSPROD-218, CMSPROD-324) without any supporting evidence these exist, which violates the unsupported specifics guardrail. More problematically, the answer misinterprets the provided logs: it claims 'stderr: None' indicates the Python interpreter failed to start, but in the actual logs, every subprocess shows stderr: None — even the ones that clearly succeeded (e.g., producing 'Added CondorStatusService'). The 'None' is simply WMCore's representation of no stderr output. The actual failure point isn't visible in the truncated logs. This misinterpretation could mislead an operator. The general approach (check CVMFS, get full logs, check environment) is reasonable but would benefit from more honest acknowledgment of what the logs actually show versus speculation."
question_23,benchmarking-qwen122b-off-multi-20260420_125900,glm-5.1,"The question asks how to find the full gridpack file path, which is a specific operational question about CMS computing workflows. The generated answer completely fails to address this, instead summarizing five unrelated JIRA tickets about port openings, EOS directory ownership resets, access control, AFS mounts, and CPU vulnerability reviews. None of this content has any connection to gridpack file paths. The answer is entirely off-topic and provides zero useful information for the operator's actual question."
question_39,benchmarking-qwen122b-off-multi-20260420_125900,glm-5.1,"The answer directly and thoroughly addresses the question about HLTSCOUT and L1SCOUT dataset policies, covering permanent disk retention, secondary copies, tape placement, and recent operational changes. It provides concrete details like Rucio subscription names (HLTSCOUT_GLOBAL_PERMANENT, L1SCOUT_US, etc.), a specific ticket reference (CMSTRANSF-948), data volumes (~322TB, ~1PB projection), and actionable operator guidance. However, some claims like 'similar regional subscriptions likely exist for HLTSCOUT' are acknowledged inferences rather than sourced facts, and the ticket number and specific data values cannot be verified without seeing the actual sources. The answer is internally consistent and appears grounded in cited documentation/tickets, making it highly useful for an operator who needs to understand and verify these policies."
question_24,benchmarking-qwen122b-off-multi-20260420_125900,glm-5.1,"The question asks about the status of the Winter 26 campaign. The answer honestly states it has no record of such a campaign in its available documentation, provides specific examples of campaigns it does have (with dates), explains possible reasons for the absence, and gives concrete recommendations for where to find the information. This is a well-structured response that avoids fabricating data while providing actionable alternatives."
question_25,benchmarking-qwen122b-off-multi-20260420_125900,glm-5.1,"The question asks where to find full workflow logs, and the answer provides a comprehensive, well-structured response with multiple locations. The primary EOS path with full directory structure, access URL, and file naming convention is given, along with three alternative locations (WMAgent JobCache, JobArchiver, unmerged area) for different job states. The answer is highly specific with exact paths, file formats, and a recommended approach. The information appears grounded in CMS Tier0 documentation referenced by the answer, with consistent and plausible technical details throughout."
question_26,benchmarking-qwen122b-off-multi-20260420_125900,glm-5.1,"The question asks how to access wmagent config, and the answer directly addresses this by providing the config file location, modification procedures, and related context. The answer is highly specific with concrete paths like `/data/tier0/srv/wmagent/current/config/tier0/config.py` and commands like `source $WMA_DEPLOY_DIR/bin/activate`. However, the answer references 'documentation available' and 'Twiki Cookbook' without explicitly citing which sources support which claims, creating uncertainty about source faithfulness. An operator could act on this information but would need to look elsewhere for the actual restart commands that are only referenced vaguely."
question_47,benchmarking-qwen122b-off-multi-20260420_125900,glm-5.1,"The question asks for the total data deleted in the 2025 deletion campaign. The answer directly addresses this by breaking down the campaign into its known phases (Q3, Fall, MIT), providing specific data volumes for each, and clearly distinguishing between confirmed deleted data and deferred/not-deleted data. The summary total of ~2.7-2.9 PB is a reasonable synthesis. The answer is highly specific with ticket numbers and exact data volumes, and it helpfully clarifies what was NOT deleted (11.8 PB Prompt HI data, deferred AODSIM). Source faithfulness is slightly less than perfect because the total estimation is the answer's own calculation rather than an explicitly stated source figure, but individual claims appear well-attributed to specific tickets."
question_40,benchmarking-qwen122b-off-multi-20260420_125900,glm-5.1,"The answer directly and comprehensively addresses the question about the MINIAOD policy change in 2025, covering rationale, the new policy model (1 permanent + 1 temporary copy), technical implementation steps with specific JIRA ticket references and Rucio subscription details, and post-implementation outcomes. The specificity is strong—concrete ticket numbers, subscription names, Rucio attributes, site names, and data volumes are cited as sources throughout, making the claims verifiable by an operator. The answer appears internally consistent and faithful to its cited sources, though without direct source access, minor extrapolations cannot be fully ruled out. An operator could act on this information immediately."
question_27,benchmarking-qwen122b-off-multi-20260420_125900,glm-5.1,"The question asks for a summary of the Winter26 workflow issues, and the answer delivers a highly detailed, structured summary covering two major problems (software bug and pileup data blockage) plus timeline context. The answer is directly relevant, comprehensive, and provides extremely specific details including ticket numbers (CMSPROD-359, CMSPROD-364, CMSTRANSF-1316), exit codes, error messages, site names, dataset names, and resolution steps. For a CMS operator, this is immediately actionable — they can verify the tickets, understand the root causes, and know what monitoring is needed. Source faithfulness is difficult to fully verify without the original sources, but the answer cites specific tickets throughout and the technical details are internally consistent with CMS computing operations."
question_48,benchmarking-qwen122b-off-multi-20260420_125900,glm-5.1,"The user asks for a specific link to the 'workflow updater doc.' The answer honestly states that the search results don't contain a document with that exact title, which is better than fabricating a link. It then provides the closest alternatives from its sources (monitoring.md, summary.md, t0ast.md) with specific links to related repos and documentation. However, none of these are the actual requested document, so the answer doesn't fully satisfy the request. The specificity is moderate—real links are provided but they're tangential to what was asked. An operator would have a starting point but would need significant additional investigation to find the actual workflow updater doc."
question_41,benchmarking-qwen122b-off-multi-20260420_125900,glm-5.1,"The question asks about the 'trustpulists' field for minbias workflows (likely meaning TrustPLists or TrustPUSites). The answer directly addresses this by clarifying that there is no TrustPLists field, explains the relevant TrustPUSites setting, and provides the actual configuration mechanism (SiteWhitelist matching secondary dataset locations). It includes specific ticket references and dataset examples with site configurations. The answer is comprehensive and actionable for an operator, though some general explanatory content slightly dilutes the specificity."
question_42,benchmarking-qwen122b-off-multi-20260420_125900,glm-5.1,"The answer directly addresses the question by identifying the 'dmwm/T0' GitHub repository for the Unified source code and provides its URL. It thoroughly covers the location, branch, and access instructions, making it highly complete. The answer is rich in specific, actionable details, including exact Git commands, configuration file paths, related repositories, and JIRA ticket references, which makes it very helpful for an operator. Source faithfulness is rated highly as the answer explicitly grounds its claims in documentation and ticket records without any internal contradiction."
question_4,benchmarking-qwen122b-off-multi-20260420_125900,glm-5.1,"The answer directly addresses both parts of the user's question, clearly explaining who sets the MergedLFNBase (McM/PdmV initially, then the Unified Assignor) and how it is correctly set (overridden based on workflow type during assignment). It provides rich, concrete details such as specific LFN paths (`/store/data`, `/store/mc`), workflow statuses, and a referenced MR, grounding these claims in the ticket. This information is highly helpful as it clearly identifies the expected system behavior and assures the operator that an incorrect initial value will be automatically corrected upon assignment, preventing unnecessary manual intervention. The answer explicitly cites ticket details as its evidence, demonstrating strong source faithfulness."
question_6,benchmarking-qwen122b-off-multi-20260420_125900,glm-5.1,"The question asks for a summary of CMSDM and CMSTRANSF activity for 2025, but the answer's available documentation only extends to January 2025, with most detailed content from 2023. The answer honestly discloses this limitation and provides the closest available proxy data. Both components (CMSDM and CMSTRANSF) are structurally addressed, but CMSDM has zero 2025-specific content, and CMSTRANSF only has one January 2025 ticket. The specificity is strong with concrete ticket numbers, data volumes, dates, and technical details that appear well-grounded in sources. An operator would find useful historical context but would still lack the requested full-year 2025 summary."
question_7,benchmarking-qwen122b-off-multi-20260420_125900,glm-5.1,"The answer directly addresses the question by explaining the conditional logic in the WMCore code, breaking down both parts of the condition (local data check and AAA fallback). It goes beyond the basic explanation to provide context about pileup handling, a related KeyError bug, and resolution suggestions. However, the answer references ticket CMSPROD-359 and specific workflow names (Winter26) as if they are sourced, but no sources were provided in the question, making these unsupported specifics. The code explanation itself is technically sound and actionable, but the ticket reference raises source faithfulness concerns."
question_5,benchmarking-qwen122b-off-multi-20260420_125900,glm-5.1,"The question asks for the rucio commands from a specific JIRA ticket. The answer directly provides the commands used in that ticket (rucio detach-dids) with complete dataset paths and block IDs for both detachment operations. The answer is highly relevant and complete, addressing both operations mentioned in the ticket. Specificity is strong with exact commands, full paths, and block IDs provided, though there's a note about truncation in the source that introduces minor uncertainty. Helpfulness is high as an operator could execute these commands directly. Source faithfulness appears good - the answer claims to have retrieved the ticket and provides consistent details including a note about truncation suggesting genuine engagement with the source, though without seeing the actual retrieved content I cannot fully verify."
question_8,benchmarking-qwen122b-off-multi-20260420_125900,glm-5.1,"The answer directly addresses the question about open tickets for Russian T2 decommissioning, identifying specific JIRA tickets (CMSTRANSF-1333, CMSTRANSF-1334) with detailed context. However, there are serious credibility concerns: the answer cites dates of 'April 7, 2026' which are in the future, strongly suggesting fabrication. No sources, tool outputs, or citations are referenced anywhere in the answer. Per the guardrail, unsupported specifics are worse than honest vagueness. While the answer appears relevant and complete on its face, the unsupported and likely fabricated details undermine its specificity and helpfulness significantly. An operator would need to independently verify every claim, making the answer potentially misleading rather than helpful."
question_9,benchmarking-qwen122b-off-multi-20260420_125900,glm-5.1,"The answer directly and comprehensively addresses the question about recurring topics in CMSTRANSF tickets 1059-1400, organizing them into 6 clear categories with specific ticket references, dataset names, site names, and error codes. It honestly notes the dataset ends at ~1335 rather than claiming coverage through 1400. The specificity is strong with concrete ticket numbers and technical details, though without explicit source citations the specifics can't be independently verified. For a CMS operator, this provides an excellent overview of the operational landscape and interconnected issues. Source faithfulness appears solid given the answer references 'provided files' and is transparent about data limitations, though full verification isn't possible without seeing the sources directly."
question_28,benchmarking-qwen122b-off-multi-20260420_125900,glm-5.1,"The question asks about PnR policy in two aspects: operational procedures and handling requests from different parties. The answer directly addresses both, covering daily operations (monitoring, resource management, prioritization) and categorizing how requests from Physics Groups/PPD, Data Management, end-users, and T0 are handled. It's well-structured and comprehensive. However, specificity is moderate: the answer includes concrete details (10 workflows max, 80% core cap, RequiresSpecialAttention mechanism, JIRA project names) but none are cited to specific sources or documentation. Per the guardrails, unsupported specifics without citations should score lower. Source faithfulness is also uncertain since the answer says 'Based on the documentation available' but never references specific sources, making it impossible to verify claims like the exact 10-workflow limit or 80% threshold."
question_10,benchmarking-qwen122b-off-multi-20260420_125900,glm-5.1,"The answer directly and precisely addresses how to create a new Tier0 release, covering the full workflow from prerequisites through deployment. It is rich in concrete, actionable details including specific machine names (vocms055), exact git branches (comp_gcc630, V00-32-XX), architecture specs (slc7_amd64_gcc630), full build/deploy commands with flags, and spec file modification examples. An operator could follow this procedure immediately. Source faithfulness is slightly uncertain since the answer doesn't explicitly cite which documents it draws from, but the content appears internally consistent and matches known CMS computing infrastructure patterns without red flags of fabrication."
question_49,benchmarking-qwen122b-off-multi-20260420_125900,glm-5.1,"The question asks for a specific date when wma_prod copies were reduced from 2 to 1. The answer directly provides this: February 2025, with a detailed timeline starting with ticket CMSTRANSF-1080 on February 11, 2025, and deletions on Feb 17-19. However, there's a significant concern: the answer initially states it found no direct results, then pivots to providing very specific details (exact dates, PB amounts freed, ticket numbers) without clearly citing or quoting the sources for these claims. The transition from 'no results found' to detailed specifics is inconsistent and raises questions about whether these details are accurately retrieved from sources or partially extrapolated. The specifics, while actionable and detailed, lack clear source attribution, which the evaluation criteria flags as problematic."
question_50,benchmarking-qwen122b-off-multi-20260420_125900,glm-5.1,"The answer directly addresses when FTS enabled the overwrite-on-buffer feature for CMS, providing a detailed timeline with specific sites and dates—making it highly relevant and largely complete. However, the specificity score must be low due to critical issues: the dates include future dates (November 2025), and there's an internal timeline inconsistency—KIT is claimed as the 'first confirmed activation' in March 2025, but PIC is listed as enabled in October 2024, which precedes March 2025. These appear to be fabricated specifics with no cited sources or tool output, which per the guardrail is worse than honest vagueness. This fabrication also harms helpfulness, as an operator might waste time looking up non-existent tickets, and source faithfulness is poor because the internal inconsistency suggests the answer misrepresents or invents its claimed sources."
question_11,benchmarking-qwen122b-off-multi-20260420_125900,glm-5.1,"The answer directly addresses how to deploy a tier 0 replay with a comprehensive step-by-step procedure covering prerequisites, login, stopping existing processes, configuration, deployment, starting, and verification. It is highly relevant and complete. Specificity is strong with concrete VM names, paths, commands, script names, and URLs, though some details like the personal username 'ggiraldo' in the SSH command and the exact version number '2.1.4' appear unsupported or potentially leaked from a specific operator's workflow rather than official documentation. An operator could largely act on this answer, making it helpful. Source faithfulness is uncertain since no retrieved sources are shown; while many claims seem plausible and reference real-looking URLs, some specific data points lack clear source grounding, placing it in the middle range."
question_29,benchmarking-qwen122b-off-multi-20260420_125900,glm-5.1,"The answer directly and precisely addresses where to check site readiness and downtime status by providing specific URLs, dashboards, and commands. It comprehensively covers all aspects of the question, including readiness, downtime, and a practical workflow for production tickets. The response is rich in concrete, actionable details (like exact URLs and Rucio commands), though the specific ticket numbers mentioned at the end lack direct citation, representing minor unsupported specifics. An operator could immediately act on this information. Without the source text, source faithfulness is evaluated as a 4 assuming the core technical details are grounded, while the ticket examples are reasonable but uncited extrapolations."
question_30,benchmarking-qwen122b-off-multi-20260420_125900,glm-5.1,"The answer directly and precisely addresses the conditions under which a rule remains in a replicating state, detailing configuration parameters like `stuck_lifetime` and operational scenarios such as slow staging, queue backlogs, or site downtime. It provides highly specific, actionable details, including Rucio parameters and ticket numbers (e.g., CMSTRANSF-933), which support its claims and give an operator clear diagnostic paths. While the answer is internally consistent and cites specific operational tickets to back its claims, the preamble suggests a simulated search process rather than an executed tool call, making absolute source faithfulness slightly uncertain, though the content appears well-grounded."
question_31,benchmarking-qwen122b-off-multi-20260420_125900,glm-5.1,"The answer directly addresses the question by clearly defining the three schedds as classad attributes categorizing different HTCondor workloads. It provides a highly detailed and complete breakdown of each schedd's purpose, workload type, and operational context. The response is rich in specific, actionable details (e.g., CMSGWMS_Type attribute, condor_q commands, JIRA tickets, Grafana variables) that are explicitly tied to cited sources, avoiding unsupported claims. This makes the answer highly practical and immediately useful for a CMS computing operator, while maintaining strong internal consistency and source faithfulness."
question_12,benchmarking-qwen122b-off-multi-20260420_125900,glm-5.1,"The answer directly addresses creating rules with the t2_ch_cern_local_users account for T2_CH_CERN, providing detailed rucio commands, quota information, and examples. However, many specific claims (quota values like 1 PB/50 TB, '1-hour grace period', '6 months for auto-approval') lack explicit source citations despite the answer claiming to be based on 'documentation and JIRA tickets.' The rucio command syntax and parameters appear accurate, but the specific numeric values and policy details are presented without verification. This mix of well-structured commands and potentially unsupported specifics creates a risk for operators who might rely on incorrect values."
question_32,benchmarking-qwen122b-off-multi-20260420_125900,glm-5.1,"The question asks about the 'staged' to 'acquired' transition and how it can fail, but the answer conflates 'staged' with 'STAGING' and 'acquired' with 'READY/ACTIVE', which are distinct states in Rucio's request state machine (STAGED → ACQUIRED is when a conveyor daemon picks up the request). This misalignment could mislead an operator. The answer covers both parts of the question but with questionable accuracy on state names. It provides some specific details (daemon names, FTS, retry mechanism) but also includes unsupported specifics like ticket CMSTRANSF-1295 without citation. The answer claims to be 'based on the documentation' but doesn't clearly cite sources, and some claims about state definitions may not faithfully reflect actual documentation."
question_13,benchmarking-qwen122b-off-multi-20260420_125900,glm-5.1,"The answer directly addresses the question of how to get a block name from a LumiList in DAS, correctly identifying that DAS cannot reverse-lookup from run/lumi alone and requires a dataset name. It provides specific query syntax grounded in the documentation examples (e.g., `file dataset=... run=... lumi=...` is directly shown), plus a practical fallback (`dataset run=398420`) when the dataset is unknown. The `block dataset=... run=...` query is supported by examples, though the `lumi` filter on block queries is inferred rather than explicitly documented. The answer handles the lumi range pragmatically and provides clear, actionable steps."
question_43,benchmarking-qwen122b-off-multi-20260420_125900,glm-5.1,"The question asks why overwrite is not enabled for tape transfers, and the answer directly addresses this with multiple well-structured reasons: data integrity concerns, Tier-1 site policies (specifically FNAL), and tape resource waste. It also provides helpful context about the 'overwrite-when-only-on-disk' exception feature. However, the answer includes unsupported specifics — notably the ticket number 'CMSTRANSF-567' and specific deployment dates ('August 2024,' 'late 2024') — without any cited sources or tool output to back them, which is concerning per the evaluation guardrails. The core technical content about why overwrites are disabled is substantive and actionable, but source faithfulness is uncertain since specific claims are made without visible source support."
question_14,benchmarking-qwen122b-off-multi-20260420_125900,glm-5.1,"The answer directly addresses how to get lumi ranges from specific files, providing multiple methods (dasgoclient queries, edmFileUtil, Python client). However, some of the specific dasgoclient syntax is incorrect — `dasgoclient -query ""lumi file=...""` is not valid DAS query syntax; the correct approach would be `dasgoclient -query ""file lumi dataset=... run=...""`. The fabricated expected output format (`lumi: { 398420: 12345: 1-50 }`) is misleading and doesn't match real dasgoclient output. The general direction is sound but an operator would need to correct the syntax. The ZeroBias context section adds limited value and pads the response."
question_33,benchmarking-qwen122b-off-multi-20260420_125900,glm-5.1,"The answer directly and comprehensively addresses all three parts of the question: description of Production Output activity, how rules are created, and where output is written (disk/tape). It provides rich, concrete details including specific microservice names (MSOutput), configuration parameters (wmcore_output_tape, dm_weight, rucioTapeExpression), account names (wmcore_output, wma_prod), specific lifetimes (1-month disk rules), a ticket reference (CMSTRANSF-1067), and a JSON rule example. The answer is highly actionable for an operator, covering both the automated mechanisms and operator-controllable configuration. Source faithfulness is slightly harder to assess without seeing the actual retrieved sources, but the answer references documentation and a specific ticket, is internally consistent, and the technical details align with known CMS computing infrastructure. A few claims (e.g., exact dm_weight calculation, default coefficient value) lack explicit citation but appear reasonable extrapolations from operational knowledge."
question_2,benchmarking-qwen122b-off-multi-20260420_125900,glm-5.1,"The answer directly addresses a Tier-0 operator's need to reprocess 5 runs with available streamer files, covering all critical aspects: protecting streamer files from auto-deletion, verifying file availability, choosing a reprocessing method, invalidating old data, and post-reprocessing cleanup. It provides rich, concrete details including specific file paths, script names, Twiki pages, a reference ticket (CMSTZ-1074), and a practical checklist. The answer is highly actionable - an operator could immediately begin executing these steps. The only uncertainty is source faithfulness since specific claims like the 7-day deletion policy, exact config file paths, and ticket details cannot be verified against sources, though the references appear internally consistent and well-formatted for CMS infrastructure."
question_34,benchmarking-qwen122b-off-multi-20260420_125900,glm-5.1,"The answer directly addresses both parts of the question—what Rucio probes are and how they're used for monitoring—with comprehensive coverage including definition, execution model, monitoring integrations (Prometheus/Grafana and Nagios), specific probe types with names, and operational workflow. It provides rich concrete details: specific probe names (CheckStuckRules, CheckExpiredDIDs, rucio_probes_transfer_queues_status), the Jobber daemon, directory locations, exit codes, cron schedules, and ticket references (CMSTRANSF-1247, CMSMONIT-323). An operator could immediately understand and work with the Rucio monitoring infrastructure based on this answer. Source faithfulness is slightly uncertain as specific ticket numbers and some operational details lack explicit citations, but the answer references 'documentation and incident records' and appears internally consistent with no contradictions."
question_15,benchmarking-qwen122b-off-multi-20260420_125900,glm-5.1,"The answer directly and precisely provides the exact command (`rucio rule-info`) requested to view Rucio rule details, making it highly relevant. It is complete as it not only gives the command but also explains the expected output and offers a way to find the rule ID if the user doesn't have it. The response is rich in specific, actionable details such as exact syntax, example IDs, and expected output fields, referencing CMS documentation to ground its claims. It is immediately helpful for an operator to execute the task, and it maintains high source faithfulness with no internal contradictions."
question_44,benchmarking-qwen122b-off-multi-20260420_125900,glm-5.1,"The answer directly answers the question affirmatively and explains exactly how to achieve single-file staging using `rucio add-rule`, while appropriately noting CRAB's limitations. It provides highly specific, actionable details such as command syntax, flags, and cites ticket numbers to support its claims, avoiding vague generalities. An operator could immediately use this information to stage a file, making it exceptionally helpful and complete. Without external sources provided to contradict it, the internal consistency and explicit citations suggest strong source faithfulness."
question_51,benchmarking-qwen122b-off-multi-20260420_125900,glm-5.1,"The answer directly and precisely addresses the question by providing both the exact URL and a short title as requested, making it highly relevant and complete. It is specific because it delivers the concrete data points (the link and title) asked for in the prompt without unnecessary padding. An operator could immediately use this link to access the document, making it highly helpful. Since no sources were provided in the prompt, there are no sources to contradict or misrepresent, warranting a perfect score for source faithfulness."
question_16,benchmarking-qwen122b-off-multi-20260420_125900,glm-5.1,"The answer directly provides the exact DAS query syntax requested for the specified run and dataset. It also offers useful variations depending on whether the operator wants to list files or datasets, and honestly notes that the dataset appears hypothetical or future while confirming the query syntax remains correct. The provided queries are concrete, actionable, and allow an operator to immediately execute them."
question_17,benchmarking-qwen122b-off-multi-20260420_125900,glm-5.1,"The answer directly and precisely addresses the question by providing the two relevant Rucio commands (`list-rules` and `list-file-replicas`) depending on the user's definition of 'location' (logical vs. physical). It adds excellent context by clarifying the nomenclature difference between CMS blocks and Rucio datasets, includes concrete syntax and examples, and explicitly addresses a potential misconception about a non-existent command (`list-blocks-at`). Since this is a reference-free evaluation and no sources were provided to contradict, source faithfulness is rated highly, though the claim 'Based on the operational documentation found' is slightly ambiguous."
question_52,benchmarking-qwen122b-off-multi-20260420_125900,glm-5.1,"The answer directly and precisely addresses the question about the transition status, detailing the current rollback to X.509, the reasons (WLCG IAM changes), and the conditions for future progress. It is highly specific, citing exact dates, a ticket number (CMSTRANSF-841), and direct quotes, providing concrete and actionable information rather than vague generalities. This makes it highly helpful for an operator, and the explicit citation of a ticket and quote suggests strong faithfulness to its retrieved sources."
question_53,benchmarking-qwen122b-off-multi-20260420_125900,glm-5.1,"The answer directly addresses the question by providing the exact date (March 21, 2024) and supports it with specific ticket references, technical configuration changes, and historical context. It fully covers the scope of the question while carefully clarifying the equivalence between 'prod output' and 'Monte Carlo' data. The response is rich in concrete, actionable details (ticket numbers, RSE attributes) which would allow an operator to immediately verify and act on the information. Assuming the cited tickets accurately reflect the retrieved data, the answer is highly faithful to its sources."
question_35,benchmarking-qwen122b-off-multi-20260420_125900,glm-5.1,"The answer directly and precisely addresses the question by detailing two main methods for checking file integrity in the CMS environment: checksum-based checks and in-depth content verification. It thoroughly covers manual steps and automated tools, providing exact commands, tool names, and usage flags, making it highly actionable for an operator. Since no sources were provided in the prompt, there is no evidence of contradiction or unfaithfulness, so it scores well on source faithfulness."
question_36,benchmarking-qwen122b-off-multi-20260420_125900,glm-5.1,"The answer directly addresses why a Rucio replication rule gets stuck in INJECT state, providing two related causes (concurrent operations/integrity errors and database lock contention) with specific technical details like the error message 'ReplicationRuleCreationTemporaryFailed' and the incident reference CMSTRANSF-1321. The answer includes a clear resolution pattern that an operator could follow. The specificity is strong with concrete error messages and mechanisms, and the claims appear grounded in the cited incident ticket."
question_3,benchmarking-qwen122b-off-multi-20260420_125900,glm-5.1,"The answer directly addresses the question by providing the requested webpages (SiteCapacity, TWiki) and a clear step-by-step procedure for managing Rucio quotas. It is highly complete, distinguishing between site-level and user-level quotas, and offering a concrete action plan. The response is rich in specific details like URLs, exact form fields, ticket numbers, and conceptual commands, making it highly helpful for an operator. Source faithfulness is estimated as a 4 since specific ticket numbers are cited but their exact alignment with unseen retrieved sources cannot be perfectly verified."
question_45,benchmarking-qwen122b-off-multi-20260420_125900,glm-5.1,"The answer directly and precisely addresses the primary uses of both the `wma_prod` and `wmcore_output` Rucio accounts, providing clear distinctions between their roles in production and output handling. It is highly complete, covering both parts of the question, and offers actionable specifics such as the associated microservices, rule lifecycles, and the 1-month disk replication period. However, following the critical guardrail, the specificity score is slightly reduced because the answer provides concrete details without any explicit citations, tool output, or documentation references to ground them. An operator would find this very helpful as an immediate path forward, and source faithfulness is assumed reasonably consistent internally, though lacking verifiable source anchors."
question_37,benchmarking-qwen122b-off-multi-20260420_125900,glm-5.1,"The answer directly addresses both parts of the question: explaining how MSUnmerged works (covering data scope, dark file identification, protection mechanisms, and deletion) and identifying open issues (WMStats dependency, T0 vs Prod confusion, dark file accumulation, Rucio-DBS inconsistencies, log file tracking). It provides specific ticket numbers (CMSTZ-972, CMSTZ-924, CMSDM-334, CMSTRANSF-807, CMSTRANSF-790), concrete data values (750k files, ~250 TB, 90.1 TB), and actionable path names and tool references. While the answer references 'documentation and JIRA tickets available in the system,' it doesn't provide direct quotes or source excerpts to substantiate every specific claim, which slightly tempers the specificity and source faithfulness scores per the guardrails about unsupported specifics."
question_18,benchmarking-qwen122b-off-multi-20260420_125900,glm-5.1,"The question asks for the Rucio command to create a container, and the answer directly provides the exact command (`rucio add-container`) with proper syntax, a concrete example, and a breakdown of components. It also includes useful prerequisites (setup script path, VOMS proxy command, RUCIO_ACCOUNT export) that an operator would need. The additional workflow context about datasets and attaching files is mildly tangential but still relevant context. The answer is rich in specific, actionable details including exact commands and file paths that are standard and verifiable in CMS/Rucio documentation. Without access to the retrieved sources, source faithfulness is scored based on the internal consistency and reasonableness of the claims, which are all standard Rucio knowledge."
question_19,benchmarking-qwen122b-off-multi-20260420_125900,glm-5.1,"The question asks for the Rucio CLI command to create a rule, and the answer directly provides 'rucio add-rule' with complete syntax, multiple practical examples citing ticket references (CMSTRANSF-441, CMSTRANSF-424, CMSDM-266), and a summary of key flags. The answer is highly relevant, complete, and actionable for an operator. Specificity is strong with concrete commands, flags, and real-world examples. Source faithfulness receives a slightly lower score because while the answer claims to be based on 'search results' and cites ticket numbers, without seeing the actual retrieved sources, some specific claims (exact dataset paths, ticket details) cannot be fully verified for faithfulness to the source content."
question_20,benchmarking-qwen122b-off-multi-20260420_125900,glm-5.1,"The question asks specifically about CLI structure changes in Rucio client version 38, but the answer admits upfront that the documentation contains no specific reference to v38 or the new structure. It then provides general Rucio CLI syntax and speculates about possible changes (delete-rule vs update-rule, argument syntax shifts, authentication), none of which are tied to v38 specifically. The reference to CMSTRANSF-582 appears unsupported given the answer's own admission about limited source content. While the commands shown are specific and well-formatted, they don't answer what actually changed in v38, leaving the operator without the key information they need."
question_38,benchmarking-qwen122b-off-multi-20260420_125900,glm-5.1,"The answer directly addresses both parts of the question: PnR Campaign Manager responsibilities and the meaning of partial_copy. It provides detailed, well-structured content covering 5 responsibility areas and a thorough explanation of partial_copy including definition, value ranges, operational impact, and a configuration example. Specifics are attributed to JIRA tickets (CMSPROD-125, PRCAMPAIGNS-468, PRCAMPAIGNS-493), which grounds the claims, though some details (like '3 out of 5 workflows failed') cannot be independently verified from the answer alone. The answer is highly actionable for an operator."
question_21,benchmarking-qwen122b-off-multi-20260420_125900,glm-5.1,"The answer directly addresses how to set a quota in Rucio for an account on a given RSE, providing the primary method (rucio-admin CLI) with clear command syntax, a concrete example, and verification steps. However, it includes tangential content about SiteCapacity (explicitly noted as not for individual account quotas) and auto-approve configurations that aren't directly what was asked. The specific ticket references (CMS DM-44, CMSTRANSF-1161) and document names (disk_quota_management.md) are provided without verifiable source evidence, which raises source faithfulness concerns. The core Rucio commands and syntax appear accurate and would allow an operator to act immediately."
question_22,benchmarking-qwen122b-off-multi-20260420_125900,glm-5.1,"The question asks how to check incomplete blocks in a DAS dataset at 75% completion. The answer directly addresses this with multiple concrete methods: DAS queries, Rucio CLI commands, and an operational workflow. It provides specific command syntax (e.g., 'block dataset=<name>', 'rucio list-block-replicas'), block naming conventions, and escalation procedures via CMSTRANSF tickets. It's honestly upfront about not accessing live data, which prevents misleading fabricated specifics about the user's actual dataset. The cited ticket numbers appear grounded in documentation context, and the Rucio/DAS procedures are domain-accurate for CMS operations."
question_1,benchmarking-qwen122b-on-bare-llm-20260419_183443,glm-5.1,"The answer begins by correctly identifying the exit code and its meaning (SCRAMScriptFailure during SetupCMSSWPset), showing relevance to the question. However, the answer is truncated mid-sentence ('Since this is failing at **multiple') and never provides the actual approach or next steps the operator asked for. An operator reading this would learn only what the error class means but would have no actionable guidance on how to investigate or resolve it across multiple sites."
question_23,benchmarking-qwen122b-on-bare-llm-20260419_183443,glm-5.1,"The question is about finding gridpack file paths in a CMS computing context, but the answer is overly broad—covering Windows, general Linux, and multiple HEP experiments rather than focusing on CMS-specific mechanisms. The CMS-specific suggestions appear fabricated: $GRIDPACK_DIR is not a standard CMS environment variable, and the table of 'common paths' includes invented directories like ~/.local/share/gridpack/. These unsupported specifics could mislead an operator into searching nonexistent locations. The genuinely useful CMS mechanisms (McM, ReqMgr, production config sources, actual storage paths) are absent, replaced by generic find/grep commands any operator would already know."
question_39,benchmarking-qwen122b-on-bare-llm-20260419_183443,glm-5.1,"The question asks about the current policy for HLTSCOUT and L1SCOUT datasets. The answer provides a broad overview touching on access, storage, usage, and how-to-access, which is relevant but includes tangential operational guidance beyond pure 'policy.' Several specifics appear unsupported or potentially inaccurate (e.g., 'xrdb' isn't a standard xrootd tool, 'Cernbox/CMS DMS' isn't standard data catalog terminology), while the answer itself admits policies 'can change rapidly' and recommends verification — indicating the details aren't grounded in current authoritative sources. This mix of unsupported specifics and generic advice, plus the need for significant follow-up to confirm actual current policy, results in moderate scores across dimensions."
question_24,benchmarking-qwen122b-on-bare-llm-20260419_183443,glm-5.1,"The question asks about the status of a 'Winter 26 campaign' in a CMS Computing Operations context, where 'campaign' refers to a data processing campaign. The generated answer completely misses this domain context, suggesting it could be about a video game, charity, or marketing agency. It provides zero status information and instead asks irrelevant clarifying questions that demonstrate a fundamental misunderstanding of the domain. While it honestly admits not having information rather than fabricating data, the clarifying questions are not useful for a CMS operator and would require them to re-explain their entire context."
question_25,benchmarking-qwen122b-on-bare-llm-20260419_183443,glm-5.1,"The question is asked in the context of CMS Computing Operations, where 'workflow' refers to CMS-specific systems like CRAB, WMAgent, or CMSWEB workload management. The generated answer entirely misses this context, instead providing detailed instructions for generic CI/CD platforms (GitHub Actions, Jenkins, GitLab, etc.) that are not the CMS workflow systems an operator would be asking about. While the answer is detailed about those irrelevant platforms, it provides zero information about where CMS workflow logs actually reside (e.g., CRAB server logs, WMAgent task logs, CMS Monitor, or ReqMgr). This makes it fundamentally unhelpful and largely irrelevant to the actual question posed."
question_26,benchmarking-qwen122b-on-bare-llm-20260419_183443,glm-5.1,"The question asks simply how to access the WMAgent config. The answer directly addresses this with file locations, access methods, commands, and authentication requirements — nearly all content is on-topic (the config sections detail is slightly tangential but still relevant). Completeness is high for a simple question: multiple access paths are covered. Specificity is mixed: the answer provides many concrete file paths, commands, and config section names, but none are explicitly cited or grounded in tool output/documentation — the general readthedocs link at the end doesn't tie to specific claims. Per the guardrail, unsupported specifics should score lower than honest vagueness, so this lands in the middle. Helpfulness is good: an operator would have actionable starting points to find and view the config, though they'd need to verify paths on their specific agent host."
question_47,benchmarking-qwen122b-on-bare-llm-20260419_183443,glm-5.1,"The question asks for a specific data value (amount deleted in campaign 2025). The answer honestly admits it cannot access internal records to provide this figure, which is preferable to fabricating unsupported specifics. However, it fails to deliver the core information requested. The alternative suggestions (dashboards, documentation, logs, compliance officer) are generic and not specific to CMS Computing Operations — they lack concrete tool names, URLs, or procedures an operator could act on immediately. The offer to analyze shared documents is a modestly useful fallback."
question_27,benchmarking-qwen122b-on-bare-llm-20260419_183443,glm-5.1,"The question is clearly about CMS Computing Operations (as stated in the evaluator context), referring to Winter26 workflows in the CMS physics/computing domain. The generated answer completely misinterprets the context, assuming this is about Salesforce releases and providing an extensive discussion about Salesforce Workflow Rule retirement and Salesforce release timelines. This is entirely wrong domain — CMS Winter26 workflows refer to computing campaign workflows for particle physics data processing, not a CRM software release. The answer is completely irrelevant to what was asked, provides no information about the actual CMS Winter26 workflow issues, and would actively mislead a CMS computing operator."
question_48,benchmarking-qwen122b-on-bare-llm-20260419_183443,glm-5.1,"The question asks for a specific link to a 'workflow updater' doc in the CMS Computing Operations context. The answer fails to provide any link and instead lists irrelevant platforms (GitHub Actions, Jenkins, Salesforce) that are not CMS Computing tools, showing a lack of domain understanding. While the answer is honestly vague rather than fabricating data, it provides no useful information for a CMS operator — the clarifying questions ask about unrelated platforms, not CMS-specific context. The core request (a documentation link) is completely unfulfilled."
question_42,benchmarking-qwen122b-on-bare-llm-20260419_183443,glm-5.1,"In the context of CMS Computing Operations, 'Unified' refers to the CMS Unified workflow management system used for managing computing jobs and workflows — not the JavaScript text-processing ecosystem. The answer provides detailed information about unifiedjs (a JavaScript library), which is almost certainly not what the CMS operator is asking about. While the answer includes specific GitHub URLs and installation commands, these are specific to the wrong project entirely, making them misleading rather than helpful. The 'If You Meant Something Else' section acknowledges ambiguity but provides no guidance about CMS Unified specifically."
question_4,benchmarking-qwen122b-on-bare-llm-20260419_183443,glm-5.1,"The answer directly addresses the 'who and how' of MergedLFNBase setting with useful architectural knowledge (WMAgent, CRAB, SiteLocalConfig roles) but cannot check the specific CMSPROD-368 ticket, which is a key part of the question. The specifics provided (component names, conceptual file paths, pseudo-code) are not grounded in cited sources or tool output — the pseudo-code is explicitly fake, and file path references appear speculative. The answer is honest about its limitations but the unsupported specifics and extensive generic troubleshooting advice dilute actionable value. An operator gets background understanding but must independently investigate the ticket and verify code locations."
question_6,benchmarking-qwen122b-on-bare-llm-20260419_183443,glm-5.1,"The question asks for a summary of 2025 activity in CMSDM (CMS Data Management) and CMSTRANSF (CMS Transfer), which are well-known systems in CMS Computing Operations. The answer correctly acknowledges it cannot provide 2025 data but incorrectly claims these acronyms are 'not widely recognized,' which is false in this operational context. This wastes space on irrelevant speculation about what the acronyms might mean, rather than providing any useful operational information. No summary is provided at all, making it a refusal with incorrect contextual assumptions."
question_7,benchmarking-qwen122b-on-bare-llm-20260419_183443,glm-5.1,"The question asks what a specific line of code does in WMCore. The answer precisely breaks down each component of the conditional (PhEDExNodeName, blockDict, useAAA), explains the logical OR operation clearly, provides practical scenario examples, and contextualizes why this matters for CMS data locality decisions. All content is directly relevant and on-topic. The specifics about AAA meaning (Advanced Analysis Access), XRootD/HTTPS streaming, block structure, and the logic implications are accurate and grounded in publicly documented CMS/WMCore knowledge rather than fabricated details. An operator would fully understand this code's purpose after reading this."
question_5,benchmarking-qwen122b-on-bare-llm-20260419_183443,glm-5.1,"The question asks for specific Rucio commands based on operations described in a Jira ticket. The answer honestly admits it cannot access the URL, which is better than fabricating details, but this means the core request cannot be fulfilled. The answer provides generic Rucio command examples that are relevant to common operations, but they are not specific to the ticket's operations. An operator would still need to read the ticket themselves and determine which commands apply, so the answer provides a reference starting point but not the requested solution."
question_8,benchmarking-qwen122b-on-bare-llm-20260419_183443,glm-5.1,"The question asks specifically about open tickets for decommissioning Russian T2s (Tier-2 sites in CMS Computing). The answer correctly acknowledges it cannot access internal ticketing systems, which is honest and avoids fabricating ticket numbers. However, the guidance provided is generic corporate advice (check Jira, contact your team) rather than CMS-specific resources like GGUS, CERN Jira projects, or CMS Computing documentation that an operator would actually use. An experienced CMS operator would already know these basic steps, making the answer minimally useful for progressing on the task."
question_9,benchmarking-qwen122b-on-bare-llm-20260419_183443,glm-5.1,"The question asks for specific repeated topics in CMSTRANSF tickets within a defined range. The assistant honestly acknowledges it cannot access the internal ticketing system, which is appropriate per the guardrails against inventing unsupported data. It then provides JQL query examples and analysis methodology as alternative guidance. However, the core request (what are the actual repeated topics) remains unanswered due to legitimate access limitations. The 'common themes' section offers generic speculation rather than grounded specifics."
question_28,benchmarking-qwen122b-on-bare-llm-20260419_183443,glm-5.1,"The question is asked in a CMS Computing Operations context, where 'PnR' most likely refers to Prompt Reconstruction or another CMS-specific operational concept. The answer completely misses this domain context and instead provides lengthy explanations of PnR in aviation (Passenger Name Record), electronics (Place and Route), and generic corporate settings — none of which are relevant to a CMS computing operator. While the answer acknowledges ambiguity and asks for clarification, it fails to recognize the obvious CMS context and provides domain-irrelevant specifics that could mislead or confuse an operator. This is a case where unsupported/wrong-domain specifics are worse than honest vagueness."
question_10,benchmarking-qwen122b-on-bare-llm-20260419_183443,glm-5.1,"The question asks about creating a new Tier0 release in a CMS Computing Operations context, where Tier0 refers to the CMS Tier-0 data processing system at CERN. The answer completely misses this context, instead providing 5 generic interpretations of 'Tier0' (CI/CD canary, versioning, VMware NSX, ITSM, internal jargon) that are all irrelevant to CMS. The specifics provided (VMware NSX steps, ServiceNow procedures) are unsupported for the actual question and could mislead an operator. A CMS operator would gain no actionable progress from this answer toward creating an actual CMS Tier0 release."
question_49,benchmarking-qwen122b-on-bare-llm-20260419_183443,glm-5.1,"The answer directly acknowledges its inability to provide the specific date due to lack of access to internal records, adhering to the principle of honest vagueness over unsupported specifics. It then provides concrete, actionable avenues for the operator to find the information themselves, specifying relevant tools (Jira, ServiceNow, Jenkins, Terraform, Helm) rather than offering only vague advice. While it cannot provide the exact answer to 'when', it gives a clear and practical path forward."
question_11,benchmarking-qwen122b-on-bare-llm-20260419_183443,glm-5.1,"The question asks about deploying tier 0 replay in the CMS Computing Operations context, where 'Tier 0' refers to CERN's primary computing center and 'replay' refers to reprocessing data workflows. The answer completely fails to recognize this context and instead speculates about VMware NSX-T, Kafka, backup/recovery, security attacks, and gaming systems — none of which are relevant. While the answer acknowledges uncertainty and asks for clarification, it provides zero useful information about CMS tier 0 replay deployment, which is a well-known concept in CMS computing."
question_29,benchmarking-qwen122b-on-bare-llm-20260419_183443,glm-5.1,"The answer addresses the general question of where to check site readiness and downtime status, but does so with entirely generic IT advice rather than CMS Computing Operations-specific information. For a CMS operator, the answer misses critical systems like SSB (Site Status Board), GOCDB, CMS Dashboard, GGUS, or other CMS-specific tools. The answer is honestly vague (admitting lack of access) rather than fabricating details, which is preferable but still results in generic, non-actionable guidance for the target audience."
question_31,benchmarking-qwen122b-on-bare-llm-20260419_183443,glm-5.1,"The answer directly addresses the question by explaining the three schedd types, their purposes, users, workloads, and priorities in a well-organized format. It covers all three schedds comprehensively with a comparison table and rationale for separation. However, specificity is slightly undermined by lack of citations and the hostname examples (crabschedd1.cern.ch, etc.) which appear potentially fabricated rather than grounded in documentation. The core content about workload types, priority relationships, and operational distinctions is largely accurate CMS computing knowledge. An operator would find this genuinely helpful for understanding the conceptual differences, though they couldn't verify specific claims without cited sources."
question_12,benchmarking-qwen122b-on-bare-llm-20260419_183443,glm-5.1,"The answer directly addresses creating quota rules for T2_CH_CERN with local users, so it's relevant and reasonably complete in scope. However, the critical issue is specificity: the answer provides detailed configuration paths, CLI commands (like 'dirac-admin-set-group-option'), Python scripts, and SQL triggers that appear to be fabricated or at minimum are unsupported by any cited sources or documentation. In DIRAC, quota management doesn't work through these configuration paths or SQL triggers. The commands shown likely don't exist as written. According to evaluation principles, unsupported specifics are worse than honest vagueness because they would mislead an operator into trying non-existent commands and incorrect configurations, wasting time and potentially causing issues."
question_43,benchmarking-qwen122b-on-bare-llm-20260419_183443,glm-5.1,"The question asks why overwrite is not enabled for tape transfers, likely in a CMS computing context. The answer provides a thorough general explanation covering sequential access, data safety, physical write-protect, retention policies, and media longevity. However, it is entirely generic—no CMS-specific systems (e.g., CASTOR, EOS, FTS, Rucio) or CERN infrastructure are mentioned. The specifics provided (LTO specs, WORM, 250 passes) are general tape facts without citations or CMS documentation references. A CMS operator gets conceptual understanding but must independently investigate how these principles apply to their specific environment."
question_33,benchmarking-qwen122b-on-bare-llm-20260419_183443,glm-5.1,"The question is clearly about CMS Computing Operations (CERN physics experiment infrastructure), but the answer interprets 'Production Output activity' as a generic enterprise/Mainframe IT concept—completely wrong context. The answer is also physically cut off mid-sentence and never addresses where output is written (disk/tape). The specific details provided (Mainframe, z/OS, COBOL, bank statements) are irrelevant to CMS computing and constitute unsupported specifics in the wrong domain, which is worse than honest vagueness per the evaluation principles."
question_2,benchmarking-qwen122b-on-bare-llm-20260419_183443,glm-5.1,"The question asks a Tier-0 operator how to technically proceed with reprocessing 5 runs given available streamer files. The answer provides a reasonable procedural/governance workflow (change request, approval, validation, execution) but completely lacks CMS-specific technical details — no mention of specific tools like Tier0FeederHandler, cmsRun, or how to actually use the streamer files for reprocessing. It acknowledges it can't execute commands and honestly stays vague rather than fabricating specifics, which is better than inventing data. However, the answer essentially tells the operator to 'go ask someone else,' providing only a generic organizational checklist without actionable technical content."
question_34,benchmarking-qwen122b-on-bare-llm-20260419_183443,glm-5.1,"The question asks two things: what rucio probes are and how they are used for monitoring. The answer directly addresses both parts with a clear definition (active synthetic monitoring checks), detailed workflow explanation (upload→rule→transfer→verify→cleanup cycle), specific probe types in a table, monitoring stack integration details, and illustrative pseudocode. The answer stays entirely on-topic throughout. It covers all aspects comprehensively — concept, workflow, scenarios tested, integration, and importance. Specificity is strong with concrete details like probe type classifications, tool names (Prometheus, Grafana, FTS), metric format examples, and pseudocode showing actual Rucio client API calls. However, some specifics (like the SLA percentage example) are illustrative rather than sourced, and the answer is generic to Rucio across experiments rather than CMS-specific, so specificity and helpfulness are slightly below maximum."
question_15,benchmarking-qwen122b-on-bare-llm-20260419_183443,glm-5.1,"The question asks specifically for the CLI command to view Rucio rule details. The answer provides the exact command (`rucio show-rule <rule_id>`), a practical example, how to find the rule ID if unknown, a useful flag for more detail (`--json`), and describes the expected output. Every part is on-topic and actionable with no unsupported claims."
question_44,benchmarking-qwen122b-on-bare-llm-20260419_183443,glm-5.1,"The question asks about staging a single raw file from tape in a CMS Computing Operations context, where 'staging' and 'raw file' have specific meanings related to CMS data management infrastructure (e.g., Castor/EOS tape backends, Rucio, FTS). The answer provides a generic, general-IT explanation about tape technology, LTFS, and HSM software without any CMS-specific tools, commands, or procedures. While it technically answers 'yes' to the question, it misses the operational context entirely—CMS operators need to know about specific tools like rucio recall, stager_get, or xrdcp, not generic LTFS explanations."
question_51,benchmarking-qwen122b-on-bare-llm-20260419_183443,glm-5.1,"The answer directly addresses both parts of the question by providing a short title and a URL. It is fully relevant and complete with no gaps. However, the specificity dimension must account for the critical guardrail: the answer provides a specific URL with absolutely no supporting evidence—no citation, no tool output, no documentation reference. An unsupported specific claim like a URL is potentially fabricated and could mislead an operator more than honest vagueness would. While the URL pattern looks plausible for CERN TWiki, without any source attribution, an operator cannot trust it without verification. This reduces both specificity and helpfulness."
question_16,benchmarking-qwen122b-on-bare-llm-20260419_183443,glm-5.1,"The question asks for a DAS query for a specific run and dataset, and the answer provides exactly that with proper syntax, along with step-by-step instructions on where and how to execute it. The query includes both the dataset name and run number as requested, making it directly actionable. The additional instructions for using the DAS web interface add helpful context without being tangential."
question_17,benchmarking-qwen122b-on-bare-llm-20260419_183443,glm-5.1,"The question asks for the Rucio command to see the location of a block. The answer directly provides the correct command (`rucio list-replicas`) with proper syntax, a concrete example, useful options in a clear table, and helpful notes. The main command and options are well-supported and accurate. However, the alternative section describing `rucio list-rules` as a way to 'list all RSEs where a dataset has replicas' is slightly misleading—list-rules shows replication rules, not replica locations directly. For datasets specifically, `rucio list-dataset-replicas` would be more appropriate. Overall, this is a strong answer that an operator could act on immediately."
question_52,benchmarking-qwen122b-on-bare-llm-20260419_183443,glm-5.1,"The answer correctly identifies the CERN CMS experiment context but wastes significant space on an irrelevant tangent about generic content management systems (WordPress, Drupal), which is clearly not what's meant by 'CMS data management' in this operations context. The actual substantive content about the transition status is thin — it mentions WLCG IAM being 'production-ready' and Rucio supporting both auth methods, but these claims are unsupported by any citations, documentation, or tool output. The answer also appears truncated, cutting off mid-discussion, leaving significant gaps about timeline, migration progress metrics, affected systems beyond Rucio (e.g., FTS, CRAB), and current blockers."
question_35,benchmarking-qwen122b-on-bare-llm-20260419_183443,glm-5.1,"The question asks how to check file integrity, and the answer directly addresses this with multiple well-organized methods: checksums/hashes, file comparison tools, specialized integrity monitoring tools, and cryptographic signatures. The answer provides concrete, actionable commands (sha256sum, Get-FileHash, certutil, gpg --verify) with platform-specific examples, specific tool names (AIDE, Tripwire, OSSEC), and a complete example workflow. The specifics are standard, well-documented utilities rather than fabricated data, so they are well-supported. A CMS computing operator could immediately use these commands to verify file integrity."
question_3,benchmarking-qwen122b-on-bare-llm-20260419_183443,glm-5.1,"The answer directly addresses the question about extending Rucio quotas and provides procedural guidance, wiki links, and contact information, making it highly relevant. However, specificity is concerning: several concrete details (the exact Jira Service Desk URL with specific portal/group/create numbers, the 'RucioQuota' Twiki page, the `rucio list-quota-rules` command, and the '> 10 TB' threshold) appear potentially fabricated or unverifiable without cited sources, which per the guardrail is worse than honest vagueness. The general approach (contact CMS DM, file a ticket, check documentation) is sound and actionable, making it helpful overall, though an operator would need to verify the specific URLs and commands."
question_45,benchmarking-qwen122b-on-bare-llm-20260419_183443,glm-5.1,"The answer directly and precisely addresses the question about the primary use of both wma_prod and wmcore_output Rucio accounts, explaining that wma_prod handles input data management/staging while wmcore_output handles output data publishing. It covers both accounts completely and adds useful context about their roles in the workflow lifecycle. The answer provides concrete, accurate details about each account's function within CMS computing infrastructure—specific mechanisms (creating Rucio rules, registering files), workflow types (Monte Carlo, Re-Reconstruction), and output types (merged AOD files)—without inventing unsupported specifics. A CMS operator would find this immediately actionable for understanding which account handles what in the production pipeline."
question_18,benchmarking-qwen122b-on-bare-llm-20260419_183443,glm-5.1,"The question asks for the rucio command to create a container, and the answer directly provides `rucio add-container <scope>:<container_name>` with a concrete example. It also clarifies the distinction between Rucio containers and Docker containers, which prevents potential confusion. The answer includes prerequisites (authentication, permissions), follow-up steps (attaching datasets), and optional features (--meta flag), making it thorough and actionable. All details are standard Rucio CLI commands that are well-documented, not fabricated."
question_19,benchmarking-qwen122b-on-bare-llm-20260419_183443,glm-5.1,"The question asks for the rucio CLI command to create a rule, and the answer directly provides the exact command `rucio add-rule` with its positional arguments. The example with concrete values and the list of common options (lifetime, weight, locked, activity, grouping) are all genuinely useful specifics grounded in standard Rucio CLI documentation — no unsupported fabrication concerns here. The answer is concise without unnecessary padding, directly addressing what was asked while providing actionable context an operator can immediately use."
question_20,benchmarking-qwen122b-on-bare-llm-20260419_183443,glm-5.1,"The answer addresses the question about Rucio CLI structure changes but provides specific command mappings without any supporting evidence or citations, while simultaneously admitting it doesn't have specific information about version 38. Per the guardrail, unsupported specifics are worse than honest vagueness - the mapping table appears fabricated without source verification. The answer is relevant and partially complete by providing examples, but the unsupported specifics lower its specificity and helpfulness scores since an operator cannot trust these mappings without verification."
question_38,benchmarking-qwen122b-on-bare-llm-20260419_183443,glm-5.1,"The answer addresses both topics mentioned (documentation and partial_copy), but fails on substance — it explicitly cannot find the requested documentation and instead provides speculative AdTech/marketing interpretations that are likely completely wrong for a CMS Computing Operations context. The specificity dimension is particularly problematic: the answer invents hypothetical API endpoints, JSON examples, and detailed functionality descriptions with zero evidence, which per the guardrail is worse than honest vagueness. The suggestions for finding internal docs (grep, wiki) are generic but minimally useful, while the core content could actively mislead an operator into thinking PnR is an AdTech tool."
question_21,benchmarking-qwen122b-on-bare-llm-20260419_183443,glm-5.1,"The question asks how to set quota in Rucio for an account on a given RSE. The answer directly addresses this with both CLI and Python API methods, including exact command syntax, example values, and practical code snippets. It also covers viewing/removing quotas and troubleshooting, going beyond the minimum required. The specific commands (rucio set-quota, list-quota) and Python API methods (set_account_limit, delete_account_limit, get_local_account_usage) are actual Rucio features, and example RSE/account names are clearly illustrative rather than fabricated data. A minor inconsistency exists with the CLI flag names (--bytes vs --rse-bytes), but overall the answer is highly actionable."
question_22,benchmarking-qwen122b-on-bare-llm-20260419_183443,glm-5.1,"The question is about CMS DAS (Data Aggregation System), a web-based metadata query tool for CMS datasets, blocks, and sites. The generated answer completely misinterprets 'DAS' as possibly blockchain/Data Availability Sampling, Direct Attached Storage, or an internal ETL tool—none of which are correct. It provides lengthy, detailed instructions for three wrong systems, making the response fundamentally off-topic and actively misleading. An operator following any of these suggestions would investigate entirely wrong directions."
question_46,benchmarking-qwen122b-on-multi-20260419_133538,glm-5.1,"The answer directly and precisely addresses the question by identifying the timeframe as late 2023 during the Heavy Ion run, specifically citing November 24, 2023. It provides exceptional detail by referencing specific Jira tickets (CMSTRANSF-773, CMSTRANSF-1265), exact commands used to re-enable the RSE, and direct quotes, indicating strong source support. This level of concrete, actionable information gives the operator a complete picture of the disablement, re-enablement, and subsequent status, making it highly helpful."
question_1,benchmarking-qwen122b-on-multi-20260419_133538,glm-5.1,"The answer directly addresses the 50513 exit code question and provides structured analysis, but has a critical flaw: it cites specific ticket numbers (CMSPROD-364, CMSPROD-324, CMSTZ-865, CMSCOMPPR-66711) and makes detailed claims about their resolutions without any source citations, which per the evaluation principles makes unsupported specifics worse than honest vagueness. The architecture mismatch observation (cc8_amd64_gcc9 vs el8_amd64_gcc12) is misleading — WMCore's Python path and the CMSSW scram arch are separate concerns, not a mismatch. The actual root cause of the PreScriptFailure isn't clearly visible in the provided logs (the subprocess commands shown appear to complete), yet the answer confidently attributes it to CVMFS issues based on potentially fabricated historical incidents. The general advice about checking CVMFS and contacting site operators is reasonable but generic."
question_23,benchmarking-qwen122b-on-multi-20260419_133538,glm-5.1,"The answer directly and thoroughly addresses how to find gridpack file paths, providing both CVMFS and EOS path structures with detailed component breakdowns and examples. It offers actionable methods to find specific paths via workflow configs and McM requests. However, the ticket reference CMSVOC-428 is an unsupported specific claim without citation, which slightly undermines specificity and source faithfulness. The path structures and configuration parameter references appear consistent with CMS computing infrastructure, but without explicit source citations, source faithfulness is moderate."
question_39,benchmarking-qwen122b-on-multi-20260419_133538,glm-5.1,"The answer directly and precisely addresses the question by detailing the current data placement policies for both HLTSCOUT and L1SCOUT datasets, including their differences. It provides highly specific, actionable details such as the relevant ticket number (CMSTRANSF-1215), Rucio subscription names, lifetime values, and regex filters. A CMS computing operator could easily act on this information to understand or verify the current state of these datasets. The answer explicitly ties its claims to specific sources, demonstrating internal consistency."
question_24,benchmarking-qwen122b-on-multi-20260419_133538,glm-5.1,"The question asks for the status of the Winter 26 campaign, and the answer provides a detailed overview of the Run3Winter26 campaign including specific issues encountered, their resolution status, and affected campaign components. The answer is highly relevant and specific, citing ticket numbers (CMSPROD-344, 359, 364), exit codes, site names, and technical details about root causes and fixes. It covers multiple aspects of campaign status though it lacks overall completion percentages or a high-level progress summary. The answer appears grounded in documentation sources given the specific ticket references and technical details, and includes an honest caveat about static documentation vs. live monitoring tools."
question_25,benchmarking-qwen122b-on-multi-20260419_133538,glm-5.1,"The question asks where to find full workflow logs, and the answer provides four specific locations covering different job states (completed, archived, active/pending, failed), along with exact paths, directory structures, examples, extraction commands, and a web interface URL. The answer is highly relevant and complete, covering all practical scenarios an operator would encounter. Specificity is strong with concrete paths and commands, though the source reference 'Based on the CMS Tier0 documentation' is general rather than citing a specific document. Helpfulness is high as an operator could immediately navigate to the correct location and extract logs. Source faithfulness appears good based on internal consistency, though full verification isn't possible without the original sources."
question_26,benchmarking-qwen122b-on-multi-20260419_133538,glm-5.1,"The question asks how to access wmagent config, and the answer provides detailed information about file paths, access methods, and related procedures. However, the answer is heavily Tier0-specific (paths like /data/tier0/..., T0 GitHub repo) when the question was about WMAgent config generally, which could mislead operators working with production WMAgent instances. The specificity is high with concrete paths and commands, but these appear to be Tier0-specific details presented as general guidance, and there are no direct source citations despite claiming to be 'based on documentation.' The answer also goes well beyond 'accessing' into making changes and restarting components, which is tangential."
question_47,benchmarking-qwen122b-on-multi-20260419_133538,glm-5.1,"The answer directly addresses the question about data deleted in the 2025 deletion campaign, providing specific figures for tape deletion (~7.24 PB) and disk space freed (~2.5 PB). However, there's a critical tension: the answer provides very specific numbers (7.25 PB, 7 GB remaining, 2.5 PB) and ticket references (CMSTRANSF-1248, CMSDM-354, CMSDM-355) but then admits 'the exact final deletion count is not explicitly stated in the available documentation.' This means the key quantitative claims are likely extrapolations or interpretations rather than directly cited from sources, which undermines trust in those specifics. The specificity scores lower because unsupported specifics are worse than honest vagueness per the evaluation criteria."
question_40,benchmarking-qwen122b-on-multi-20260419_133538,glm-5.1,"The answer directly and precisely addresses the MINIAOD policy change question, covering overview, old vs. new comparison, implementation details, outcomes, and rationale—earning high relevance and completeness scores. However, specificity is mixed: while the answer provides concrete details like ticket numbers (CMSTRANSF-1172, etc.), subscription names, and RSE attributes, these specific claims lack direct source citations, quotes, or tool output excerpts to support them. Per the evaluation guardrail, unsupported specifics are concerning. Helpfulness is solid—an operator would gain a clear understanding of the policy change and could follow up on referenced tickets. Source faithfulness is moderate; the answer references tickets and documentation but without showing the actual source content, making it impossible to verify whether claims accurately reflect those sources, and some details (specific dates like 'late July 2025') appear without any source attribution."
question_27,benchmarking-qwen122b-on-multi-20260419_133538,glm-5.1,"The answer directly and comprehensively summarizes the Winter26 workflow issues, organized into three clear categories: a WMCore software bug (50513 errors), physics application failures (8001 errors), and a Rucio data availability blockage. Each category includes symptoms, root cause, scope, and resolution with concrete details like exit codes, ticket numbers, specific sites, file counts, and configuration values. The answer is highly actionable for an operator. The only minor caution on source faithfulness is that while the answer references specific ticket numbers (CMSPROD-359, -364, -344) and a GitHub issue, no explicit source citations or quotes are provided, so some claims cannot be fully verified against the retrieved documentation."
question_48,benchmarking-qwen122b-on-multi-20260419_133538,glm-5.1,"The question asks for a specific link to a 'workflow updater' doc. The answer directly addresses this by explaining that no such document was found under that name, provides the closest alternative (T0JobsAndWorkflows) with a concrete URL, suggests possible alternative terminology, and offers to search further. The answer is honest about the absence of the requested resource rather than fabricating a link, which aligns with the evaluation principle that honest vagueness is better than unsupported specifics. It loses slight completeness because the specific request couldn't be fulfilled, but this is due to the source limitation, not the answer's quality."
question_42,benchmarking-qwen122b-on-multi-20260419_133538,glm-5.1,"The answer directly addresses where to find Unified source code, acknowledging that the exact URL isn't in the provided sources while offering the most likely locations (GitHub dmwm organization) and reasonable alternatives (GitLab CERN). It provides specific related repository URLs and ticket references from sources, but the key claim about the likely repository location is an inference rather than source-grounded. The answer is transparent about this limitation, which is better than fabricating a definitive answer. An operator would have clear next steps but would still need to verify."
question_4,benchmarking-qwen122b-on-multi-20260419_133538,glm-5.1,"The answer directly addresses both parts of the question: 'who' sets MergedLFNBase (Submitter/PdmV/McM at creation, Assignor/Unified at assignment) and 'how' it's set correctly (automatic correction during assignment from /store/data to /store/mc for MC workflows). It references specific details from the ticket including the workflow name (task_BPH-RunIISummer20UL18GEN-00292), PR MR 1260, and the conclusion that this was a false alarm. The answer provides concrete, actionable information including specific LFN paths, workflow states, and clear guidance that no manual intervention is needed when MergedLFNBase appears incorrect in assignment-approved status. The answer appears internally consistent and faithfully represents ticket content, though it doesn't formally cite sources in a structured way."
question_6,benchmarking-qwen122b-on-multi-20260419_133538,glm-5.1,"The answer directly and thoroughly addresses the question, covering both CMSDM and CMSTRANSF with detailed activities for 2025, including an overview and summary of trends. However, the specificity dimension is problematic: the answer contains many specific ticket numbers (CMSDM-278, CMSDM-271, CMSTRANSF-1225, etc.), configuration values (StagingMetadataSizeLimit 1B to 1KB, distance of 40), Rucio version numbers, and specific months—all without any citations, source references, or tool output to support them. Per the guardrail, unsupported specifics risk being fabricated and should score lower than honest vagueness. Source faithfulness is difficult to assess since no sources are cited at all; the claims are extensive but lack evidence of grounding in any retrieved documents."
question_7,benchmarking-qwen122b-on-multi-20260419_133538,glm-5.1,"The answer directly addresses the question by breaking down each component of the code line and explaining the overall logic. It identifies the code's location (handlePileup method in SetupCMSSWPset.py), explains what each variable/condition means, and provides relevant context from CMSPROD-359 about a related KeyError failure. The answer is comprehensive and actionable, though the expansion of 'AAA' as 'Any-Archive-Archive' is likely a minor inaccuracy (AAA typically stands for 'Any-Any-Any' in CMS context), and some interpretive details about the fix may extrapolate beyond what the cited source explicitly states."
question_5,benchmarking-qwen122b-on-multi-20260419_133538,glm-5.1,"The answer directly addresses the question by providing the specific rucio commands (detach-did) used to detach an empty block from two datasets, as referenced in the Jira ticket. It includes the exact block ID, dataset names, and full command syntax, making it highly actionable. The answer acknowledges where a dataset name was truncated in the ticket and makes a reasonable inference, showing honesty about source limitations. All key details appear grounded in the ticket content."
question_8,benchmarking-qwen122b-on-multi-20260419_133538,glm-5.1,"The answer directly addresses the question about open tickets for decommissioning Russian T2s and provides specific ticket numbers and details. However, there are serious concerns about unsupported specifics: the date 'April 7, 2026' is in the future, and no sources or tool outputs are cited to support the ticket numbers, data volumes, or other specific claims. Per the evaluation guidelines, unsupported specifics are worse than honest vagueness because they could be fabricated and mislead an operator. This significantly impacts specificity and helpfulness scores. Without seeing the actual sources provided, source faithfulness is difficult to assess definitively, but the lack of citations and questionable future date suggest the claims may not be grounded in retrieved sources."
question_9,benchmarking-qwen122b-on-multi-20260419_133538,glm-5.1,"The answer directly addresses the question about repeated topics in CMSTRANSF-1059 to CMSTRANSF-1400, providing a categorized analysis with specific ticket examples. However, it includes excessive intermediate search process narrative that clutters the response. The main limitation is that only ~15-20 tickets were sampled out of a potential 341 in the range, making the frequency claims somewhat unreliable. Specific ticket numbers and site/data type details appear grounded in tool output, but quantitative claims about 'most repeated' lack rigor given the incomplete coverage."
question_28,benchmarking-qwen122b-on-multi-20260419_133538,glm-5.1,"The answer directly addresses both parts of the question—PnR operations and request handling by different parties—with well-organized sections. It provides concrete details like Multicore conversion rules, the RequiresSpecialAttention mechanism (max 10 workflows), specific quota examples, and status-based routing logic. However, many specifics (e.g., the 500TB quota at T1_US_FNAL_Disk, the exact Multicore rules) lack explicit source citations despite claiming to be 'based on documentation,' which raises concerns about unsupported claims per the evaluation guardrails. The answer is helpful as an operational overview but an operator would need to verify some specifics before acting on them."
question_10,benchmarking-qwen122b-on-multi-20260419_133538,glm-5.1,"The answer provides a comprehensive, step-by-step guide for creating a Tier0 release, covering prerequisites, environment setup, GitHub release creation, spec file modification, building/uploading, testing, and merging to production. It includes specific commands, file paths, branch names, and deployment scripts, making it highly actionable for an operator. However, while the answer claims to be 'Based on the available documentation,' it lacks explicit source citations or references to specific documents, which slightly impacts specificity and source faithfulness scores. The technical details appear internally consistent and coherent, suggesting grounding in real documentation, but without explicit attribution, some claims cannot be verified."
question_49,benchmarking-qwen122b-on-multi-20260419_133538,glm-5.1,"The question asks for a specific date when wma_prod copies were reduced from 2 to 1. The generated answer is a raw dump of the CMSTRANSF-1080 ticket content, which contains the relevant information but is not synthesized into an actual answer. An operator would need to read through the entire ticket to piece together that deletions started around February 12, 2025 (the day after the ticket was created, per the 'we'll start executing the deletions tomorrow' comment), with additional batches on February 17 and 19, 2025 (based on attached filenames). The raw data is relevant and specific, but the lack of any synthesis makes it only partially helpful as an answer."
question_50,benchmarking-qwen122b-on-multi-20260419_133538,glm-5.1,"The answer directly addresses the question about when FTS enabled the overwrite-on-buffer feature for CMS, providing a specific date and extensive timeline. However, the answer includes very specific claims—ticket numbers (CMSTRANSF-821, CMSTRANSF-1123, CMSDM-369), exact quotes, a specific date of March 18, 2025, and a configuration URL—without any cited sources, tool output, or documentation references. The November 2025 ticket reference appears to be a future date, which raises serious fabrication concerns. Under the evaluation guardrails, unsupported specific claims are worse than honest vagueness because they can mislead operators into chasing non-existent tickets or wrong information."
question_11,benchmarking-qwen122b-on-multi-20260419_133538,glm-5.1,"The answer provides a comprehensive, step-by-step guide to deploying a Tier-0 replay, directly addressing the user's question with no off-topic content. It includes highly specific and actionable details such as VM hostnames, exact commands, file paths, and configuration steps, making it extremely practical for an operator. Since no source text was provided to compare against, but the answer appears internally consistent and factual for the domain, source faithfulness is assumed to be high."
question_29,benchmarking-qwen122b-on-multi-20260419_133538,glm-5.1,"The answer directly addresses both parts of the question—site readiness and downtime status—with specific URLs, tools, and commands. It covers site readiness via FTS reports, Rucio metrics, and MONIT dashboards, and downtime via GOCDB and the automatic availability tool, plus important operational context (CMSDM-278 issues, multi-service sites). Specificity is high with concrete URLs, metric names, a ticket reference (CMSDM-278), GitHub links, and actionable commands. The asterisk in the MONIT URL is a minor concern suggesting slight extrapolation rather than exact citation, which also affects source faithfulness slightly—the answer references sources generally but the detailed discussion around CMSDM-278 implications may go beyond strict source content."
question_30,benchmarking-qwen122b-on-multi-20260419_133538,glm-5.1,"The answer directly addresses the question about why Rucio rules remain in REPLICATING state for extended periods without transitioning to STUCK. It clearly explains the core mechanism (3-failure threshold, no time-based timeout), provides multiple specific scenarios (tape staging, bandwidth constraints, large datasets), and importantly clarifies that the two-week threshold applies to STUCK→SUSPENDED, not REPLICATING→STUCK. The answer includes specific ticket references (CMSTRANSF-851, CMSDM-366) with details, though these cannot be verified in a reference-free evaluation. The core technical content about the state machine logic is specific and actionable for operators, who would understand when to manually intervene."
question_31,benchmarking-qwen122b-on-multi-20260419_133538,glm-5.1,"The question asks for differences between three schedd types, and the answer directly and thoroughly covers each one with purpose, function, monitoring context, and scale, then provides a clear comparison table. The answer is rich in concrete details (specific ticket references like CMSTZ-867, CMSMONIT-610, CPU counts, monitoring filter values) that are attributed to sources, making it highly actionable for an operator. Source faithfulness is slightly uncertain because the precise CPU numbers and ticket quotes cannot be verified in a reference-free evaluation, but the answer consistently attributes claims to specific tickets rather than making unsupported assertions."
question_12,benchmarking-qwen122b-on-multi-20260419_133538,glm-5.1,"The question asks how to create rules using local account quota for T2_CH_CERN with the t2_ch_cern_local_users account. The answer directly addresses this with command syntax, examples, quota limits, and troubleshooting. It's highly relevant and provides actionable guidance an operator could use immediately. However, specificity and source faithfulness have concerns: the answer references CMSTRANSF-666 and provides specific quota values (1 PB, 10 PB, 50 TB) and lifetime thresholds, but these claims aren't clearly tied to retrievable sources—the answer says 'based on documentation and JIRA tickets' without direct citations or quotes. Some specifics (which groups have permissions, exact quota defaults) may be unsupported or extrapolated beyond what sources actually state. The guardrail about unsupported specifics being worse than honest vagueness applies here, though the answer does provide enough source reference (the JIRA ticket) to partially mitigate this."
question_32,benchmarking-qwen122b-on-multi-20260419_133538,glm-5.1,"The answer directly and precisely addresses both parts of the question: who/how controls the staged-to-acquired transition (MS-Monitor, Unified, Rucio, manual ops) and how workflows fail (Suspended, Stuck, Invalidated states). It provides rich, concrete details including specific services, commands (rucio-admin rule update), error types (CHECKSUM MISMATCH), and cited JIRA ticket references (CMSPROD-33, CMSTRANSF-778, etc.) to support its claims. An operator could easily use this information to diagnose and intervene in stuck or failed workflows. The answer appears highly faithful to the operational records it cites, maintaining internal consistency throughout."
question_13,benchmarking-qwen122b-on-multi-20260419_133538,glm-5.1,"The answer directly addresses how to query DAS for block names from a LumiList, using the specific run number (398420) from the user's example. It provides multiple query strategies (run,lumi; file,run,lumi; block queries) with concrete DAS syntax. However, it relies heavily on placeholder dataset names like /YourDatasetName/*/*, which is a significant gap since discovering the dataset is part of the problem. The answer also doesn't clearly solve how to query for a lumi range (550-700) specifically, focusing mostly on run-level queries. The acknowledgment that a starting dataset is needed is honest but leaves the operator without a complete path forward."
question_43,benchmarking-qwen122b-on-multi-20260419_133538,glm-5.1,"The answer directly and thoroughly addresses why overwrite is not enabled for tape transfers, covering policy reasons (Tier-1 sites like FNAL requiring investigation of corruption), technical workflow concerns (preventing blind overwrites that mask problems), and operational handling of corrupted files. It provides specific ticket numbers (CMSTRANSF-567, CMSDM-194, CMSTRANSF-821), error messages, tool names (Rucio declare-good, FTS, dCache), and a specific feature (overwrite-when-only-on-disk) with a date. For a reference-free evaluation, the answer appears well-sourced with citations integrated naturally. The specificity is strong—error codes, step-by-step procedures for handling corruption, and recent developments are all included. An operator could act on this immediately. Source faithfulness is slightly conservative at 4 because without verifying the actual sources, some extrapolation around the ticket discussions may exist, but the answer is internally consistent and well-grounded."
question_14,benchmarking-qwen122b-on-multi-20260419_133538,glm-5.1,"The question asks a straightforward operational question: how to get lumi ranges for specific ROOT files. The answer addresses the topic but takes many tangents (speculative DBS bugs, fabricated ticket CMSTZ-990, processing chain issues) that weren't asked about. It misses the most direct and standard CMS solutions: `dasgoclient -query ""lumi file=<lfn>""` and `edmLumisInFile <filename>`. The PyROOT code provided would not work with CMS EDM files (can't just do `tree.runNumber` on EDM branches). The ticket number CMSTZ-990 and AFS path appear fabricated with no source citation — per guidelines, unsupported specifics are worse than honest vagueness. An operator following this advice would waste time on incorrect commands and speculative bug reports rather than using the simple, correct tools."
question_33,benchmarking-qwen122b-on-multi-20260419_133538,glm-5.1,"The answer directly and comprehensively addresses all three parts of the question: description of Production Output activity, how rules are created, and where output is written. It provides rich concrete details including specific service names (MSOutput), RSE attributes (wmcore_output_tape=True), script names (setWmcoreTapeOutput), specific RSE examples (T1_US_FNAL_Tape), error types (MKCOL, 403), and monitoring accounts (wmcore_output, wmcore_transferor). The answer claims to be based on provided documentation, and the technical specifics are internally consistent and plausible for CMS operations. An operator could use this to understand the system, troubleshoot issues, and know where to look for monitoring."
question_2,benchmarking-qwen122b-on-multi-20260419_133538,glm-5.1,"The answer directly addresses a Tier-0 operator's question about reprocessing runs with available streamer files, providing a comprehensive step-by-step procedure. It covers all key aspects: verifying streamers, documenting the request, identifying files to invalidate, running reprocessing (with two options), validation, invalidating originals, and post-processing. The answer includes specific commands, paths, JIRA ticket references, Twiki links, and configuration details. However, some specifics (7-day retention claim, exact ticket contents like CMSTZ-1094/1074 details) cannot be verified against provided sources, which creates uncertainty about whether these are grounded or potentially fabricated. The answer is highly actionable but source faithfulness is uncertain."
question_34,benchmarking-qwen122b-on-multi-20260419_133538,glm-5.1,"The answer directly addresses both parts of the question—what rucio probes are and how they're used for monitoring—making it highly relevant and complete. It covers probes' definition, workflow, monitoring scope, CMS-specific integration, and maintenance issues. However, specificity is hurt by unsupported specific claims like ticket numbers (CMSMONIT-323, CMSTRANSF-1247) and exact timing (60 seconds) with no citations or source references; these could be fabricated and would mislead an operator. Source faithfulness is difficult to evaluate since no retrieved sources are referenced, but the answer makes specific claims without source backing. Helpfulness is good—an operator would gain a solid understanding of the monitoring infrastructure, though they'd need to verify specific details."
question_15,benchmarking-qwen122b-on-multi-20260419_133538,glm-5.1,"The question asks for the CLI command to view details about a Rucio rule. The answer directly provides the correct command (`rucio rule-info <rule_id>`) with syntax, a concrete example, and explains what output to expect. It also proactively includes related commands (`list-rules`) for finding rule IDs and provides setup instructions with the specific CVMFS path. The answer is highly actionable and addresses the question precisely."
question_44,benchmarking-qwen122b-on-multi-20260419_133538,glm-5.1,"The answer directly and thoroughly addresses whether a single raw file can be staged from tape, answering 'yes' with detailed explanation. It covers the mechanism (Rucio rules), constraints, use cases, and a step-by-step procedure with specific CLI commands. However, the specificity dimension is impacted by unsupported specific claims — ticket numbers CMSDM-146 and CMSTRANSF-846 and a direct quote are presented without any cited source or tool output, which is worse than honest vagueness per the guardrails. The Rucio commands and operational workflow are genuinely actionable. Source faithfulness is uncertain since no sources are visible, but the specific ticket references lack grounding evidence."
question_51,benchmarking-qwen122b-on-multi-20260419_133538,glm-5.1,The question asks for two specific things: an exact URL and a short title for the wmagent training document. The answer provides both — the URL (https://cmst0.docs.cern.ch/cookbook/wmagent) and a title (
question_16,benchmarking-qwen122b-on-multi-20260419_133538,glm-5.1,"The question asks for a DAS query for a specific run and dataset. The answer directly provides the exact dasgoclient commands needed, with two useful variants (metadata vs. file LFNs). It is fully on-topic and complete. The commands are concrete and actionable — an operator could copy and run them immediately. The specificity is good because standard DAS syntax is well-known CMS knowledge, though the citation of ticket CMSTRANSF-264 for syntax inference is a minor extrapolation from one pattern to dasgoclient format. Source faithfulness is mixed: the answer honestly admits its sources lack information about this run/dataset, but extrapolates the query syntax from a different ticket's observed pattern, going beyond what sources explicitly demonstrate."
question_17,benchmarking-qwen122b-on-multi-20260419_133538,glm-5.1,"The question asks for the rucio command to see the location of a block. The answer correctly identifies `rucio list-dataset-replicas` and explains the critical CMS/Rucio terminology mapping (CMS Block = Rucio Dataset), which is essential context. It provides concrete syntax, a realistic example with the hash suffix format, useful flags (--deep, --long), output interpretation, and a summary table. The answer is highly actionable and comprehensive. However, it references 'ticket_CMSTRANSF-608' as evidence without showing any source content, which is an unsupported specific claim. Since no retrieved sources were provided, source faithfulness is limited — most content relies on general knowledge rather than cited sources, and the ticket reference is unverified."
question_52,benchmarking-qwen122b-on-multi-20260419_133538,glm-5.1,"The answer directly addresses the x509-to-OIDC transition status question, providing a comprehensive overview covering current state (rolled back), timeline, technical challenges, and future outlook. It includes specific ticket references (CMSTRANSF-841, CMSDM-213, CMSVOC-621), dates, account names, and FTS version numbers, but these specifics lack explicit source citations beyond a generic 'documentation I've reviewed' claim. An operator would gain clear understanding of the situation and blockers, making it pragmatically useful. Source faithfulness is uncertain since no sources are explicitly cited, meaning the detailed claims cannot be verified against actual retrieved content."
question_53,benchmarking-qwen122b-on-multi-20260419_133538,glm-5.1,"The question asks for a specific date when Monte Carlo data stopped being sent to CERN tape. The answer directly provides the date (March 21, 2024), supported by ticket references (CMSTRANSF-864), a direct quote explaining the rationale, the technical mechanism used (setting wmcore_output_tape to False), and helpful context distinguishing a temporary earlier disable from the permanent change. The answer is highly relevant, complete, and rich in specific, well-sourced details. An operator could immediately use this information with no ambiguity."
question_35,benchmarking-qwen122b-on-multi-20260419_133538,glm-5.1,"The answer directly addresses file integrity checking with two comprehensive methods: checksum-based verification and in-depth decompression checks. It provides specific commands (gfal-copy, gfal-sum, rucio), tool names with full option descriptions (check_decompression.py, run_check.py), default values, and usage guidance. The answer is highly actionable for a CMS operator, covering when to use each method and important considerations like bit-rot. The specificity is rich and appears grounded in CMS documentation (referenced at the start), though without explicit citations for every claim, some uncertainty remains about source faithfulness."
question_36,benchmarking-qwen122b-on-multi-20260419_133538,glm-5.1,"The answer directly addresses the question by explaining that a rule gets stuck in the INJECT state due to database integrity errors from concurrent operations. It provides a complete explanation covering the root cause (concurrency conflict/deletion), specific error messages (ReplicationRuleCreationTemporaryFailed, IntegrityError), and the resolution. The inclusion of specific details like the incident ticket number and exact error messages makes the answer highly specific and actionable for an operator. Source faithfulness appears high as the answer explicitly cites an incident and documentation, maintaining internal consistency without making unsupported claims."
question_3,benchmarking-qwen122b-on-multi-20260419_133538,glm-5.1,"The answer directly addresses the question about extending Rucio quota and provides the requested wiki/webpage (SiteCapacity URL). However, it primarily explains site-wide quota management rather than the user-level quota extension that was actually asked about — a significant completeness gap. Specificity is mixed: it provides useful concrete details (SiteCapacity URL, rucio commands, Twiki link) but also includes unsupported specifics like ticket numbers (CMSDM-44, CMSTRANSF-1109, CMSDM-412) and 'disk_quota_management.md' with no cited source evidence, which per the guardrail is worse than honest vagueness. Helpfulness is moderate — the operator gets a starting point but would need significant additional investigation to understand how to extend a specific user's quota versus site-wide quota. Source faithfulness is low because multiple specific claims (ticket numbers, document names, time estimates) appear fabricated or extrapolated without any supporting evidence from cited sources."
question_45,benchmarking-qwen122b-on-multi-20260419_133538,glm-5.1,"The question asks about the primary use of two specific Rucio accounts, and the answer directly addresses both with clear, detailed explanations. It covers wma_prod's role in WMAgent locking data blocks during production/reconstruction workflows, and wmcore_output's role in MSOutput managing output dataset placement and archival. The answer provides concrete specifics like tool names (MSRuleCleaner, MSOutput, WMAgent), lifecycle details (temporary vs. configured lifetimes), and cleanup mechanisms, making it highly actionable for an operator. Source faithfulness is slightly uncertain without explicit citations, but the claims are internally consistent and domain-appropriate."
question_37,benchmarking-qwen122b-on-multi-20260419_133538,glm-5.1,"The answer directly and thoroughly addresses both parts of the question: how MSUnmerged works (data source, protected LFN identification, deletion, operational context) and open issues affecting it (WMStats API dependency, path mismatches, site-specific dark file accumulation, RucioConMon coverage gaps, Tier0 replay cleanup gaps). It provides specific ticket numbers, paths, data values, and API endpoints, citing JIRA tickets as sources. While the answer is rich in concrete details and well-organized, some specific claims (exact TB values, future dates like 2025) cannot be independently verified from the answer alone, which slightly tempers the specificity and source faithfulness scores. An operator would find this highly actionable for monitoring and troubleshooting MSUnmerged."
question_18,benchmarking-qwen122b-on-multi-20260419_133538,glm-5.1,"The answer is a timeout message with no actual content provided. The question asks for specific information about creating a Rucio container and the command to run it, but the system produced no response within the 600-second timeout. Per the evaluation principles, non-responses and empty answers score 1 on all dimensions."
question_19,benchmarking-qwen122b-on-multi-20260419_133538,glm-5.1,"The question asks specifically for the Rucio CLI command to create a rule, and the answer directly provides `rucio add-rule` with its full syntax, a concrete example, and parameter breakdown — making it highly relevant and complete. Specificity is strong: the command name, syntax, flags (--lifetime, --activity, --ask-approval, --comment), and a realistic example are all actionable details; however, the ticket reference CMSDM-266 and the DatabaseException claim are unsupported specifics that cannot be verified, slightly lowering the score per the guardrail. Helpfulness is high because an operator could immediately use the provided command and understand the key options. Source faithfulness is uncertain since the answer claims to be based on 'provided documentation and incident records' but no sources were actually given to verify against, and the specific ticket/error claims may be fabricated."
question_20,benchmarking-qwen122b-on-multi-20260419_133538,glm-5.1,"The user asks specifically about the CLI structure change in Rucio client version 38 and wants the compatible command format. The answer admits it cannot find specific details about version 38 changes but then provides general examples of current Rucio CLI syntax without clearly explaining what changed from the old structure to the new one. The key gap is that the user likely has old-format commands they need to convert, and the answer doesn't provide the old-to-new mapping. The answer is honest about its limitations but doesn't fully address what the user needs (the transition between structures)."
question_38,benchmarking-qwen122b-on-multi-20260419_133538,glm-5.1,"The answer directly addresses both parts of the question: PnR Campaign Manager responsibilities and the meaning of `partial_copy`. It provides detailed coverage of campaign manager duties (opening/enabling campaigns, configuration management, pilot validation, troubleshooting, script maintenance) and a thorough explanation of `partial_copy` including its definition as a fraction controlling partial input data placement, typical values, operational benefits and risks. The answer cites specific JIRA tickets (PRCAMPAIGNS-493, CMSPROD-125, PRCAMPAIGNS-32) and provides concrete parameter names, values, and an example workflow. Source faithfulness is slightly uncertain as some specific claims (e.g., exact error messages, the unusual 'NONONO_partial_copy' key) cannot be verified against the original sources, but the answer appears internally consistent and attributes information to cited tickets."
question_21,benchmarking-qwen122b-on-multi-20260419_133538,glm-5.1,"The answer directly addresses how to set a Rucio quota for an account on a given RSE, providing the primary command with full parameter explanations, concrete examples, verification methods, important context, and a Python alternative. The specificity is strong with exact command syntax, real-looking account/RSE names, and byte conversions, though the 'Examples from CMS Operations' are presented as historical facts without explicit source citations. Helpfulness is excellent—an operator could immediately execute these commands. Source faithfulness is uncertain because the answer references 'documentation and JIRA tickets' without citing specific sources, making it impossible to verify if the specific examples and claims are grounded or fabricated."
question_22,benchmarking-qwen122b-on-multi-20260419_133538,glm-5.1,"The question asks specifically how to check incomplete blocks in DAS for a dataset with 75% completion. The answer directly addresses this with the primary method being `rucio list-dataset-replicas` to identify blocks where FOUND < TOTAL, which is the correct and current approach. It also mentions DAS web interface as an alternative. The answer is highly relevant and complete, covering the checking method, interpretation of results, common causes, and resolution actions. Specificity is strong with concrete commands, example output citing JIRA tickets (CMSTRANSF-259, CMSTRANSF-782), specific block names, and error codes. The DAS web interface method (#2) is somewhat vague compared to the Rucio CLI method. Source faithfulness appears solid as the answer grounds its examples in cited JIRA tickets, though the exact verification against those sources isn't possible here."
question_46,benchmarking-qwen27b-off-bare-llm-20260418_045558,glm-5.1,"The question asks when T0_CH_CERN_Tape was disabled for production output, which is a CMS computing question. The answer provides a specific date (July 1, 2024) but offers no citations or sources to support this claim. Critically, the surrounding context discusses the 'ATLAS experiment' and 'Athena-based reconstruction framework,' which is clearly incorrect—T0_CH_CERN_Tape is a CMS site, not an ATLAS site. This indicates the answer is likely fabricated or hallucinated, mixing up CMS and ATLAS experiments. Per the evaluation principles, unsupported specific claims are worse than honest vagueness, and the wrong-experiment context makes this actively misleading."
question_1,benchmarking-qwen27b-off-bare-llm-20260418_045558,glm-5.1,"The answer directly and precisely addresses the 50513 exit code question, providing a structured diagnostic approach with concrete investigation steps and actionable solutions. It correctly identifies the truncated log pattern, proposes OOM as the most likely cause (well-supported by the abrupt termination during edm_pset_tweak.py), and gives specific next steps like checking stderr for 'Killed' signals and increasing memory from 16000 to 32000+. The specificity is strong—referencing actual values from the provided log, specific dashboards (ReqMgr2), and exact search terms—though the T2_DE_DESY mention is unsupported speculation and the CMSSW compatibility concern is generic. The answer is highly helpful for an operator, with a clear prioritized checklist."
question_23,benchmarking-qwen27b-off-bare-llm-20260418_045558,glm-5.1,"The question asks how to find the full gridpack file path in a CMS Computing Operations context. The answer provides multiple general approaches (searching filesystem, checking configs, CVMFS, environment variables) and is relevant to the question. However, the CMS-specific details are problematic: the CVMFS paths like `/cvmfs/gridpacks.cern.ch/` appear fabricated (actual CMS gridpacks are typically under `/cvmfs/cms.cern.ch/phys_generator/gridpacks/`), environment variables like `$GRIDPACK_PATH` are presented without evidence they exist in CMS, and the `cvmfs_gridpacks_list` command is hedged as "
question_39,benchmarking-qwen27b-off-bare-llm-20260418_045558,glm-5.1,"The question asks about the policy for HLTSCOUT and L1SCOUT datasets in a CMS Computing Operations context — these are well-known internal CMS dataset types with specific retention, storage, and processing policies. The answer fundamentally misinterprets the question as being about public data availability and spends most of its length explaining that these aren't public datasets, which is irrelevant to a CMS operator asking about internal policy. It never addresses the actual operational policy (retention periods, storage rules, processing requirements, etc.). The answer is also harmful in that it incorrectly implies these datasets don't exist as named resources, when they are standard CMS internal streams."
question_24,benchmarking-qwen27b-off-bare-llm-20260418_045558,glm-5.1,"The question asks about the 'Winter 26 campaign' in a CMS Computing Operations context, where 'campaign' almost certainly refers to a data processing/reprocessing campaign (a standard term in CMS computing). The answer completely misinterprets the context, treating it as a military operation or video game reference, and fails to recognize the CMS computing domain entirely. An honest 'I don't have information about that campaign in my current data' would have been far better than this wildly off-domain speculation."
question_25,benchmarking-qwen27b-off-bare-llm-20260418_045558,glm-5.1,"The question asks about finding workflow logs in a CMS Computing Operations context, which would typically refer to CMS-specific systems like CRAB, WMAgent, or Rucio workflows. The generated answer completely ignores this context and instead provides detailed instructions for generic CI/CD and cloud platforms (GitHub Actions, GitLab, Jenkins, AWS, etc.) that are not the relevant systems for CMS computing operators. While the answer is structured and detailed, it fundamentally fails to address the actual CMS-specific question being asked."
question_26,benchmarking-qwen27b-off-bare-llm-20260418_045558,glm-5.1,"The question asks about 'wmagent config' in the context of CMS Computing Operations, where WMAgent refers to the CMS Workload Management Agent (part of the CMS WMS system for distributed computing). The generated answer completely misinterprets this as 'Windows Management Agent' from ManageEngine, providing extensive but entirely irrelevant information about ManageEngine products, Windows registry paths, and config.xml files that have nothing to do with CMS's WMAgent. This is a critical domain misunderstanding that makes the answer actively misleading."
question_47,benchmarking-qwen27b-off-bare-llm-20260418_045558,glm-5.1,"The question asks for a specific data value from a CMS Computing deletion campaign in 2025. The answer honestly admits it cannot provide this data, which is better than fabricating a number. However, the suggestions are generic corporate IT advice (AWS logs, GDPR compliance officers) rather than CMS Computing Operations-specific guidance. A CMS operator would not find pointers to HIPAA compliance or Azure Blob storage particularly useful for finding CERN/CMS deletion campaign metrics."
question_40,benchmarking-qwen27b-off-bare-llm-20260418_045558,glm-5.1,"The question asks about a MINIAOD policy change in 2025, clearly in the CMS computing context. The answer correctly identifies MiniAOD as a CMS data format but then claims no policy exists without citing any evidence or search results to support this. Most of the answer is spent on off-topic speculation about typos, AI regulations, and fictional content, which is irrelevant for a CMS operator. The answer fails to summarize any actual policy content and doesn't direct the operator to where they might find such information."
question_27,benchmarking-qwen27b-off-bare-llm-20260418_045558,glm-5.1,"The question asks about 'Winter26 workflows' in a CMS Computing Operations context, where Winter26 is likely a valid MC production campaign name. The answer completely fails to recognize this context, instead assuming 'Winter26' must refer to a future date and speculating about irrelevant platforms like GitHub Actions, Salesforce, and AWS. It provides no actual information about CMS Winter26 workflow issues and dismisses the question premise entirely."
question_48,benchmarking-qwen27b-off-bare-llm-20260418_045558,glm-5.1,"The question asks for a specific link to the 'workflow updater doc' in a CMS Computing Operations context, where this likely refers to a known internal tool. The answer fails to provide the link and instead treats the request as generic, asking clarifying questions about platform/organization that wouldn't be necessary with CMS domain awareness. This is essentially a non-answer to the operator's request."
question_41,benchmarking-qwen27b-off-bare-llm-20260418_045558,glm-5.1,"The question is clearly about CMS Computing Operations (MinBias = Minimum Bias workflows in particle physics), but the generated answer completely misses this context. It interprets 'minbias' as a general ML/data science concept and 'trustpulists' as possibly related to AI safety, content moderation, or Trustpilot reviews. The answer never engages with the actual CMS computing domain where MinBias workflows are standard. A CMS operator would find this answer useless or misleading, as it suggests completely irrelevant directions. The answer does attempt to address the question as literally stated, but fails to recognize the domain context entirely."
question_42,benchmarking-qwen27b-off-bare-llm-20260418_045558,glm-5.1,"The question is asked in the context of a CMS Computing Operations AI assistant, where 'Unified' almost certainly refers to the CMS Unified workflow management system (a key component of CMS computing operations). The generated answer completely misses this context and instead interprets 'Unified' as generic terms like UML, UPI, UEFI, etc. — none of which are relevant to CMS operations. While the answer does provide specific links and asks for clarification, it demonstrates a fundamental lack of domain awareness that renders it unhelpful for an operator who needs the actual CMS Unified repository (typically found in the dmwm/WMCore or related CMS GitHub organizations)."
question_4,benchmarking-qwen27b-off-bare-llm-20260418_045558,glm-5.1,"The question asks to check a specific ticket and understand MergedLFNBase configuration. The answer cannot access the ticket and provides only generic Jira investigation steps, failing the first part entirely. For MergedLFNBase, it offers general information about CRAB3/WMCore/ReqMgr but includes a fabricated Python code example presented as 'typical logic' that doesn't correspond to actual WMCore source code—this is unsupported specifics that could mislead an operator. The tool mentions (CRAB3, WMCore, ReqMgr, SiteDB) are relevant but not grounded in any cited source or the actual ticket context."
question_6,benchmarking-qwen27b-off-bare-llm-20260418_045558,glm-5.1,"The question asks for a summary of 2025 activities in CMSDM and CMSTRANSF (CMS Computing services). The answer refuses to provide this, claiming 2025 hasn't occurred yet, which may be incorrect given the question says 'last year 2025.' It also misidentifies the acronyms as generic 'Common Services' rather than CMS-specific services, showing lack of domain understanding. While the answer is honest about not having the data, it provides no actual operational information and its timeline assumption may be wrong."
question_7,benchmarking-qwen27b-off-bare-llm-20260418_045558,glm-5.1,"The answer directly addresses the question by breaking down the conditional logic and explaining each component (PhEDExNodeName, blockDict, useAAA). However, it makes unsupported claims about what useAAA stands for and where the code resides (guessing 'WMCore.Worker or WMCore.Services' without verification). In CMS context, AAA typically stands for 'Any Account Anywhere' (a data access system), but the answer speculates it might mean 'authentication/authorization' without citing source code. The explanation of the logic itself is correct and clear, but the unsupported specifics about useAAA's meaning could mislead an operator."
question_5,benchmarking-qwen27b-off-bare-llm-20260418_045558,glm-5.1,"The question asks for rucio commands based on a specific Jira ticket that the assistant cannot access. The assistant honestly acknowledges this limitation but then provides a comprehensive list of common rucio commands for typical CMSTRANSF operations. While the commands are specific and accurate, they are generic and not tied to the actual operations in the ticket, which is the core of what was asked."
question_8,benchmarking-qwen27b-off-bare-llm-20260418_045558,glm-5.1,"The question is clearly about CMS/WLCG Tier 2 computing sites in Russia, but the answer completely misinterprets 'Russian T2s' as possibly referring to video game tanks, telecom lines, or military hardware—none of which are relevant to CMS Computing Operations. While the answer correctly states it cannot access ticketing systems, it provides no CMS-specific guidance (e.g., GGUS, CMS Jira, computing operations contacts) and instead offers irrelevant disambiguation. A CMS operator would find this answer actively unhelpful due to the fundamental misunderstanding of the domain context."
question_9,benchmarking-qwen27b-off-bare-llm-20260418_045558,glm-5.1,"The question asks for specific data about repeated topics in a range of CMSTRANSF tickets. The answer honestly acknowledges it cannot access this proprietary ticket data, which is appropriate per the guardrails against unsupported specifics. It provides a JQL query and analysis steps as a workaround, which is specific and actionable but doesn't actually answer the question asked. The answer is relevant and honest, but incomplete since it cannot provide the actual topic data requested."
question_28,benchmarking-qwen27b-off-bare-llm-20260418_045558,glm-5.1,"The question asks about the PnR (Push and Request) policy in CMS Computing Operations, a specific data transfer and management framework used in the CMS experiment's distributed computing grid. The answer completely misinterprets 'PnR' as 'Passenger Name Record' from the airline/travel industry, providing extensive but entirely irrelevant detail about airline operations. While the answer acknowledges possible alternative meanings and asks for clarification, it still delivers a long, wrong answer that would mislead a CMS operator. None of the actual CMS PnR policy content (how data is pushed to vs. requested by sites, transfer priorities, site roles) is addressed."
question_10,benchmarking-qwen27b-off-bare-llm-20260418_045558,glm-5.1,"The question asks about creating a new Tier0 release in the CMS Computing Operations context, where Tier0 refers to the CERN computing center responsible for initial data processing. The generated answer completely misinterprets this as RHEL/Fedora 'Tier 0' critical updates, Azure infrastructure, or generic CI/CD pipelines. None of the content is relevant to CMS operations - a CMS Tier0 release involves CMSSW/Tier0 operational software procedures, not Linux package management with Koji/Bodhi. The detailed specifics about Fedora build systems are actively misleading for a CMS operator."
question_49,benchmarking-qwen27b-off-bare-llm-20260418_045558,glm-5.1,"The question asks for a specific date when wma_prod copies were reduced from 2 to 1. The answer honestly states it cannot provide this information, which is better than fabricating a date. However, the core question (the 'when') remains unanswered. The answer provides concrete, actionable suggestions including a specific git command and tool references for finding the answer, which gives an operator a clear path forward despite not directly answering the question."
question_50,benchmarking-qwen27b-off-bare-llm-20260418_045558,glm-5.1,"The question asks about FTS (File Transfer Service) enabling an overwrite-on-buffer feature for CMS (Compact Muon Solenoid experiment) in the context of CERN computing operations. The generated answer completely misinterprets the domain, treating FTS as Full-Text Search (SQLite) and CMS as Content Management System/Core Media Services (Apple frameworks). While the answer attempts to engage with the terms used, it provides an elaborate explanation about entirely wrong technologies, which would actively mislead a CMS computing operator."
question_11,benchmarking-qwen27b-off-bare-llm-20260418_045558,glm-5.1,"The question is about CMS Computing Operations tier 0 replay deployment, but the answer completely misses the domain context, interpreting 'tier 0 replay' as gaming terminology or cybersecurity jargon. The entire response is off-topic for CMS Computing, providing elaborate but irrelevant explanations about game replays, security logging, and AI/ML debugging. None of this would help a CMS computing operator deploy tier 0 replay, and the answer would actively mislead them into thinking their question is non-standard or misunderstood."
question_29,benchmarking-qwen27b-off-bare-llm-20260418_045558,glm-5.1,"The question is asked in the context of CMS Computing Operations, which has specific tools like Site Status Board (SSB), GGUS, WLCG dashboards, and HammerCloud for checking site readiness and downtime. The generated answer completely misses this domain context and instead provides generic enterprise IT advice referencing tools like Datadog, ServiceNow, and Jira that are not part of the CMS computing toolchain. While the answer structurally attempts to cover where one might look for such information, the specific tool recommendations are wrong for CMS operators and could actively mislead them. The answer admits it lacks access to the organization's tools but then fills in with plausible-sounding but incorrect specifics rather than being honestly vague about CMS-specific resources."
question_30,benchmarking-qwen27b-off-bare-llm-20260418_045558,glm-5.1,"The question is about CMS Computing Operations, specifically Rucio replication rules and their state transitions (REPLICATING vs STUCK). However, the generated answer incorrectly identifies the context as Dynamics 365 Customer Engagement/Microsoft Dataverse, which is a completely wrong system. While some conceptual points (active processing, backlog, retry loops) could loosely apply to Rucio as well, the answer frames everything around the wrong platform, cites irrelevant features like 'Power Automate' and 'custom logic thresholds,' and provides no Rucio-specific information. This makes the answer actively misleading for a CMS computing operator who would be working with Rucio."
question_31,benchmarking-qwen27b-off-bare-llm-20260418_045558,glm-5.1,"The question asks about differences between three CMS-specific HTCondor schedulers, but the answer incorrectly attributes them to the LIGO/Virgo/KAGRA gravitational wave ecosystem. While the answer structurally compares all three schedulers across multiple dimensions, the fundamental context is wrong—CRAB stands for 'CMS Remote Analysis Broker,' not a generic testing queue, and Tier0 refers to CERN's prompt reconstruction of CMS detector data, not LIGO real-time alerts. The answer provides confidently stated but fabricated specifics without any citations, which is worse than honest vagueness per the evaluation criteria."
question_12,benchmarking-qwen27b-off-bare-llm-20260418_045558,glm-5.1,"The question is about CMS Computing Operations — specifically creating rules using 'local account quota' for the T2_CH_CERN grid site, with user identities in t2_ch_cern_local_users. This is a WLCG/CMS grid computing concept. The generated answer completely misinterprets this as an OpenStack cloud computing question and provides extensive OpenStack CLI/API instructions for setting Nova/Cinder quotas. While the answer is detailed and well-structured within its incorrect framework, it fundamentally answers the wrong question in the wrong domain. A CMS computing operator following this advice would be sent entirely in the wrong direction, looking at OpenStack commands instead of CMS site configuration. Specifics provided are unsupported in the actual CMS context and could actively mislead."
question_32,benchmarking-qwen27b-off-bare-llm-20260418_045558,glm-5.1,"The question is clearly about CMS Computing Operations state transitions (likely data transfer/workflow states like 'staged', 'acquired', 'failed' in systems like PhEDEx or Rucio), but the answer entirely misinterprets it as a question about the psychological 'Stages of Change Model.' The entire response is about behavioral psychology, which is completely irrelevant to the CMS computing context. While the answer internally addresses 'who controls,' 'how it transitions,' and 'how it fails,' it does so for the wrong domain entirely, making it useless for a CMS computing operator."
question_13,benchmarking-qwen27b-off-bare-llm-20260418_045558,glm-5.1,"The answer directly addresses how to get a dataset block name from a LumiList via DAS, correctly identifying that DAS cannot consume JSON directly and showing how to extract run/lumi values to construct queries. It provides concrete dasgoclient commands and a Python example. However, the `lumi in [start, end]` syntax is not explicitly demonstrated in the provided DAS examples (only single lumi values like `lumi=67` are shown), making this a reasonable but unconfirmed inference from the `run in`/`run between` patterns. The answer also suggests `block run=398420 lumi in [550, 700]` without a dataset, which isn't explicitly validated in the examples but is a logical extrapolation."
question_43,benchmarking-qwen27b-off-bare-llm-20260418_045558,glm-5.1,"The question asks why overwrite is not enabled for tape transfers in a CMS Computing Operations context, which likely refers to CERN's tape storage infrastructure (CASTOR/EOS). The answer provides a thorough generic explanation of tape technology limitations but is entirely detached from the CMS context—it mentions backup rotation schemes like Grandfather-Father-Son, compliance in finance/healthcare, and generic SCSI commands, none of which are relevant to CMS operations. No CMS-specific systems (Rucio, FTS, CASTOR, EOS) are mentioned, no configuration details are provided, and no citations support the claims. A CMS operator would gain general background but no actionable understanding of their specific environment."
question_14,benchmarking-qwen27b-off-bare-llm-20260418_045558,glm-5.1,"The question asks how to get lumi ranges for specific files. The answer provides three methods, but Method 1 uses a fabricated jq filter (the DAS JSON structure doesn't have 'type: LumiBlock' with 'start/end/lumi' fields) that would fail if executed. Method 2 gives a valid command but returns lumi ranges for the entire run/dataset, not the specific files asked about. The most direct and correct answer — `dasgoclient -query ""lumi file=/store/data/...""` — is never mentioned. The preamble claiming RAW files don't store luminosity block information is also misleading, as DAS indexes this metadata regardless of file tier."
question_33,benchmarking-qwen27b-off-bare-llm-20260418_045558,glm-5.1,"The question asks about 'Production Output activity' in the context of CMS Computing Operations (CERN/CMS experiment computing). The answer provides a detailed response about IBM mainframe JCL, COBOL, and z/OS batch processing, which is completely the wrong technical domain. In CMS computing, Production Output refers to output from physics workflows (WMAgent, CRAB) with data placement managed by Rucio/PhEDEx, not mainframe job control. While the answer structurally addresses all three parts of the question (description, rules creation, disk/tape destination), the content is fundamentally misdirected for a CMS operator."
question_2,benchmarking-qwen27b-off-bare-llm-20260418_045558,glm-5.1,"The question asks a CMS Tier-0 operator about reprocessing 5 runs with available streamer files, which requires CMS-specific tools and procedures (e.g., Tier0Feeder, WMAgent, Run Registry, specific configuration steps). The answer provides a generic data engineering reprocessing guide with references to Airflow/Luigi/Prefect and checksums, which are not CMS Tier-0 tools or workflows. While the general procedural structure (verify, communicate, quarantine, re-run, validate) is reasonable, the answer completely lacks CMS-specific commands, tools, or procedures that a Tier-0 operator would actually need. It's essentially a generic software engineering response rather than a CMS Computing Operations response, making it minimally actionable for the intended user."
question_34,benchmarking-qwen27b-off-bare-llm-20260418_045558,glm-5.1,"The answer directly addresses both parts of the question: what rucio probes are and how they're used for monitoring. It provides a thorough conceptual explanation covering SE availability, server health, and alerting mechanisms, along with a technical workflow. However, specificity is mixed - while there are concrete details like tool names (Prometheus, Grafana, Nagios), commands (rucio list-dids, srm, xrootd), and implementation mechanisms (cron, Kubernetes CronJobs), there are no citations or documentation references to ground these claims. The reference to 'DDS (Database Daemons)' appears potentially inaccurate for standard Rucio terminology, which could mislead an operator. The answer is helpful as a conceptual foundation but requires verification of some specifics before acting on them."
question_15,benchmarking-qwen27b-off-bare-llm-20260418_045558,glm-5.1,"The answer directly addresses the question about CLI commands for viewing Rucio rule details, providing a command syntax, examples, and additional context. However, the command `ruco rule show` appears to be fabricated—the standard Rucio CLI uses `rucio rule-info` or `rucio get-rule`, not `ruco`. This is a critical issue: the answer provides very specific, confident details (command syntax, flags like `-s`/`--show`, `-j`/`--json`, output fields) without citing any source or documentation. Per the evaluation guardrails, unsupported specifics are worse than honest vagueness because they can mislead an operator into running non-existent commands."
question_44,benchmarking-qwen27b-off-bare-llm-20260418_045558,glm-5.1,"The question asks about staging a single RAW file from tape in a CMS Computing Operations context, where 'RAW files' refer to CMS detector data and tape systems refer to CERN storage (CASTOR/EOS). The answer correctly says 'yes' and addresses the general concept, but completely misinterprets the domain—it discusses enterprise backup software (Oracle RMAN, NetBackup, Commvault) and database recovery rather than CMS-specific storage systems and tools. A CMS operator would not find the specific commands or tools mentioned actionable, and the database consistency discussion is irrelevant to CMS RAW files. The specifics provided are for the wrong domain, which is misleading."
question_51,benchmarking-qwen27b-off-bare-llm-20260418_045558,glm-5.1,"The question asks for the URL and title of the 'wmagent training document' in the CMS Computing Operations context, where 'wmagent' refers to the CMS Work Management Agent used in the CMS workflow management system. The generated answer completely misunderstands the context, treating wmagent as a ServiceNow product and providing a ServiceNow documentation URL. This is actively misleading: it falsely claims no universal URL exists for the wmagent training document, and the URL provided is for an entirely different product. The unsupported specific URL is worse than honest vagueness because it would send an operator to irrelevant documentation."
question_16,benchmarking-qwen27b-off-bare-llm-20260418_045558,glm-5.1,"The question asks for a DAS query for a specific run and dataset, and the answer provides exactly that with the correct syntax. The answer goes beyond the minimum by providing usage instructions for both the web interface and command-line client, including advanced queries for files and counts. The DAS query syntax is well-established CMS documentation, so the specifics are grounded. The note about the dataset potentially being hypothetical is a reasonable observation but doesn't detract from the utility."
question_17,benchmarking-qwen27b-off-bare-llm-20260418_045558,glm-5.1,"The answer directly addresses the question by providing the appropriate Rucio commands (list-rules, list-locks) and clarifying the terminology mapping from 'block' to 'dataset'. It thoroughly covers the different interpretations of 'location' in Rucio (intended via rules vs. actual via locks). The commands include specific flags, examples, and explanations, making them actionable, though the `--all-locks` flag on `rucio list-rules` appears to be a slight hallucination (it's not a standard flag for that command), which mildly impacts specificity. Overall, an operator could immediately use the `list-locks` command to find the physical location, making it highly helpful."
question_52,benchmarking-qwen27b-off-bare-llm-20260418_045558,glm-5.1,"The answer addresses the topic of X.509 to OIDC transition but contains a significant factual error (misidentifying CMS as 'CERN Monitoring System' rather than Compact Muon Solenoid). More critically, the answer provides numerous unsupported specific claims — 'As of 2026,' '90% migrated internally,' 'finishing around 2028–2030,' specific tool status assertions — with zero citations, sources, or tool output. Per the evaluation guardrails, unsupported specifics are worse than honest vagueness because they may be fabricated and mislead an operator. The 'As of 2026' framing is especially problematic as it presents future projections as current status without sourcing. An operator relying on these specifics could be actively misled."
question_53,benchmarking-qwen27b-off-bare-llm-20260418_045558,glm-5.1,"The question asks about when CMS stopped sending Monte Carlo data to CERN tape, likely referring to tape storage systems (like CASTOR) in the CMS computing operations context. The answer misinterprets 'tape' as physical magnetic tape reels being shipped, provides a general historical narrative rather than CMS-specific information, and gives unsupported specific dates (1998-2000) without any citations or evidence. Per the guardrails, unsupported specifics are worse than honest vagueness — the answer would be more trustworthy admitting lack of access to this information than speculating with fabricated-sounding dates."
question_35,benchmarking-qwen27b-off-bare-llm-20260418_045558,glm-5.1,"The question asks how to check file integrity, and the answer directly addresses this with the standard method (cryptographic hash comparison) plus concrete commands for Linux/macOS and Windows. All sections are on-topic and relevant to the question. The answer provides specific, actionable commands (sha256sum, Get-FileHash, certutil) with proper syntax, and the information is standard, well-established knowledge rather than unsupported claims. An operator could immediately use these commands to verify a file. While the answer is verbose, the information quality is high with no padding of generic advice - the details are genuinely useful."
question_36,benchmarking-qwen27b-off-bare-llm-20260418_045558,glm-5.1,"The question about a rule stuck in INJECT state is asked in the CMS Computing Operations context, where this most commonly refers to Rucio transfer rules. The generated answer incorrectly assumes Kong Gateway as the system, fabricating an entire wrong context with confident but misplaced specifics (Kong log paths, Admin API endpoints, PostgreSQL/Cassandra backends). This is actively misleading: a CMS operator following this advice would investigate an entirely wrong system. The unsupported assertion that Kong Gateway is 'the most common system' for this state is a serious hallucination that violates the guardrail against unsupported specifics being worse than honest vagueness. An honest 'I'm not certain which system you mean' would have been far more trustworthy."
question_3,benchmarking-qwen27b-off-bare-llm-20260418_045558,glm-5.1,"The questioner identifies as a site administrator at T2_CN_Beijing ('at my site') who needs to extend a user's Rucio quota and is asking for documentation or a procedure to follow. The answer fundamentally misunderstands the questioner's role, treating them as an end user and repeatedly telling them to 'contact the storage manager' — which they likely are. The only potentially useful detail is the passing mention of `rucio-admin quota-update`, but it's not explained. The answer invents URLs like `http://wiki.oasis.cn` and `http://grid.ihep.ac.cn` without evidence these exist, and confusingly references ATLAS alongside CMS. A site admin reading this would still not know how to extend a user's quota."
question_45,benchmarking-qwen27b-off-bare-llm-20260418_045558,glm-5.1,"The answer addresses the question about the primary uses of both Rucio accounts, but frames its explanation around ATLAS rather than CMS, which is problematic given the CMS Computing Operations context. The answer provides specific-sounding claims about the roles of these accounts (wma_prod as 'operator' for execution/staging, wmcore_output as 'repository owner' for output registration) but cites no sources, references no documentation, and hedges extensively ('typically,' 'often,' 'in many implementations'). The final note explicitly acknowledges uncertainty about CMS vs ATLAS specifics, making the entire explanation potentially inaccurate for the intended context. This is a case of unsupported specifics that may mislead an operator."
question_37,benchmarking-qwen27b-off-bare-llm-20260418_045558,glm-5.1,"The question asks about 'msunmerged' in the context of CMS Computing Operations, where 'ms' likely refers to a microservice (like mspileup, msoutput, msrulecleaner) in the CMS/WMCore workflow management system. The generated answer completely misses this context, incorrectly asserts that 'msunmerged' doesn't exist, and spends the entire response speculating about typos for unrelated tools like Microsoft merge utilities and Git commands. This is actively misleading for a CMS operator who would be asking about a legitimate CMS computing service."
question_18,benchmarking-qwen27b-off-bare-llm-20260418_045558,glm-5.1,"The answer directly addresses the question about creating a Rucio container and provides a command, which makes it relevant and complete. However, the specific command provided ('rucio container-add') appears to be fabricated—the actual Rucio CLI command is 'rucio add-container'. The answer also references 'rucio container-add-dataset' which is not a standard Rucio command (the correct command would be 'rucio attach'). Per the evaluation guardrails, unsupported specifics that may be fabricated score lower than honest vagueness because they would mislead an operator. The confidently incorrect commands would cause an operator to waste time trying non-existent commands."
question_19,benchmarking-qwen27b-off-bare-llm-20260418_045558,glm-5.1,"The answer directly provides the Rucio CLI command to create a rule, along with syntax, examples, and parameter explanations, making it highly relevant and complete for the straightforward question. However, specificity is mixed: while the answer is rich in concrete details like command syntax and parameters, some specifics appear potentially inaccurate or inconsistent (e.g., the DID format 'root:user1:file.dat' is unusual for Rucio, the lifespan example comment says '30 days' but the value 30 would mean 30 seconds, and the standard Rucio command is typically 'rucio add-rule' rather than 'rucio rule add'). These unsupported specifics without citations could mislead an operator. Helpfulness is moderate because the answer gives a reasonable starting direction, but an operator would need to verify the exact command syntax and parameter formats, potentially causing confusion if the provided commands don't work as written."
question_20,benchmarking-qwen27b-off-bare-llm-20260418_045558,glm-5.1,"The question asks for the command compatible with the new Rucio CLI structure for client version 38, but doesn't specify which particular command they need. The answer provides a broad mapping table of old vs new commands, which is relevant but contains potentially fabricated information—particularly the claim that 'client version 38 aligns with Rucio 3.8+' which appears unsupported and the version numbering scheme seems incorrect. Many commands in the table appear unchanged between 'old' and 'new', which contradicts the premise of significant structural change. The actual Rucio CLI restructuring involved more fundamental changes than what's shown. The most reliable and helpful parts are the suggestion to use --help and the offer to convert a specific old command if provided."
question_38,benchmarking-qwen27b-off-bare-llm-20260418_045558,glm-5.1,"The question is situated in CMS Computing Operations, where 'PnR' almost certainly stands for Prompt and Reco (Prompt Reconstruction), not Passenger Name Record or Plan and Record. The assistant completely misses the domain context, hallucinating travel industry and generic Python meanings. While it attempts to address the concept of 'partial_copy' generically, its domain-specific hypotheses are entirely wrong, rendering it mostly off-topic and unhelpful for a CMS operator. The hypothetical specifics are unsupported and misleading."
question_21,benchmarking-qwen27b-off-bare-llm-20260418_045558,glm-5.1,"The answer directly addresses how to set quota in rucio for an account on a given RSE, covering prerequisites, two methods (CLI and Python API), verification, and important considerations. The CLI command syntax (`rucio quota add`) and Python API method (`client.add_quota()`) are provided with concrete examples, though the exact Rucio CLI syntax may vary across versions and isn't cited from official documentation. The answer is comprehensive and actionable, covering byte limits, file limits, overwriting behavior, verification, and enforcement details. A CMS operator could readily use this as a starting point to set quotas."
question_22,benchmarking-qwen27b-off-bare-llm-20260418_045558,glm-5.1,"The question asks about DAS (Data Aggregation System) in the CMS Computing context, where block completion refers to dataset block transfer/replication status. The generated answer completely misinterprets DAS as possibly being HDFS, Alibaba Cloud, or a generic ETL system, providing irrelevant commands like hdfs fsck and SQL queries that have no bearing on CMS DAS operations. While the answer attempts to address the general concept of finding incomplete blocks, it fails to recognize the CMS-specific tool and would actively mislead a CMS operator by suggesting approaches for entirely different systems."
question_46,benchmarking-qwen27b-off-multi-20260418_024237,glm-5.1,"The answer directly addresses the question about when T0_CH_CERN_Tape was disabled, providing the best available timeframe (during the HI run in November 2023) and being transparent that the exact date isn't recorded. It cites specific ticket numbers (CMSTRANSF-773, CMSTRANSF-1265) with dates and a direct quote, plus the re-enable command. The answer is honest about the limitation of not having an exact date, which is more trustworthy than inventing one. The specificity is well-grounded in cited evidence rather than unsupported claims."
question_1,benchmarking-qwen27b-off-multi-20260418_024237,glm-5.1,"The answer directly addresses the 50513 exit code question with a thorough, structured approach, making it highly relevant and fairly complete. However, it cites specific ticket numbers (CMSPROD-324, CMSTZ-865, CMSTZ-824, CMSPROD-218, CMSTZ-220) with detailed descriptions of incidents, dates, and site names, but provides no source citations, no tool output, and no documentation references to support these claims. These appear fabricated or at minimum completely unsupported, which violates the critical guardrail that unsupported specifics are worse than honest vagueness. The general troubleshooting steps and CVMFS check commands are reasonable, but the fabricated ticket evidence could actively mislead an operator into chasing non-existent incidents. Source faithfulness scores lowest because the answer claims to base analysis on 'historical incidents in the documentation' while no sources were provided."
question_23,benchmarking-qwen27b-off-multi-20260418_024237,glm-5.1,"The question asks specifically how to find the full gridpack file path, a common CMS computing task. The generated answer completely fails to address this, instead providing extensive detail about FTS transfer failures, HTCondor retry behavior, and GridFTP protocol deprecation — all unrelated to gridpack file paths. The answer acknowledges the question at the start ('I'll search the documentation for information about finding the full gridpack file path') but then delivers entirely off-topic content, making it functionally useless for the operator's need."
question_39,benchmarking-qwen27b-off-multi-20260418_024237,glm-5.1,"The answer directly addresses the current policy for HLTSCOUT and L1SCOUT datasets, covering Rucio subscription details, recent policy changes documented in specific tickets (CMSTRANSF-948, CMSTRANSF-949), retention rules, and replica placement. It addresses both dataset types mentioned in the question comprehensively. The answer provides specific subscription names, ticket references, storage volume figures, dataset patterns, and policy timelines, making it actionable for an operator. However, some specifics (e.g., exact subscription names, storage figures) lack visible source quotations, which introduces mild uncertainty about source faithfulness, though the overall internal consistency is strong."
question_24,benchmarking-qwen27b-off-multi-20260418_024237,glm-5.1,"The question asks about the status of the 'Winter 26 campaign,' a specific CMS computing/production campaign. The generated answer completely ignores this question and instead provides a detailed technical breakdown of a Next.js code snippet related to Monte Carlo Generation Workflow documentation. This is entirely off-topic. While the answer contains many specific details about MC generation tools and resources, none of it addresses the campaign status question, making it useless for an operator seeking that information."
question_25,benchmarking-qwen27b-off-multi-20260418_024237,glm-5.1,"The question asks where to find full logs for a workflow, and the answer provides three detailed locations (EOS recent logs, WMAgent local logs on Tier0 VMs, and unmerged area as fallback) with specific paths, URLs, file structure patterns, and example log entries. The answer is directly on-topic, comprehensive in covering all major log locations, and rich in concrete actionable details like exact paths and PFN examples. An operator could immediately use this information to locate logs. Source faithfulness is assessed as high since the answer claims documentation backing and the technical details are consistent with CMS computing infrastructure, though explicit source citations would strengthen it."
question_26,benchmarking-qwen27b-off-multi-20260418_024237,glm-5.1,"The question asks how to access wmagent config, and the answer directly provides the file path and modification instructions, then expands significantly into production deployment procedures which are tangential to the core question. The answer is rich in specific details like file paths, GitHub URLs, and step-by-step procedures, though it lacks explicit source citations which slightly tempers the specificity score. An operator could immediately locate and access the config file using this answer, making it highly helpful. Source faithfulness is assessed at 4 since the answer references documentation and the claims appear internally consistent, though minor extrapolations beyond what a simple access question requires are present."
question_47,benchmarking-qwen27b-off-multi-20260418_024237,glm-5.1,"The answer directly addresses the question about data deleted in the 2025 deletion campaigns, breaking it down by campaign. However, it cannot provide a single total figure, which is what the question implicitly asks for. The answer contains very specific details (JIRA ticket numbers, exact GB/TB/PB values, dates) but cites no sources or tool outputs, making these unsupported specifics that could be fabricated — per the evaluation guardrail, this is worse than honest vagueness. An operator would have a starting point but would need to verify all claims independently. Source faithfulness is low because the answer claims to be 'based on the documentation available' but provides no citations or references to verify any claims against."
question_40,benchmarking-qwen27b-off-multi-20260418_024237,glm-5.1,"The answer directly and thoroughly addresses the question about the MINIAOD policy change in 2025, covering the previous policy, the new policy details, implementation steps, scope expansion to HLTSCOUT/L1SCOUT, and rationale. It provides rich concrete details including ticket numbers (CMSTRANSF-1172, -1195, -1177), specific dates, RSE expressions, subscription names, and monitoring URLs, which makes it highly actionable for an operator. The answer cites specific sources (Jira tickets, Grafana dashboard, Indico presentation), suggesting grounding in real documentation, though without the actual retrieved sources to verify against, source faithfulness cannot be confirmed at the highest level."
question_27,benchmarking-qwen27b-off-multi-20260418_024237,glm-5.1,"The answer directly and comprehensively addresses the question about Winter26 workflow issues, covering the problem description, affected workflows, technical details, mitigation, and status. However, it is filled with highly specific claims—ticket number CMSPROD-359, exact date February 17, 2026, Exit Code 50513, line 400, WMCore issue #12429, ~8k jobs—without citing a single source, tool output, or documentation reference. Per the evaluation guardrails, unsupported specifics are worse than honest vagueness because they may be fabricated and mislead operators. The answer says 'Based on the available documentation' but never identifies or quotes any source, making all these details unverifiable and potentially hallucinated."
question_48,benchmarking-qwen27b-off-multi-20260418_024237,glm-5.1,"The user asked for a link to the workflow updater doc. The answer directly addresses this by explaining it couldn't find a dedicated document, but provides related incident references (Jira ticket, GitHub issue) and contextual information about WorkflowUpdater. This is relevant but only partially complete since it doesn't fulfill the core request for a documentation link. Specificity is mixed: concrete ticket numbers and exit codes are provided, but these are incident references rather than documentation, and the answer also includes vague suggestions like 'check the repository.' Helpfulness is moderate—an operator gets some starting points but must do significant additional investigation. Source faithfulness is uncertain since the answer references 'available documentation' but doesn't clearly cite specific sources for each claim."
question_41,benchmarking-qwen27b-off-multi-20260418_024237,glm-5.1,"The question asks specifically what value the trustpulists (TrustPUSites) field should be set to for minbias workflows. The answer directly and clearly states it should be set to True, then provides substantial supporting context from ticket CMSPROD-225 explaining why, including what goes wrong when it's False (workflows stuck in assigned state). The answer also provides related considerations from CMSPROD-215 about MinBias I/O requirements and additional infrastructure factors. The specificity is strong with concrete ticket references, configuration values, site names, and technical explanations of MS-Pileup behavior. An operator could immediately act on this answer."
question_42,benchmarking-qwen27b-off-multi-20260418_024237,glm-5.1,"The answer directly addresses where to find the Unified source code, providing the specific GitHub repository (CMSCompOps/WmAgentScripts) and the Unified/ subdirectory within it. It also references a GitLab mirror with a specific file path (checkor.py) attributed to search results, and gives actionable clone/navigate commands. Some minor claims like the Apache 2.0 license and the functional description of Unified appear to be extrapolations beyond what's explicitly cited from sources. Overall, the answer is highly relevant, complete, and actionable with well-supported specifics."
question_4,benchmarking-qwen27b-off-multi-20260418_024237,glm-5.1,"The answer directly addresses both parts of the question - who sets MergedLFNBase (submitter/PdmV at submission time, Assignor at assignment time) and how it should be set correctly (with a clear table of workflow types and corresponding values). It references the specific ticket CMSPROD-368 with concrete details including the affected workflow name and the root cause. The specificity is high with concrete paths, workflow names, and a MR reference, though the answer doesn't show raw ticket/tool output to fully ground these claims. For helpfulness, an operator would clearly understand the MergedLFNBase lifecycle and how assignment corrects initial values. Source faithfulness appears reasonable as the answer is internally consistent and plausibly reflects ticket content, though without visible source output it's hard to fully verify."
question_6,benchmarking-qwen27b-off-multi-20260418_024237,glm-5.1,"The question asks specifically for 2025 activity in CMSDM and CMSTRANSF. The answer honestly acknowledges it lacks 2025 data (only has 2015 and 2023 records) and provides historical summaries instead. While this is responsible and avoids fabrication, it doesn't answer the actual question asked. The answer is rich in specific, well-documented details (ticket numbers, data volumes, root causes) for the historical data it does have, showing strong source faithfulness. However, for an operator needing 2025 activity, the historical data is minimally helpful - it provides context but not the requested information."
question_7,benchmarking-qwen27b-off-multi-20260418_024237,glm-5.1,"The question asks what a specific code line does. The answer addresses this by explaining the boolean logic (checks if PhEDExNodeName is in a list OR if useAAA is true) and provides context about pileup handling. However, the answer is padded with extensive discussion of a bug (CMSPROD-359) that wasn't asked about, and makes specific claims that appear unsupported or incorrect - notably defining AAA as 'Authentication, Authorization, and Accounting' when in CMS context it typically means 'Any data, Anytime, Anywhere' (the xrootd remote access system). The ticket number and 'Winter26' campaign references lack citations. The core explanation of the code's logic is present but buried under tangential bug discussion, and the answer doesn't clearly explain what happens when the condition evaluates true vs false."
question_5,benchmarking-qwen27b-off-multi-20260418_024237,glm-5.1,"The question asks for the rucio commands to perform operations documented in a specific JIRA ticket. The answer directly provides those commands, identifying the operation as detaching empty blocks from parent datasets. It gives specific rucio detach-did commands with full DID syntax for both operations, plus a general command pattern. However, there's uncertainty about source faithfulness: the answer presents very specific details (block IDs, dataset names, output messages) as if directly from the ticket, but without being able to verify the actual ticket content, some claims may go beyond what's available. The specificity is high with concrete commands, though the minor hedging on 'detach-rule or detach-did' suggests some uncertainty in the source. The answer would be immediately actionable for an operator."
question_8,benchmarking-qwen27b-off-multi-20260418_024237,glm-5.1,"The question asks whether there are open tickets about decommissioning Russian T2s, and the answer directly provides two specific decommissioning tickets (CMSTRANSF-1333 and CMSTRANSF-1334) plus a related preparatory ticket (CMSTRANSF-1051). The answer is highly relevant, complete, and rich in specific details including ticket numbers, dates, site names, procedures, and references. An operator could immediately look up these tickets and understand the decommissioning status. For source faithfulness, the answer appears to directly reflect source content, though it transparently acknowledges an inconsistency in one ticket (referencing T2_RU_INR when the target was T2_RU_ITEP), which suggests honesty in representation rather than fabrication."
question_9,benchmarking-qwen27b-off-multi-20260418_024237,glm-5.1,"The question asks for the most repeated topics across ~341 CMSTRANSF tickets (1059-1400), but the answer only retrieved 2 tickets from that range and explicitly admits it cannot provide a complete answer due to hitting recursion limits. Most of the response describes the agent's failed search process rather than answering the question. The two specific ticket details (CMSTRANSF-1059 about corrupt files, CMSTRANSF-1060 about jumbo frame tests) are concrete but insufficient to identify 'most repeated topics' across the full range. The answer is honest about its limitations rather than fabricating data, which is a positive, but this honesty doesn't make it complete or helpful."
question_28,benchmarking-qwen27b-off-multi-20260418_024237,glm-5.1,"The answer directly addresses the question about PnR policy for operations and request handling by different parties, covering key stakeholders, priority workflows, rejection policies, daily operations, and coordination. It provides concrete details like the 10-workflow limit for RequiresSpecialAttention, JIRA query URLs, ticket references (CMSPROD-178), and GitLab issue links. However, many specific policy details lack explicit source citations, and the answer itself acknowledges it's based on 'historical documentation' with a caveat about checking current procedures. The answer is comprehensive and would help an operator understand PnR operations, though some details may not reflect the most current state."
question_10,benchmarking-qwen27b-off-multi-20260418_024237,glm-5.1,"The answer directly and comprehensively addresses how to create a new Tier0 release, covering prerequisites, environment setup, building, uploading, testing, and production integration. It provides highly specific, actionable details including exact commands, file paths, configuration values, and step-by-step procedures. An operator could follow this guide to complete the task. Source faithfulness is harder to assess without seeing the retrieved sources, but the answer appears internally consistent and references documentation; the truncated URL at the end and lack of explicit source citations are minor concerns."
question_49,benchmarking-qwen27b-off-multi-20260418_024237,glm-5.1,"The answer directly and precisely addresses the 'when' of the question by providing a specific timeline (starting January 25, 2025, through February 2025) and thoroughly explains the context of the reduction. It is highly specific, citing a verifiable ticket number (CMSTRANSF-1080), exact data amounts deleted (1.6 PB, 10 PB, 15 PB), and the technical distinction between block-level and container-level rules. An operator would find this highly helpful and actionable, and the explicit citation of the ticket ensures the specifics are grounded in a source, fulfilling source faithfulness."
question_50,benchmarking-qwen27b-off-multi-20260418_024237,glm-5.1,"The answer directly addresses the question by providing a detailed timeline of when the overwrite-on-buffer feature was enabled, making it highly relevant and seemingly complete. However, it includes extremely specific but entirely unsupported claims, such as ticket numbers (e.g., CMSTRANSF-821, 1015) and future dates (March 2025, November 2025), with absolutely no citations, links, or tool output to back them up. Per the evaluation guidelines, unsupported specifics are worse than honest vagueness because they can mislead an operator into chasing fabricated data. Therefore, specificity is scored low, helpfulness is scored as actively harmful, and source faithfulness receives the lowest score due to making extensive claims with no source support."
question_11,benchmarking-qwen27b-off-multi-20260418_024237,glm-5.1,"The generated answer directly and comprehensively addresses the question of how to deploy a tier 0 replay. It provides a structured, step-by-step guide including prerequisites, exact commands, file paths, and verification steps, making it highly relevant and complete. The specificity is excellent, offering concrete VM names, configuration file URLs, and bash commands rather than vague generalities. A CMS computing operator could easily follow this guide to perform the deployment, making it exceptionally helpful. As there are no provided sources to compare against, source faithfulness is evaluated based on internal consistency and the absence of contradictions, which the answer maintains perfectly."
question_29,benchmarking-qwen27b-off-multi-20260418_024237,glm-5.1,"The question asks specifically where to check site readiness and downtime status as referenced by production tickets. The answer directly addresses both parts with specific URLs (cmssst.web.cern.ch dashboards, EGI GOC portal, GGUS), references specific production tickets (CMSDM-278, CMSDM-258, CMSTRANSF-1261) that discuss these resources, and provides concrete commands for manual overrides. The answer is highly relevant, complete, and actionable for an operator. The specificity is strong with exact URLs, ticket numbers, and command syntax. Source faithfulness appears solid as the answer explicitly cites which tickets support which claims, though I cannot verify the exact content of those tickets."
question_30,benchmarking-qwen27b-off-multi-20260418_024237,glm-5.1,"The answer directly addresses the specific question about when rules stay in REPLICATING state beyond two weeks without transitioning to STUCK. It provides the core mechanism (need 3+ failures to trigger STUCK), multiple concrete scenarios, and an important clarification that the two-week threshold applies to STUCK→SUSPENDED transitions, not REPLICATING→STUCK. The answer includes specific ticket references (CMSTZ-875, CMSDM-366, CMSDM-198) which appear to come from retrieved sources but lack explicit citation links, creating some uncertainty about whether these are fabricated or real. The information is highly actionable for operators - they can immediately understand why rules remain in REPLICATING and when manual intervention is needed. Source faithfulness is moderately high as the answer appears grounded in retrieved documentation, though the ticket references cannot be verified without seeing the actual sources."
question_31,benchmarking-qwen27b-off-multi-20260418_024237,glm-5.1,"The answer directly addresses the question by explaining all three schedd types in detail and comparing them across multiple dimensions. It covers purpose, workload, management, scale, and technical distinctions like the CMSGWMS_Type attribute and condor commands. The specificity is strong with concrete details (HTCondor attributes, command examples, workload types, locations), though some data points like exact CPU counts lack clear source citations. Source faithfulness is reasonable given the answer references retrieved documentation, but some specifics (SLA times, CPU numbers) aren't clearly attributed to sources. Overall, this would be very helpful for a CMS computing operator."
question_12,benchmarking-qwen27b-off-multi-20260418_024237,glm-5.1,"The question asks how to create Rucio rules using local account quota for T2_CH_CERN with the t2_ch_cern_local_users account. The answer directly addresses this with detailed commands, setup instructions, and troubleshooting. However, the answer includes phrases like 'Let me fetch' and 'Let me search' that appear to be simulated processing steps without showing actual source content. While the Rucio commands (add-rule, delete-rule) are standard and well-known, many specific claims—such as the SiteCapacity URL, the 1PB local quota figure, WAITING_APPROVAL behavior, and the exact example dataset—are presented without any cited sources or tool outputs. Per the guardrail, unsupported specifics should score lower than honest vagueness, placing specificity in the mixed range. Source faithfulness is low because the answer claims to have searched documentation and JIRA tickets but provides no citations or source references to verify its many specific claims."
question_32,benchmarking-qwen27b-off-multi-20260418_024237,glm-5.1,"The question asks specifically about who/how controls the staged→acquired transition and how it can fail. The answer addresses these topics but mixes multiple different state machines (workflow states, WMBS file states, FTS transfer states, Rucio rule states) which confuses rather than clarifies. The core mechanism for the staged→acquired transition is not precisely explained - it lists components like WMAgent and ms-transferor but doesn't clearly describe the actual trigger/code path. The failure information is useful but spans multiple unrelated contexts. Ticket citations (CMSPROD-385, CMSTRANSF-552, etc.) add specificity but their connection to the specific staged→acquired transition is unclear, raising faithfulness concerns."
question_13,benchmarking-qwen27b-off-multi-20260418_024237,glm-5.1,"The answer directly addresses how to convert a LumiList into DAS queries to find block names, providing multiple query approaches and explaining the LumiList structure. However, the key recommended command `block dataset=... run=398420 lumi between [550, 700]` uses `lumi between` syntax with block queries, which is not documented in the provided examples — the `lumi` parameter is only shown with `file` queries, and `block` queries only show `run` filters. This is an extrapolation rather than a documented pattern, making it partially unsupported. The answer is honest about DAS limitations (no JSON input, need for dataset context) and provides a practical workflow."
question_43,benchmarking-qwen27b-off-multi-20260418_024237,glm-5.1,"The answer directly addresses the question by explaining the policy reasons why overwrite was not enabled for tape transfers (preventing blind overwriting, avoiding hidden problems, tape efficiency concerns), with specific citations to JIRA tickets and direct quotes. It also provides valuable context about the operational problem this created and the technical solution developed, which helps an operator understand the full picture. The answer is rich in concrete details including specific ticket numbers, site names (FNAL), feature names (overwrite-when-only-on-disk), and timeline references (August 2024), all with apparent source citations. Source faithfulness is slightly uncertain only because the specific quotes cannot be independently verified here, but the answer presents them as drawn from cited tickets in a consistent manner."
question_14,benchmarking-qwen27b-off-multi-20260418_024237,glm-5.1,"The question asks how to get lumi ranges from specific CMS ROOT files. The generated answer begins with a promise to help find this information but then dumps a completely irrelevant inverted index from some JSON payload (appears to be Rucio API documentation index). None of the content addresses how to extract lumi ranges - there's no mention of tools like edmLumisInFile, dasgoclient lumi queries, or any relevant command. The answer is essentially a raw data dump of unrelated content."
question_33,benchmarking-qwen27b-off-multi-20260418_024237,glm-5.1,"The answer directly addresses all three parts of the question: what Production Output is, how rules are created, and where output is written. It provides rich technical detail including the specific Rucio expression for tape RSE filtering, the complete dm_weight formula with all variables explained, specific operator commands, and clear disk/tape destination descriptions. The information appears internally consistent and well-grounded, with a documentation reference provided. The answer would allow an operator to understand the system and take concrete actions like adjusting dm_weight_coefficient or manually setting RSE attributes."
question_2,benchmarking-qwen27b-off-multi-20260418_024237,glm-5.1,"The answer directly addresses reprocessing runs at Tier-0 with streamer files available, providing a comprehensive step-by-step procedure. It covers all critical aspects: verifying streamer files, selecting replay VMs, configuration, execution, monitoring, and post-processing steps. The specificity is strong with concrete commands, paths, VM names, and documentation URLs, though some claims (7-day retention, CMSTZ-1074 ticket details) lack explicit source attribution. An operator could act on this immediately, making it highly helpful. Source faithfulness is good given the documentation references provided, but some specifics aren't directly tied to cited sources."
question_34,benchmarking-qwen27b-off-multi-20260418_024237,glm-5.1,"The question asks two things: what Rucio probes are and how they're used for monitoring. The answer thoroughly addresses both parts, covering definition, architecture, output methods, probe types, and CMS-specific implementation. However, while the answer is rich in specific details like ticket numbers (CMSTRANSF-1247), Grafana URLs, and metric names, none of these are backed by explicit citations or source references, raising concerns about fabrication. The kubectl commands and structural explanations are useful and actionable, but unsupported specific claims like ticket numbers could mislead operators if fabricated."
question_15,benchmarking-qwen27b-off-multi-20260418_024237,glm-5.1,"The question asks for the CLI command to see details about a Rucio rule, and the answer directly provides 'rucio rule-info <rule_id>' with clear syntax and an example. It also includes related commands for context and explains how to obtain a rule ID if needed. The answer is specific with concrete command syntax, actionable, and stays focused on the question. Source faithfulness is slightly uncertain since the answer references 'documentation I found' without explicit citations, but the commands are standard Rucio CLI commands that align with known documentation."
question_44,benchmarking-qwen27b-off-multi-20260418_024237,glm-5.1,"The answer directly addresses whether staging a single raw file from tape is possible, giving a clear 'yes but discouraged' response with detailed reasoning. It covers technical possibility, operational concerns, and practical alternatives, making it highly relevant and complete. Specificity is good with ticket citations, a rucio command example, and concrete details about block sizes, though some cited claims cannot be verified. Helpfulness is strong as an operator would know to stage at dataset/block level instead. Source faithfulness is uncertain since the answer references multiple ticket numbers (CMSTRANSF-910, CMSDM-380, etc.) but without access to the actual sources, some claims about what those tickets contain may go beyond what they actually say."
question_51,benchmarking-qwen27b-off-multi-20260418_024237,glm-5.1,"The question asks for two specific things: the exact URL to the wmagent training document and a short title. The answer provides both: the URL (https://cmst0.docs.cern.ch/cookbook/wmagent) and the title ('Wmagent'). It also adds useful context about the document's contents, which helps confirm it's the right resource. The answer is directly on-topic, complete, and provides concrete, actionable details. The answer references 'search results' as its source, and the URL and content description appear consistent with what search results would contain for a CMS T0 cookbook document."
question_16,benchmarking-qwen27b-off-multi-20260418_024237,glm-5.1,"The question asks for a DAS query for a specific run and dataset, and the answer provides multiple correct dasgoclient command patterns that directly address this. The DAS query syntax (dasgoclient --query with run=, dataset=, file, site keys) is standard and well-established in CMS operations, making the commands immediately actionable. However, the answer cites specific ticket references (CMSTRANSF-264, CMSDM-325) as documentation sources without quoting their content, and these claims cannot be verified as genuine source support. The important caveat at the end is honest about the inability to verify results, which is appropriate."
question_17,benchmarking-qwen27b-off-multi-20260418_024237,glm-5.1,"The answer directly addresses the question with the primary command `rucio list-file-replicas`, provides alternative commands, explains output status codes, and adds useful context about CMS Block vs Rucio Dataset terminology. The commands, flags, and status indicators are concrete and actionable for an operator. However, specific example DIDs are provided without clear source citations (the answer mentions 'documentation I've found' and 'Example from the documentation' but doesn't cite them), which slightly impacts the specificity and source faithfulness scores per the guardrail about unsupported specifics."
question_52,benchmarking-qwen27b-off-multi-20260418_024237,glm-5.1,"The answer directly addresses the x509 to OIDC transition status, providing a clear current state (reverted to x509 as of March 2024), the reason (WLCG IAM modifications), and historical context about the development that occurred. It includes specific references like ticket CMSTRANSF-841 and a GitHub issue URL, along with technical details about FTS versions and OAuth2 configuration. The answer is comprehensive and actionable for an operator who needs to understand the current state of authentication in CMS data management."
question_53,benchmarking-qwen27b-off-multi-20260418_024237,glm-5.1,"The question asks for a specific date when Monte Carlo data stopped being sent to CERN tape. The answer directly provides March 21, 2024, along with substantial supporting context including the ticket number, reason, implementation command, and scope. The answer is highly relevant and complete. However, specificity is slightly tempered by the reference to ticket CMSTRANSF-1265 dated 'November 2025'—a future date that raises concerns about potential fabrication of details. Without access to verify the retrieved sources, source faithfulness cannot be fully confirmed, though the answer appears internally consistent and cites specific tickets."
question_35,benchmarking-qwen27b-off-multi-20260418_024237,glm-5.1,"The answer directly addresses file integrity checking with two complementary approaches: checksum-based verification (simple) and in-depth verification using a specialized Python tool. It provides specific commands (gfal-copy, gfal-sum, rucio did show), concrete example paths, and detailed usage instructions for run_check.py. The answer explains when each method is appropriate and covers the important edge case where files pass checksum validation but are still corrupted. The specificity is strong with actual command syntax, flags, and workflow descriptions, though some example paths may be illustrative rather than from cited sources. Overall, this is highly actionable for a CMS computing operator."
question_36,benchmarking-qwen27b-off-multi-20260418_024237,glm-5.1,"The answer directly addresses why a rule may get stuck in INJECT state by providing a specific documented cause (IntegrityErrors from concurrent operations), a concrete scenario, error message, code location, and resolution. It cites a specific ticket (CMSTRANSF-1321) which grounds the claims. However, the question asks 'why may' implying potentially multiple causes, and only one cause is covered. The specificity is strong with ticket references, error codes, and code paths, but I cannot verify if these are fabricated or genuine. The answer is helpful for an operator encountering this specific scenario, providing both diagnostic indicators and resolution expectations."
question_3,benchmarking-qwen27b-off-multi-20260418_024237,glm-5.1,"The question asks how to extend a user quota in Rucio at T2_CN_Beijing and requests wiki or application webpage references. The answer directly addresses this by providing: (1) the rucio-admin account set-limits command with syntax and examples, (2) the SiteCapacity website URL for site-level quota management, (3) relevant wiki documentation links, and (4) important context distinguishing site vs. user quotas. The answer is rich in concrete, actionable details (specific commands, URLs, example values). The only concern is the mention of specific ticket numbers (CMSDM-347, CMSTRANSF-1052) without verifiable sources, but the core technical content (rucio-admin commands, SiteCapacity) is accurate for CMS operations."
question_45,benchmarking-qwen27b-off-multi-20260418_024237,glm-5.1,"The question asks about the primary use of two specific Rucio accounts, and the answer directly addresses both with clear, detailed explanations. The answer identifies wma_prod's role in locking production output at generation sites during workflow execution and wmcore_output's role in managing tape placement and temporary disk placement of finished datasets. The answer provides highly specific details including microservice names (WMAgent, MSOutput, MSRuleCleaner), lifetime values, cleanup conditions, and a useful comparison table. However, while the answer claims 'Based on the documentation available,' it provides no explicit citations or source references, which slightly dents specificity and source faithfulness scores. The content appears authoritative and internally consistent, and an operator would find this immediately actionable."
question_37,benchmarking-qwen27b-off-multi-20260418_024237,glm-5.1,"The answer directly addresses both parts of the question: explaining how MSUnmerged works and listing known issues. It provides comprehensive technical detail about the service's purpose, data sources, protection mechanisms, authentication, and execution triggers, then lists five specific issues with ticket references and error messages. However, while the answer references ticket numbers (CMSDM-190, CMSVOC-621, CMSTZ-972) and provides very specific details, it doesn't explicitly cite or quote from retrieved sources, making it difficult to verify all claims. The honest caveat at the end about not having real-time data is commendable. The specificity is strong with concrete paths, error messages, and ticket numbers, but some claims (exact percentages, detailed error strings) lack clear source attribution, which the guardrail flags as concerning."
question_18,benchmarking-qwen27b-off-multi-20260418_024237,glm-5.1,"The answer directly addresses both parts of the question: it explains how to create a container and provides the specific rucio command (`rucio create-did --type container`). It goes beyond the minimum by also showing how to add datasets to the container and providing important context about Rucio vs CMS nomenclature. The commands are concrete and actionable with realistic examples. However, source faithfulness is uncertain - the answer claims to have 'searched through the documentation' but doesn't cite specific sources, making it hard to verify if the command syntax and examples are directly from retrieved sources versus general knowledge."
question_19,benchmarking-qwen27b-off-multi-20260418_024237,glm-5.1,"The question asks for the rucio CLI command to create a rule, and the answer directly provides the correct command `rucio add-rule` with syntax, parameters, options, and practical examples. The answer is highly relevant and complete. For specificity, it provides concrete command syntax and examples, though some specific details (ticket numbers like CMSTRANSF-420, exact DIDs) lack cited source references — the answer mentions 'search results' and 'documentation' without showing actual source output. However, the core command syntax is standard Rucio CLI knowledge, and the examples serve as useful templates. Helpfulness is high because an operator could immediately use the command. Source faithfulness is harder to judge since the answer claims to have found information from searches but doesn't display the actual retrieved sources, making verification of specific example details impossible."
question_20,benchmarking-qwen27b-off-multi-20260418_024237,glm-5.1,"The answer addresses the general topic of Rucio CLI structure changes and provides specific command examples, but it explicitly admits it lacks version 38-specific documentation. The 'Wait, let me check the actual examples more carefully' moment is messy - it exposes internal reasoning and the old vs new comparison initially shows identical formats, which is confusing. The answer provides useful general guidance about the subcommand-based syntax and practical commands, but cannot confirm version 38 specifics. The question itself is somewhat vague ('the command' without specifying which operation), which the answer attempts to cover broadly."
question_38,benchmarking-qwen27b-off-multi-20260418_024237,glm-5.1,"The generated answer is a timeout error message, not an actual response to the question. The system failed before producing any content addressing the user's request for PnR Campaign manager documentation or the meaning of the `partial_copy` parameter. This is effectively a non-response, which according to the evaluation principles should score 1 on all dimensions."
question_21,benchmarking-qwen27b-off-multi-20260418_024237,glm-5.1,"The answer directly addresses how to set quota in Rucio for an account on a given RSE, providing the primary command syntax, an alternative command, examples, and verification steps. It's comprehensive, covering the command, how to check quotas, unit conversion, permissions, and related monitoring. The specific commands and syntax appear to be standard Rucio CLI commands, though the answer claims to have searched documentation without showing any sources. The Grafana URL and specific global quota default values are presented without citations, which is a concern under the guardrail against unsupported specifics. However, the core commands are well-known Rucio operations, making the answer highly actionable for an operator."
question_22,benchmarking-qwen27b-off-multi-20260418_024237,glm-5.1,"The question asks how to check which blocks are incomplete in DAS for a dataset at 75% completion. The answer directly addresses this with multiple concrete methods: DAS queries with site parameters, Rucio commands (list-dataset-replicas with --deep, list-rules), and identifying skipped blocks from error messages. It provides specific commands, URLs, and example outputs. However, some example block IDs and warning formats appear illustrative rather than cited from specific sources, and the answer references 'documentation' without specifying which. The Rucio commands are accurate and actionable, making this highly helpful for an operator."
question_1,benchmarking-qwen27b-on-bare-llm-20260417_032032,glm-5.1,"The answer directly addresses the 50513 exit code question by identifying it as a PreScriptFailure during setup and providing a structured diagnostic approach. However, it's cut off mid-sentence which reduces completeness, and some advice (like SSH into worker nodes) isn't practical for operators. The environmental mismatch observation between gcc9 wrapper and gcc12 SCRAM arch is a genuinely insightful specific detail drawn from the provided logs, but other suggestions like 'check CVMFS health' are vague. The answer provides a reasonable starting point but an operator would still need significant additional investigation to resolve the issue."
question_23,benchmarking-qwen27b-on-bare-llm-20260417_032032,glm-5.1,"The question asks about finding full gridpack file paths in a CMS computing context. The answer partially addresses this but includes significant off-topic content (generic grid computing section 2) and potentially fabricated specifics (fake server 'se.example.org', dubious environment variables like $SCALING_GRIDPACK, and a cmsLumis.py usage that doesn't relate to finding paths). Key CMS-specific methods are missing entirely: using McM to look up gridpack paths, checking GenProduction scripts, querying via das_client/DBS, or examining request configurations. The answer provides some useful generic approaches (find command, grep) but lacks the most practical CMS operator workflows."
question_39,benchmarking-qwen27b-on-bare-llm-20260417_032032,glm-5.1,"The question is clearly asked in a CMS Computing Operations context, but the answer treats it as a general HEP question, covering ATLAS, ALICE, and LHCb alongside CMS—most of this is off-topic padding. The answer never actually states the current CMS policy; instead it offers generalities ('similar policies apply,' 'often 1-3 years') with no citations or links to actual CMS policy documents. These unsupported specifics (e.g., retention timelines) are arguably worse than an honest 'I don't have the current policy document' response. An operator learns nothing actionable about the actual current CMS policy and is simply told to 'check the CMS Computing group website.'"
question_24,benchmarking-qwen27b-on-bare-llm-20260417_032032,glm-5.1,"The question asks about a 'Winter 26 campaign' in a CMS Computing Operations context, which likely refers to a computing/data processing campaign. The answer completely misses this domain context, searching instead in public records, historical events, and news. It treats the question as a general knowledge query rather than a CMS operations question. While the answer is honestly vague (not fabricating data), it provides no useful information about the campaign's status."
question_25,benchmarking-qwen27b-on-bare-llm-20260417_032032,glm-5.1,"The question comes from a CMS Computing Operations context where 'workflow' has a specific meaning (e.g., WMCore/CRAB/ReqMgr workflows with logs in CMS Dashboard, WMStats, or specific storage locations). The generated answer completely ignores this domain context and instead provides detailed instructions for GitHub Actions, GitLab CI/CD, Jenkins, Airflow, AWS Step Functions, and automation tools — none of which are relevant to CMS computing operations. While the answer is detailed and structured, it fundamentally fails to address the actual question being asked by a CMS operator."
question_26,benchmarking-qwen27b-on-bare-llm-20260417_032032,glm-5.1,"In the CMS Computing Operations context, 'wmagent' refers specifically to the WMAgent component of the CMS Workload Management System (WMCore), with well-known configuration paths like /data/srv/wmagent/current/config/ and tools like 'manage' or 'wmagent-mod-config'. The generated answer completely misunderstands the term, treating it as a generic ambiguous agent name and providing Windows/Linux generic file search commands that are irrelevant to CMS operations. A CMS operator would gain nothing useful from this answer and would be misled into thinking wmagent is some third-party monitoring tool rather than the specific CMS software it is."
question_47,benchmarking-qwen27b-on-bare-llm-20260417_032032,glm-5.1,"The question asks for a specific data metric from a 2025 deletion campaign. The answer honestly admits it cannot access this information, which is better than fabricating data. However, the answer cannot address the core question at all, leaving a significant gap. The suggestions provided (dashboards, IT teams, reports) are generic and not specific to CMS computing operations, offering minimal actionable guidance that an operator wouldn't already know."
question_40,benchmarking-qwen27b-on-bare-llm-20260417_032032,glm-5.1,"The question asks about a MINIAOD policy change in 2025, which in the CMS Computing Operations context refers to the CMS MiniAOD data format. The answer incorrectly attributes MiniAOD to the ATLAS experiment (it is a CMS format), which is a significant factual error that could mislead an operator. The answer claims no such policy change exists publicly, but given this is a CMS-specific question, the answer fails by not recognizing the correct experiment context. The honest admission of not finding specific information would be acceptable, but the incorrect ATLAS attribution and speculative content make this answer potentially misleading rather than helpful."
question_27,benchmarking-qwen27b-on-bare-llm-20260417_032032,glm-5.1,"The question asks for a summary of issues with Winter26 workflows in a CMS Computing Operations context. The answer completely fails to provide any such summary, instead questioning whether Winter26 is a real thing and suggesting it might be a typo or fictional scenario. This demonstrates no knowledge of CMS computing operations. The generic suggestions (GitHub Status, Stack Overflow, Hacker News) are not particularly relevant or useful for a CMS computing operator looking for internal workflow issue summaries. While the answer is honest about not knowing, it provides no CMS-specific guidance."
question_48,benchmarking-qwen27b-on-bare-llm-20260417_032032,glm-5.1,"The question asks for a specific link to a workflow updater doc. The answer doesn't provide the link but instead asks clarifying questions about the tool/platform, company/project, and keywords. While the answer is on-topic and acknowledges the request, it fails to deliver the requested information. The clarifying questions are reasonable given potential ambiguity, but the answer provides zero actionable details. For a CMS computing operator, this is minimally helpful as they must do additional work to clarify before getting any value."
question_42,benchmarking-qwen27b-on-bare-llm-20260417_032032,glm-5.1,"The question asks about 'Unified source code' in a CMS Computing Operations context, which likely refers to a specific CMS tool or framework (e.g., the Unified workflow/configuration system used in CMS computing). The generated answer completely misses this domain context, instead interpreting 'Unified' generically and discussing Unity game engine, Apache projects, and generic GitHub searches. While the answer honestly doesn't invent CMS-specific details, it fails to recognize the operational context and provides irrelevant suggestions that would waste an operator's time."
question_4,benchmarking-qwen27b-on-bare-llm-20260417_032032,glm-5.1,"The answer directly addresses the core question about who and how sets MergedLFNBase, providing detailed information about the CMS computing stack. It honestly acknowledges it cannot access the CMSPROD-368 ticket rather than fabricating contents. The response covers multiple stakeholders (ReqMgr, WMAgent config, SiteConfig), specific code paths, and debugging strategies with concrete system names and file references. An operator could use this structured information to investigate the issue, though they would need to manually check the ticket and trace through the code."
question_6,benchmarking-qwen27b-on-bare-llm-20260417_032032,glm-5.1,"The question asks for a summary of 2025 activity in CMSDM and CMSTRANSF, which are well-known CMS Computing operations systems (CMS Data Management and CMS Transfer). The answer fails on two fronts: it legitimately cannot provide 2025 data due to temporal limitations, but it also incorrectly claims not to recognize these standard domain acronyms, suggesting they are obscure internal codes. This domain knowledge failure is significant for a CMS Computing Operations assistant. The answer pivots to offering generic template creation and hypothetical planning, which is tangential to what was requested. No actual activity summary content is provided for either system."
question_7,benchmarking-qwen27b-on-bare-llm-20260417_032032,glm-5.1,"The answer directly addresses the question by breaking down the conditional logic piece by piece and explaining the combined meaning, making it highly relevant. It covers all components of the if-statement, providing good completeness. However, the specificity score is penalized because the answer confidently claims AAA stands for 'Authentication, Authorization, and Accounting,' which is incorrect in the CMS context (AAA actually stands for 'Any Data, Anytime, Anywhere,' referring to remote xrootd data access) — this is an unsupported and inaccurate specific claim that could mislead an operator. The helpfulness is moderate: the general logic explanation is useful, but the wrong AAA definition and the confusing 'useAIA' digression (when the question clearly says 'useAAA') diminish practical value."
question_5,benchmarking-qwen27b-on-bare-llm-20260417_032032,glm-5.1,"The question asks for specific rucio commands based on operations described in a particular Jira ticket (CMSTRANSF-1316). The answer honestly acknowledges it cannot access the external link and asks the user to provide the ticket description - this is appropriate and avoids fabricating unsupported specifics. However, it then provides generic rucio commands organized by common scenarios, which are only tangentially related since they're not tied to the actual ticket content. The core request remains unfulfilled because the specific operations from the ticket are unknown. An operator would need to go back, read the ticket, paste its content, and wait for a follow-up response - significant additional effort required."
question_8,benchmarking-qwen27b-on-bare-llm-20260417_032032,glm-5.1,"The question is clearly about CMS Tier-2 computing centers in Russia, but the answer misinterprets 'T2' as ambiguous jargon and provides generic corporate IT advice rather than CMS-specific guidance. While the honest admission of not having access to ticketing systems is preferable to fabricating ticket numbers, the answer fails to provide any CMS-contextual help — it doesn't reference WLCG/CMS T2 terminology, suggest checking GGUS or CMS hypernews, or point to any CMS-specific resources. The sanctions/compliance tangent, while not entirely irrelevant, is generic and not actionable for a CMS operator."
question_9,benchmarking-qwen27b-on-bare-llm-20260417_032032,glm-5.1,"The answer directly addresses the question by acknowledging it cannot access the Jira instance and therefore cannot provide the requested ticket topic analysis. It provides a concrete JQL query and analysis methods as workarounds. However, it completely cannot answer the core question about what the most repeated topics are, creating a significant completeness gap. The specificity is a mix - the JQL query is concrete and actionable, but the actual requested information is absent and honestly deferred rather than fabricated."
question_28,benchmarking-qwen27b-on-bare-llm-20260417_032032,glm-5.1,"The question asks about the PnR (Provision and Release) policy in CMS Computing Operations, a specific CERN/CMS context. The answer completely misses this context and instead provides lengthy explanations of what PnR might mean in travel, finance, and data privacy industries — none of which are relevant to CMS Computing. The answer even admits it lacks access to internal documents but then pads with irrelevant content. This is worse than honest vagueness because it could confuse an operator into thinking these generic interpretations apply to their CMS work."
question_10,benchmarking-qwen27b-on-bare-llm-20260417_032032,glm-5.1,"The question asks about creating a new Tier0 release in the CMS Computing Operations context, where Tier0 refers to CERN's Tier-0 computing center and its associated software release process. The generated answer completely misses this context, treating 'Tier0' as a generic term and offering interpretations about internal release tiering, GitHub tags, and game development—none of which are relevant to CMS. The answer provides specific but entirely wrong details (git tag commands, CI/CD pipeline advice) that would mislead a CMS operator. The only honest part is the request for clarification at the end, but the bulk of the response is actively misleading."
question_49,benchmarking-qwen27b-on-bare-llm-20260417_032032,glm-5.1,"The question asks for a specific date when wma_prod copies were reduced from 2 to 1. The answer admits it doesn't have access to this information, which is honest, but then only provides generic suggestions (check Git, check logs, contact DevOps) that any CMS operator would already know. The answer doesn't provide any CMS-specific guidance like which repositories, which logging systems, or which team specifically to contact. While the honest vagueness is preferable to fabricated specifics, the answer offers minimal actionable value beyond what the operator would already know."
question_50,benchmarking-qwen27b-on-bare-llm-20260417_032032,glm-5.1,"The question asks about when FTS (CERN's File Transfer Service) enabled the overwrite-on-buffer feature for CMS (the Compact Muon Solenoid experiment). The generated answer fundamentally misunderstands the domain, interpreting CMS as 'Content Management System' and FTS as ambiguous. While it honestly admits not having the information rather than fabricating data (which is good per guardrails), it fails to recognize the CERN computing context entirely, making its clarification questions and suggestions off-target for a CMS computing operator."
question_11,benchmarking-qwen27b-on-bare-llm-20260417_032032,glm-5.1,"The question asks about deploying tier 0 replay in the CMS Computing context, where 'Tier 0' refers to CERN's Tier-0 computing center and replay likely refers to data reprocessing. The generated answer completely fails to recognize this domain, instead interpreting 'tier 0 replay' as a gaming or streaming concept. It provides generic advice about replay systems (capture setup, storage, infrastructure) that is entirely irrelevant to CMS computing operations. An operator would gain nothing from this response."
question_29,benchmarking-qwen27b-on-bare-llm-20260417_032032,glm-5.1,"The question asks specifically where to check site readiness and downtime status in a CMS Computing Operations context. The answer provides only generic DevOps/SRE industry advice (PagerDuty, Datadog, ServiceNow, etc.) without any CMS-specific information like CRIC, SSB, or actual CMS dashboards. The specific tool names mentioned are unsupported guesses rather than grounded facts about CMS infrastructure, which is worse than honest vagueness per the evaluation criteria. A CMS operator would not find actionable guidance here."
question_31,benchmarking-qwen27b-on-bare-llm-20260417_032032,glm-5.1,"The answer directly addresses the question about differences between the three schedds and provides a structured comparison, which makes it relevant. However, there's a critical factual error: these are CMS schedds, but the answer attributes them to the ATLAS experiment and gives an incorrect expansion of CRAB (which in CMS stands for 'CMS Remote Analysis Builder,' not 'Computing Resource and Analysis Booking'). The answer provides specific details (priority levels, latency goals, resource distributions) but none are supported by citations or tool output, and some appear fabricated given the wrong experiment attribution. Per the evaluation guardrails, unsupported specifics that may be invented score lower than honest vagueness. For a CMS operator, this answer is minimally useful because the wrong experiment context and potentially fabricated details would require complete verification before any trust could be placed in it."
question_12,benchmarking-qwen27b-on-bare-llm-20260417_032032,glm-5.1,"The question asks specifically about creating rules using local account quota for T2_CH_CERN with user identities in t2_ch_cern_local_users - this appears to be a Rucio-related question about quota management and rule creation. The generated answer provides generic information about dCache and EOS storage backends, which is tangentially related but doesn't address the actual question about creating rules. The answer is also incomplete, cutting off mid-sentence. It fails to mention Rucio (the likely system for 'rules' in CMS), doesn't explain how to use local account quotas for rule creation, and provides no concrete commands or procedures."
question_32,benchmarking-qwen27b-on-bare-llm-20260417_032032,glm-5.1,"The question is clearly about CMS Computing Operations, where 'staged' and 'acquired' are states in data management workflows (e.g., PhEDEx, Rucio, CRAB). The answer completely misinterprets this as a business/M&A question, providing irrelevant content about venture capital and corporate acquisitions. While it touches on the literal words 'staged' and 'acquired,' it entirely misses the CMS computing context, making it fundamentally off-topic. The specifics provided are detailed but entirely wrong for the domain, which is worse than honest vagueness as it could mislead an operator."
question_13,benchmarking-qwen27b-on-bare-llm-20260417_032032,glm-5.1,"The answer correctly identifies that DAS cannot find a block from run/lumi alone without a dataset name, which is crucial context. It explains the approach of querying files with run/lumi to trace back to blocks. However, the answer is truncated mid-command in Method 1, cutting off the actual usable DAS query syntax, and there's likely a Method 2 that's entirely missing. The conceptual guidance is sound, but the incomplete commands significantly reduce actionability."
question_43,benchmarking-qwen27b-on-bare-llm-20260417_032032,glm-5.1,"The question asks why overwrite is not enabled for tape transfers, likely in the CMS computing context. The answer provides a thorough, well-organized explanation covering multiple valid reasons (data safety, sequential access nature of tape, compliance/WORM requirements, media pool management, encryption concerns, versioning). However, it explicitly disclaims knowledge of the specific CMS platform and provides only general industry knowledge rather than CMS-specific information. The technical explanations about tape mechanics and WORM compliance are accurate and specific in a general sense, but lack CMS grounding. A CMS operator would gain conceptual understanding but would still need to investigate how these principles apply to their specific tape transfer infrastructure."
question_33,benchmarking-qwen27b-on-bare-llm-20260417_032032,glm-5.1,"The question asks about 'Production Output activity' in the context of CMS Computing Operations (CERN particle physics), which refers to Monte Carlo/data production workflows, Rucio rules for data placement, and storage at T1/T2 sites. The generated answer completely misidentifies the domain, interpreting this as an IBM mainframe/z/OS question about JCL and batch processing. While it attempts to address all three parts of the question, it does so in entirely the wrong technical context, making it fundamentally irrelevant to a CMS computing operator."
question_2,benchmarking-qwen27b-on-bare-llm-20260417_032032,glm-5.1,"The question asks for the specific CMS Tier-0 procedure to reprocess 5 runs with available streamer files. The answer provides a generic IT operations framework that could apply to any data pipeline, with no CMS-specific tools (Tier0Feeder, WMAgent), commands, or workflows mentioned. While it addresses the general topic of reprocessing, it completely misses the CMS-specific context critical for a Tier-0 operator to actually execute the task. The answer is honestly vague rather than fabricating specifics, but it offers little beyond common-sense operational hygiene that an experienced operator would already know."
question_34,benchmarking-qwen27b-on-bare-llm-20260417_032032,glm-5.1,"The answer directly addresses both parts of the question: what Rucio probes are and how they're used for monitoring. It thoughtfully clarifies that 'Rucio Probes' isn't a single tool but encompasses multiple monitoring mechanisms, then breaks them into three clear categories (Replica, Operational, Transfer) with monitoring usage explained for each. The answer provides specific technical details like storage element names (dCache, EOS, XRootD), Rucio states (AVAILABLE, UNAVAILABLE, Tainted), API endpoints, and integration with tools like Prometheus and PagerDuty. However, some specifics lack citations (e.g., 'Scatter' service isn't a standard Rucio component I can verify), and the answer is slightly truncated at the end. Overall, this is a substantive, well-organized response that would help a CMS operator understand the monitoring landscape."
question_15,benchmarking-qwen27b-on-bare-llm-20260417_032032,glm-5.1,"The question asks for the CLI command to view Rucio rule details, and the answer directly provides `rucio rule-info <rule-id>` as the primary command, which is correct and precisely addresses the question. The answer also includes helpful related commands for listing rules and finding rule IDs, plus output format flags. The core command is accurate and well-supported, though some flags like `--yaml` and `--verbose` may not be standard Rucio CLI options, introducing minor unsupported specifics. Overall, an operator could immediately use this answer to inspect their rule."
question_44,benchmarking-qwen27b-on-bare-llm-20260417_032032,glm-5.1,"The answer directly addresses the question about staging a single raw file from tape, providing a nuanced 'yes, but depends on how data was written' response. It covers multiple scenarios (managed systems, raw writes, archive containers) and constraints. However, it provides generic computing knowledge rather than CMS-specific guidance—it references IBM Spectrum Protect, AWS Glacier, and HPC centers like TACC/NERSC, none of which are the CMS computing environment (CERN uses CASTOR/EOS). The specifics given are plausible general knowledge but aren't grounded in CMS documentation or tool output, placing this in a mix of specific-but-generic and vague territory."
question_51,benchmarking-qwen27b-on-bare-llm-20260417_032032,glm-5.1,"The question asks for a specific URL and title for the wmagent training document. The answer correctly acknowledges the request but cannot provide either piece of information, instead explaining it lacks access to internal documents. This is honest vagueness rather than fabrication, which is preferable per the guidelines, but it still fails to deliver what was asked. The generic suggestions (check intranet, contact admin) offer minimal actionable guidance."
question_16,benchmarking-qwen27b-on-bare-llm-20260417_032032,glm-5.1,"The answer directly provides the correct DAS query format (file dataset=<path> run=<number>) for the specific run and dataset requested. It goes beyond the minimum by offering multiple ways to execute the query (web interface, direct link, curl command). A particularly valuable addition is the data consistency warning noting that 'IonPhysics16' typically refers to 2016 data while run 393974 is from the Run 3 era - this shows domain expertise and anticipates a likely problem. The web URLs may not be perfectly accurate (the traditional DAS interface is at cmsweb.cern.ch/das), which slightly reduces specificity confidence, but the core query syntax is correct."
question_17,benchmarking-qwen27b-on-bare-llm-20260417_032032,glm-5.1,"The question asks for the Rucio command to see the location of a block. The answer correctly identifies `rucio list-replicas` as the primary command, which is the right answer. However, it also includes several tangential commands (list-content, rule-list, show-rule, list-did) that don't directly show block locations. The answer is missing `rucio list-dataset-replicas`, which would show dataset/block-level locations at RSE granularity (more directly answering the question than the per-file list-replicas). The examples and output are illustrative but fabricated without citations, though they're clearly meant as examples rather than claimed real data."
question_52,benchmarking-qwen27b-on-bare-llm-20260417_032032,glm-5.1,"The question clearly refers to CMS data management in the CERN HEP context (given the domain of CMS Computing Operations), but the answer wastes significant space discussing US Healthcare CMS, which is irrelevant tangential content. The CERN CMS section provides a reasonable high-level overview of the X.509-to-OIDC transition but fails to specifically address 'data management' — it covers job submission and web services but doesn't mention key data management systems like Rucio, FTS, or storage element authentication. Specifics like VOMS, IAM, and WLCG are mentioned but without citations or references to official documentation, and no concrete operational details (commands, configurations, timelines) are provided. An operator would get a general picture but would need significant additional research to act on this information, especially regarding data management specifically."
question_53,benchmarking-qwen27b-on-bare-llm-20260417_032032,glm-5.1,"The question likely comes from a CMS computing operator asking about a specific CMS policy change regarding Monte Carlo data archival to CERN tape. The answer fails to address CMS specifically, instead giving generic HEP context covering multiple experiments. It provides specific dates (2012-2015) for physical tape shipping without any citations or sources, making these unsupported claims that could be fabricated. The answer also reinterprets 'sending to CERN tape' as physical tape shipping, when in CMS computing context this likely refers to uploading/archiving data to the CERN tape storage system — and tells the operator that practice is 'still ongoing,' which may contradict the question's premise. This could send an operator in the wrong direction."
question_35,benchmarking-qwen27b-on-bare-llm-20260417_032032,glm-5.1,"The question asks how to check file integrity, and the answer directly addresses this with multiple methods including cryptographic hashes, digital signatures, and version control systems. It provides specific, actionable commands for Windows (PowerShell, CertUtil), macOS/Linux (sha256sum, md5sum, openssl), Python code, and GPG verification. The answer is highly relevant, covers all practical approaches, and is rich in concrete commands and examples that an operator could execute immediately. There are no unsupported specific claims — all tools and commands mentioned are standard and well-documented."
question_3,benchmarking-qwen27b-on-bare-llm-20260417_032032,glm-5.1,"The answer directly addresses both parts of the question: how to extend quota in Rucio and whether there's a wiki/application page. It correctly clarifies no self-service page exists, provides the CLI command for those with admin privileges, gives a clear workflow, and offers documentation links. The specificity is strong with exact commands and example values, though some documentation URLs may not be precisely accurate (e.g., the WLCG quota-management GitLab page and exact twiki paths are hard to verify). The CLI commands appear grounded in real Rucio functionality. For helpfulness, an operator gets immediate actionable guidance: either use the CLI if authorized, or forward to the right team."
question_45,benchmarking-qwen27b-on-bare-llm-20260417_032032,glm-5.1,"The answer directly addresses the question about both Rucio accounts, providing clear functional descriptions for each. It explains that wma_prod handles data registration/declaration while wmcore_output manages replication, archival, and publishing. The workflow summary ties them together well. However, while the descriptions are specific and plausible for CMS computing, no sources or documentation are cited to support these claims, which slightly reduces the specificity score. The answer would be quite helpful to an operator trying to understand the role of each account."
question_18,benchmarking-qwen27b-on-bare-llm-20260417_032032,glm-5.1,"The answer directly addresses the question by providing the correct base command `rucio add-container`. However, it includes fabricated optional flags (--scope, --lifetime, --account, --comment) without any citations or evidence; in the actual Rucio CLI, `add-container` takes a DID (scope:name) as a positional argument rather than these flags. While relevant and complete, the presence of these unsupported specifics lowers the specificity score due to the critical guardrail against fabricated data. Helpfulness remains relatively high as the core command is correct and actionable."
question_19,benchmarking-qwen27b-on-bare-llm-20260417_032032,glm-5.1,"The question asks for a specific Rucio CLI command, and the answer directly provides `rucio add-rule` with its syntax, options, and examples. The command is correct and well-documented in Rucio. The answer goes beyond what was asked by including options and examples, which is helpful. The main caveat is that some RSE expressions use ATLAS-specific terminology (e.g., `model=ATLAS`, `tier=1`) rather than CMS-specific ones, and a couple of option flags may not be exact, but the core command and structure are accurate. No unsupported fabricated data like ticket numbers or dates—just standard CLI syntax."
question_20,benchmarking-qwen27b-on-bare-llm-20260417_032032,glm-5.1,"The answer attempts to address the Rucio CLI structure change but provides commands that appear to be fabricated or incorrect. The actual new Rucio CLI structure (for v30+) follows `rucio <object> <verb>` pattern (e.g., `rucio dataset add`, `rucio rule list`), not the `rucio <verb>-<noun>` pattern shown (e.g., `rucio add-dataset`, `rucio list-content`). These unsupported specifics without documentation references could mislead an operator. The migration examples also don't reflect the actual structural change. Per evaluation principles, unsupported specifics are worse than honest vagueness."
question_38,benchmarking-qwen27b-on-bare-llm-20260417_032032,glm-5.1,"The answer attempts both parts of the question but cannot provide the actual PnR-specific documentation requested. For the first part, it substitutes generic campaign manager responsibilities that aren't grounded in the PnR system. For the second part, it offers a plausible but unsupported explanation of `partial_copy` based on industry conventions, not the actual system behavior. The guidelines state that unsupported specifics should score lower than honest vagueness, and the hypothetical API example and use-case table are speculative. An operator would still need to find the real documentation themselves."
question_21,benchmarking-qwen27b-on-bare-llm-20260417_032032,glm-5.1,"The answer directly addresses the question about setting Rucio quotas and provides multiple methods (CLI, Python client). However, several specific commands appear to be fabricated or incorrect: the actual Rucio CLI command is 'rucio-admin account set-limits' not 'rucio account set-quota', RSEs are referred to by name (e.g., T2_CH_CERN) not URL endpoints, and the Python method 'set_account_rse_usage' is for usage, not quota limits. The correct Python method would be 'client.set_account_limit()'. Since unsupported incorrect specifics are worse than honest vagueness per the evaluation criteria, specificity and helpfulness must be penalized - an operator trying these commands would fail."
question_22,benchmarking-qwen27b-on-bare-llm-20260417_032032,glm-5.1,"The question asks about DAS (Data Aggregation System) in the CMS computing context, where 'block completion' refers to dataset blocks in the CMS data management system (phEDEx/Rucio). The generated answer completely misunderstands the context, interpreting 'DAS' and 'blocks' as Hadoop/HDFS concepts. It provides detailed HDFS commands that are entirely irrelevant to a CMS computing operator. The correct answer would involve using the DAS web interface, das_client CLI, or Rucio/phEDEx commands to query block-level transfer status for a dataset. This answer would actively mislead an operator into running HDFS commands that have nothing to do with CMS DAS."
question_46,compops-tools-fixed_gemma4-26b,glm-5.1,"The answer directly addresses the question about when T0_CH_CERN_Tape was disabled for production output, providing date ranges and error details. However, it presents specific dates (April 6-10, 2026) and an error message ('Unused hop in multi-hop') without any citations, tool output references, or documentation links to support these claims. Per the evaluation guardrails, unsupported specifics are worse than honest vagueness because they may be fabricated and mislead an operator. The answer does acknowledge it cannot confirm an explicit disabled date, which is honest, but the specific claims undermine trustworthiness."
question_1,compops-tools-fixed_gemma4-26b,glm-5.1,"The answer directly addresses the exit code 50513 question with relevant analysis of the provided log and structured troubleshooting steps. However, it references 'CMSPROD-364' and a correlation with '8001' errors without any provided source evidence—these are unsupported specifics that could mislead an operator. The practical steps (checking CMSSW release, inspecting PSetTweak.json, manual testing) are genuinely useful, but the fabricated ticket reference and speculative 8001 correlation drag down specificity and source faithfulness. An operator could make partial progress but might waste time chasing the CMSPROD-364 ticket or 8001 correlation."
question_23,compops-tools-fixed_gemma4-26b,glm-5.1,"The question asks how to find the full gridpack file path, and the answer directly addresses this by pointing to CMSSW configuration files, specifically the ExternalLHEProducer args parameter. It provides a concrete CVMFS path pattern and actionable steps. However, the answer references 'available documentation' without citing specific sources, and the path pattern, while appearing consistent with CMS conventions, is presented without explicit source backing. The answer is concise and on-topic without unnecessary padding."
question_39,compops-tools-fixed_gemma4-26b,glm-5.1,"The answer directly addresses the question about HLTSCOUT and L1SCOUT dataset policies, covering both permanent and secondary disk copy requirements for both datasets, which makes it relevant and fairly complete. However, it provides very specific details—exact Rucio subscription names, a precise date (August 29, 2025), and lifetime values—without citing any sources, documentation, or tool outputs to support them. Per the evaluation guardrails, unsupported specifics are scored lower than honest vagueness because they risk misleading operators with potentially fabricated data. This pulls specificity down significantly. Helpfulness is moderate since an operator could act on this if accurate, but would need to verify the unsupported claims first. Source faithfulness cannot be confirmed since no sources are referenced at all in the answer."
question_24,compops-tools-fixed_gemma4-26b,glm-5.1,"The question asks about the 'Winter 26' campaign status, but the answer searched for 'CMS Winter 2025' — a different campaign entirely. The answer then reports no results were found and lists generic categories of data that were present (infrastructure logs, job metadata), none of which answer the original question. While the answer is honestly vague rather than fabricating data, it fails to provide any useful information about the Winter 26 campaign status, doesn't suggest where to look, and made a fundamental error by searching for the wrong campaign name."
question_25,compops-tools-fixed_gemma4-26b,glm-5.1,"The question asks where to find full logs for a workflow, and the answer provides two specific locations with detailed paths and directory structures. The EOS path and directory organization (Express, PromptReco, Repack) are clearly explained, and the wmagentJob.log locations are given with specific file system paths based on job status. The answer includes an example path which adds clarity. The only minor gap is that other potential log sources (e.g., ReqMgr2, unified monitoring) aren't mentioned, and the archived jobs section is somewhat vague ('check the logDir folder'). Overall, this is a highly actionable, specific, and relevant answer."
question_26,compops-tools-fixed_gemma4-26b,glm-5.1,"The answer directly addresses the question by providing specific file paths for WMAgent configuration, secrets, and certificates. It is highly relevant and covers multiple aspects of config access (main config, secrets, certs, environment activation). However, the answer provides very specific details (exact file paths, symlink targets, component names) without citing any sources or referencing any tool output, which is a significant concern per the evaluation guardrails. If the information is accurate, it would be quite helpful to an operator, but the lack of source citations makes it impossible to verify these claims. Source faithfulness is difficult to assess without seeing the provided sources, but the absence of any source references alongside highly specific claims raises concerns."
question_47,compops-tools-fixed_gemma4-26b,glm-5.1,"The question asks for a specific data value (amount of data deleted in the 2025 deletion campaign). The generated answer is a non-response — 'No answer generated by the agent.' This provides zero information and does not address the question in any way. Per the evaluation principles, non-responses score 1 on all dimensions."
question_40,compops-tools-fixed_gemma4-26b,glm-5.1,"The answer directly and precisely addresses the MINIAOD policy change in 2025, covering the core shift (two permanent copies → one permanent + one temporary with 1-year lifetime), implementation details (new Rucio subscription MINIAOD_GLOBAL_PERMANENT), rationale (US site storage pressure), and a ticket reference (CMSTRANSF-1198). It is highly relevant and complete for a summary question. Specificity is strong with concrete details like the subscription name, lifetime duration, and ticket number, though these are presented without explicit source citations, which slightly tempers the score per the guardrail on unsupported specifics. Helpfulness is good — an operator would understand the policy change and key technical details from this. Source faithfulness cannot be fully verified without seeing the provided sources, but the answer is internally consistent and doesn't appear to contradict itself."
question_27,compops-tools-fixed_gemma4-26b,glm-5.1,"The answer directly addresses the Winter26 workflow issue and covers the primary error, affected sites, specific workflows, and investigation direction, making it relevant and fairly complete. However, the answer provides numerous highly specific claims (JIRA ticket CMSPROD-359, exact date of February 17, 2026, specific workflow names, root cause attribution to WMAgent pileup issues) without any cited sources, tool output, or documentation references to ground them. Per the evaluation guardrails, unsupported specifics are worse than honest vagueness because they may be fabricated and mislead an operator. The specificity score is therefore low despite the abundance of details, and this also impacts helpfulness — an operator could be sent chasing a wrong ticket number or incorrect root cause. Source faithfulness is low as no sources were provided to verify any of the extensive claims made."
question_48,compops-tools-fixed_gemma4-26b,glm-5.1,"The question asks for a specific link to the 'workflow updater doc.' The answer honestly states it could not find that specific document, which is better than fabricating a link. It provides two related alternatives with concrete URLs and asks for clarification to refine the search. While relevant and specific in what it offers, it cannot fulfill the core request. An operator would have leads but still needs to investigate further or provide more context."
question_41,compops-tools-fixed_gemma4-26b,glm-5.1,"The answer directly addresses the question, correctly interpreting 'trustpulists' as 'TrustPUSites' and providing a clear recommendation (True) for MinBias workflows. It cites a specific ticket (CMSPROD-225) and explains the operational consequence of setting the field incorrectly (workflows stuck in _assigned_ state), which grounds the recommendation in a real scenario. The specificity is strong with the ticket reference, the exact field value, and the explanation of MS-Pileup behavior, though I'm giving slight caution on source faithfulness since I cannot fully verify all claims map precisely to the cited source."
question_42,compops-tools-fixed_gemma4-26b,glm-5.1,"The question asks for the location of the Unified source code, and the answer provides the exact CERN GitLab URL. It directly addresses the question, is complete, highly specific (providing both the URL and a specific Python file example within the repo), and would be immediately helpful for an operator looking to access the code. The reference to documentation and JIRA tickets suggests the claim is grounded in retrieved context, warranting a high score for source faithfulness."
question_4,compops-tools-fixed_gemma4-26b,glm-5.1,"The answer directly addresses both parts of the user's question by explaining who sets the MergedLFNBase (Submitter at creation, Assignor/Unified at assignment) and how it is correctly set based on data type (MC, Real Data, StoreResults). It explicitly ties this back to the CMSPROD-368 ticket by explaining the resolution of the specific workflow mentioned in the ticket. The answer is rich in concrete details (specific LFN paths, system names like McM/Unified, the exact workflow name, and the workflow status), though it lacks explicit inline citations to the JIRA ticket, which slightly impacts the specificity score regarding source grounding. Overall, it provides a clear, actionable explanation that would fully resolve an operator's confusion."
question_6,compops-tools-fixed_gemma4-26b,glm-5.1,"The answer directly addresses both CMSDM and CMSTRANSF for 2025 with well-organized categories, earning high relevance and completeness scores. However, the specificity score is significantly penalized because the answer provides extremely precise numbers (e.g., 815,179 completed transfers, 375,615 failed deletions, 401,938 not-found events) with zero supporting evidence—no citations, no tool output references, no documentation links. Per the evaluation guardrail, unsupported specifics are worse than honest vagueness because they may be fabricated and mislead an operator. The helpfulness is moderate: the structural framework and identification of areas like deletion friction are useful starting points, but an operator cannot trust any of the specific numbers without verification, requiring them to redo the analysis themselves."
question_7,compops-tools-fixed_gemma4-26b,glm-5.1,"The answer attempts to explain the code logic but contains significant issues. First, it misinterprets 'AAA' - in CMS computing, AAA stands for 'Any data, Anytime, Anywhere' (remote data access via XRootD), not 'Authentication, Authorization, and Auditing.' This is a critical error that would mislead an operator. Second, it references 'ticket_CMSPROD-359' without any cited source, which appears to be a fabricated ticket number - exactly the kind of unsupported specific claim the guidelines warn against. Third, there's a typo in the breakdown ('PhSDExNodeNames' instead of 'PhEDExNodeNames'). The answer is relevant to the question and covers both parts of the conditional, but the incorrect AAA definition and fabricated ticket reference significantly undermine its quality."
question_5,compops-tools-fixed_gemma4-26b,glm-5.1,"The answer attempts to provide rucio commands for the operations in the JIRA ticket, but the command syntax appears problematic. The first command uses '-v1/GEN-SIM-V1' as if it were a flag rather than a DID, which is incorrect rucio syntax. The 'Summary' section shows '-v1/GEN-SIM-V1' as a 'Target Dataset (Parent)' which looks like a truncated DID. The distinction between the two detach operations is unclear and the commands would likely fail if executed. Since the answer provides very specific but apparently incorrect/unverified details without citing actual ticket content, this falls into the 'unsupported specifics worse than honest vagueness' guardrail."
question_8,compops-tools-fixed_gemma4-26b,glm-5.1,"The answer directly and precisely addresses the question by listing specific open tickets related to the decommissioning of Russian T2 sites (T2_RU_IHEP and T2_RU_ITEP). It provides highly concrete, actionable details, including exact ticket numbers (CMSTRANSF-1333, CMSTRANSF-1334, CMSTRANSF-1006) and the status/context of those tickets. An operator could immediately look up these tickets, making the response very helpful. Source faithfulness is inferred to be high as the specific ticket numbers and context indicate direct retrieval from a ticketing system."
question_9,compops-tools-fixed_gemma4-26b,glm-5.1,"The question asks about the most repeated topics in CMSTRANSF tickets from CMSTRANSF-1059 to CMSTRANSF-1400, but the generated answer discusses the decommissioning of a site named 'T4', which is completely unrelated to the question asked. The answer appears to be responding to an entirely different query that was never posed. This is a complete failure to address the user's actual question."
question_28,compops-tools-fixed_gemma4-26b,glm-5.1,"The question asks about the PnR policy regarding operations and addressing requests by different parties. The answer covers operators' monitoring role and sites' file invalidation requests reasonably well, but it has gaps: it doesn't clearly identify all parties who might submit requests (e.g., physics groups, data operations teams), doesn't detail how different types of requests are prioritized or handled beyond file invalidation, and uses vague language like 'proposed/ongoing technical goal' without clear source grounding. The specificity is mixed—tool names like PnR Dashboard and Rucio are helpful, but step-by-step procedures and policy details are lacking, making this only a starting point for an operator."
question_10,compops-tools-fixed_gemma4-26b,glm-5.1,"The answer directly addresses how to create a new Tier0 release with a structured, step-by-step process, earning high relevance and completeness scores. However, the answer provides many specific details (VM name 'vocms055', e-group 'cms-comp-devs', branch 'comp_gcc630', file 't0.spec') without citing any sources or showing tool output to support these claims. Per the critical guardrail, unsupported specifics are worse than honest vagueness as they may be fabricated and mislead operators. This significantly reduces specificity and source faithfulness scores. Helpfulness is moderate - an operator could start the process but would need to verify many unsupported details before acting on them."
question_49,compops-tools-fixed_gemma4-26b,glm-5.1,"The question asks for a specific date when wma_prod copies were reduced from 2 to 1. The answer honestly acknowledges that no single explicit date is documented, then provides a detailed timeline with specific ticket references (CMSTRANSF-266, CMSTRANSF-717, CMSTRANSF-1080) tracing the evolution from 2-copy to 1-copy rules. This is relevant and specific, with concrete ticket numbers and dates grounding the claims. The answer is helpful as it gives an operator the closest available information and actionable ticket references to investigate further, even though it can't provide the exact switch-over date the questioner sought."
question_50,compops-tools-fixed_gemma4-26b,glm-5.1,"The question specifically asks for a date ('When') regarding an FTS feature. The answer honestly states that no specific date is mentioned in the documentation, avoiding the fabrication of unsupported data. It then clarifies the likely feature name ('overwrite-when-only-on-disk') and provides specific, actionable configuration steps. While it misses the exact timeline requested, the additional context is highly relevant and useful for an operator trying to understand or enable the feature. Source faithfulness is high as it accurately reflects the lack of date information and provides supported configuration details."
question_11,compops-tools-fixed_gemma4-26b,glm-5.1,"The answer directly addresses the deployment process for a Tier 0 replay with a logical, step-by-step structure. It covers the full operational lifecycle: configuration, deployment, starting, automation, and stopping, making it highly complete. The response is rich in specific, actionable details such as file paths (/data/tier0/admin), script names (00_deploy_replay.sh, 00_stop_agent.sh), and HTCondor commands (condor_rm -all), which allows an operator to act immediately. While the answer references 'official documentation' without providing the text to verify against, the specific technical details align with standard CMS Tier-0 operational knowledge and show no internal contradictions, suggesting high faithfulness to the source material."
question_29,compops-tools-fixed_gemma4-26b,glm-5.1,"The question asks specifically WHERE to check site readiness and downtime status referenced by production tickets. The answer discusses FTS metrics, Rucio metrics, and RSE availability flags conceptually, but fails to provide actual locations—no dashboard URLs, no tool navigation paths, no specific monitoring interfaces. The commissioning section (Section 3) is off-topic padding that doesn't address the question. The 'referenced by production tickets' aspect is never addressed—there's no explanation of how to correlate ticket references with status checks. While some specific details like flag names (skip_site_availability_update) and ticket numbers are given, the core 'where' question remains unanswered, leaving an operator without actionable next steps."
question_30,compops-tools-fixed_gemma4-26b,glm-5.1,"The question asks about specific conditions under which a rule remains in replicating state for over two weeks without transitioning to stuck state. The generated answer provides no content at all - it is a complete non-response. Per the evaluation principles, non-responses (empty answers, refusals with no guidance) score 1 on all dimensions."
question_31,compops-tools-fixed_gemma4-26b,glm-5.1,"The question asks about the differences between three types of HTCondor schedds in CMS computing. The answer directly addresses each schedd type, explaining their roles: crabschedd for CRAB analysis jobs, prodschedd for production workflows via WMAgent, and tier0schedd for Tier-0 CERN operations including Express/Repack. The answer is well-structured and covers all three items with meaningful distinctions about workload type and infrastructure tier. Specificity is decent with tool names (WMAgent, WMStats), hostgroup references, and workflow types mentioned, though some details like the hostgroup path lack explicit source citation. For source faithfulness, the answer references documentation but I cannot verify exact alignment since sources aren't provided; the claims appear internally consistent and reasonable for CMS computing context."
question_12,compops-tools-fixed_gemma4-26b,glm-5.1,"The question asks specifically HOW to create rules using local account quota at T2_CH_CERN, but the answer never provides the actual Rucio commands or concrete procedure for rule creation. Instead, it focuses on authorization prerequisites (e-groups) and general quota management concepts. Specific claims like the e-group name 'cms-CH_CERN-local' are made without any cited sources, and the answer references 'documented procedures' without actually citing them. An operator would still not know how to actually create a rule with local account quota after reading this."
question_32,compops-tools-fixed_gemma4-26b,glm-5.1,"The question asks about two things: (1) who/how controls the staged→acquired transition in Rucio, and (2) how it can fail. The answer directly addresses both parts, covering Rucio daemons, FTS transfer events, and DBS synchronization for the first part, and race conditions, file mismatches, FTS errors, and broken scripts for the second. However, specificity is mixed — JIRA ticket numbers (CMSTRANSF-862, CMSTRANSF-608) are cited as if from sources, but without visible source material to verify these claims, they risk being unsupported specifics per the guardrail. The daemon discussion is somewhat vague (no specific daemon names given). Source faithfulness is uncertain since no sources are provided for evaluation; the answer references tickets and documentation but these cannot be verified."
question_13,compops-tools-fixed_gemma4-26b,glm-5.1,"The answer provides a reasonable workflow to go from a LumiList to a block name using DAS queries, using the specific run number (398420) from the question in its examples. However, it makes an unsupported claim that you 'cannot go directly from a LumiList to a block name,' which isn't entirely accurate — the provided examples show queries like `file dataset=... run=... lumi=...` and `block dataset=... run=...` that could filter more directly. The answer also assumes the user doesn't know their dataset name, when typically a LumiList comes from a known dataset context. The specificity of commands is good but the overall approach has gaps."
question_43,compops-tools-fixed_gemma4-26b,glm-5.1,"The answer directly addresses why overwrite is not enabled for tape transfers, covering multiple technical reasons (data corruption/stuck rules, workflow complexity, error cascades). It provides specific details like error messages and site names, but claims to be 'Based on internal documentation and JIRA tickets' without actually citing any specific sources, making these specifics potentially unsupported. This creates a source faithfulness issue where specific claims (e.g., '50,000 failures per hour', specific sites, specific error categories) lack verifiable citations."
question_14,compops-tools-fixed_gemma4-26b,glm-5.1,"The question asks specifically how to get lumi ranges in the listed files. The answer provides three methods, but none are the most direct and correct CMS approach: using 'dasgoclient -query ""lumi file=<filename>""' or 'edmLumisInFile.py'. The OMS API method gives run-level totals, not file-level lumi ranges (which the answer admits). The DAS query suggested doesn't actually return lumi ranges per file as claimed. The ROOT inspection code uses a generic 'tree' name that won't work for CMS RAW files (which use 'Events'). An operator would be sent down unproductive paths."
question_33,compops-tools-fixed_gemma4-26b,glm-5.1,"The answer directly and thoroughly addresses all three parts of the question: describing Production Output, explaining rule creation mechanisms, and specifying output destinations (disk/tape). It provides concrete, actionable details such as the MSOutput microservice name, specific attributes (dm_weight, dm_weight_coefficient), configuration references (WmAgentScripts/Unified), and duration details (~one month for disk rules). The JIRA ticket reference is vague (no specific ticket cited), but the technical specifics appear well-grounded. An operator could use this information to understand and interact with the Production Output system effectively."
question_2,compops-tools-fixed_gemma4-26b,glm-5.1,"The answer directly addresses the T0 operator's question about reprocessing runs with available streamer files, providing a structured 4-step procedure (Replay VM selection, configuration, execution, monitoring). However, it falls short on the most critical specifics: it references a tutorial (helloReplay.md) and config file path but doesn't provide the actual commands or injection procedure needed to execute the replay. Some details like VM names and ticket references appear without source citations, which raises concerns about unsupported specifics per the evaluation guardrails. An operator would get a conceptual framework but still need significant investigation to actually perform the reprocessing."
question_34,compops-tools-fixed_gemma4-26b,glm-5.1,"The answer directly addresses both parts of the question: what rucio probes are (automated Python scripts for health checks) and how they're used for monitoring (Prometheus/Grafana for metrics, Nagios for alerting). It provides specific technical details like directory location, Jobber as the execution engine, and the dual monitoring approach. However, no sources or citations are provided to support these specific claims, which creates uncertainty about whether details like the 'rucio/probes/' directory or 'Jobber' daemon are accurate or fabricated. The answer is internally coherent and would give an operator a clear conceptual understanding of the monitoring architecture."
question_15,compops-tools-fixed_gemma4-26b,glm-5.1,"The question asks for the CLI command to see more details about a Rucio rule, and the answer directly provides the correct command (`rucio rule-info <rule_id>`) along with useful context about what it returns and related commands for finding rule IDs. The answer is concise, accurate, and actionable — an operator could immediately use it. No sources were referenced, so there is nothing to misrepresent; the command syntax is standard Rucio CLI knowledge, not fabricated data like invented ticket numbers."
question_44,compops-tools-fixed_gemma4-26b,glm-5.1,"The answer directly addresses the question by confirming it's possible and explaining the Rucio-based mechanism, earning high relevance. Completeness is good but misses providing the actual Rucio command syntax for creating a rule on a single file. Specificity is mixed: it cites concrete details like rule IDs and ticket numbers from sources, but the procedural steps are generic ('create or modify a Rucio rule') without giving the actual command. Helpfulness is moderate—an operator knows the approach but must independently research the exact rucio command syntax. Source faithfulness is mixed because the answer honestly notes documentation limitations but the 'how it's done' steps appear to be inferred knowledge rather than directly sourced content."
question_51,compops-tools-fixed_gemma4-26b,glm-5.1,"The question specifically asks for a 'wmagent training document' but the answer provides a link to 'WMAgent monitoring documentation.' Training and monitoring are different purposes, so this is a significant mismatch. While the answer does provide the exact format requested (URL + short title), it answers with the wrong type of document. An operator looking for training materials would be directed to monitoring documentation instead, which doesn't serve their need. Without seeing the sources, I cannot verify if a training document link existed and was ignored, or if this monitoring link was misidentified as training."
question_16,compops-tools-fixed_gemma4-26b,glm-5.1,"The question asks for a DAS query for a specific run and dataset path. The answer directly provides the exact command `das 'run=393974 dataset=/IonPhysics16/pORun2025-v1/RAW'` with correct syntax, plus useful variations for filtering file types and handling version changes. The answer is concrete and immediately actionable. No retrieved sources were provided, so source faithfulness is assessed as neutral — the claims are standard DAS tool knowledge rather than fabricated specifics like ticket numbers or dates."
question_17,compops-tools-fixed_gemma4-26b,glm-5.1,"The user asked for the specific `rucio` command to see the location of a block, but the generated answer discusses Monte Carlo production, workflows, and FTS transfers without mentioning Rucio or providing any command. Therefore, the answer is completely irrelevant to the question, lacks any actionable specifics, and would be entirely unhelpful to an operator. Since it fails to answer the prompt and talks about unrelated topics, it scores the lowest possible marks across all dimensions."
question_52,compops-tools-fixed_gemma4-26b,glm-5.1,"The answer directly addresses the question about the status of the X.509 to OIDC transition, providing the current state (reversion to X.509), the reason (IAM issuer changes), affected systems (Rucio), and documentation location. However, the specificity dimension requires careful scrutiny: the answer cites a specific JIRA ticket number (CMSTRANSF-841) and date (March 5, 2024) without showing any retrieved source content or tool output that supports these claims. Per the evaluation guardrails, unsupported specific claims are worse than honest vagueness. Without visible sources to verify against, the ticket number could be fabricated, which is concerning. Source faithfulness is also difficult to assess since no sources are shown, but the answer makes very specific claims that cannot be verified."
question_53,compops-tools-fixed_gemma4-26b,glm-5.1,"The question asks 'when did we stop sending Monte Carlo data to CERN tape,' assuming this has happened. The answer challenges this premise by claiming MC data is still being sent, citing ~82,382 transfers in the last 24 hours. However, the answer only checked the last 24 hours and doesn't investigate whether a partial stop or policy change occurred historically, leaving the 'when' aspect unaddressed. The specific transfer count is unsupported — no actual tool output, citations, or documentation is provided to verify this claim, which the guardrails flag as problematic. The answer gives an operator a starting point (questioning the premise) but requires significant follow-up to determine if a specific subset or policy change exists."
question_35,compops-tools-fixed_gemma4-26b,glm-5.1,"The answer directly addresses file integrity checking with multiple approaches: checksum verification, deep decompression scans, and an automated tool. It provides concrete, actionable commands (gfal-copy, gfal-sum, rucio) and detailed documentation of run_check.py with arguments and examples. The content is specific and practical for CMS operators. Source faithfulness is assessed at 4 because while the tools and commands mentioned (gfal-copy, rucio, run_check.py, uprover) appear to be legitimate CMS computing tools, no explicit source citations are provided to verify all claims."
question_36,compops-tools-fixed_gemma4-26b,glm-5.1,"The answer directly and precisely addresses the question by providing three specific reasons why a Rucio rule may get stuck in the INJECT state. It is highly complete, covering multiple potential causes, and offers concrete, actionable details such as the specific error name (ReplicationRuleCreationTemporaryFailed) and the exact condition (stalling during deletion of a previous rule for the same dataset). The inclusion of a specific JIRA ticket provides grounding for these claims, making the answer highly specific and helpful for an operator investigating the issue. Source faithfulness is assumed high as the answer explicitly ties its claims to the cited documentation."
question_3,compops-tools-fixed_gemma4-26b,glm-5.1,"The answer provides a specific URL for site capacity management and acknowledges the distinction between site capacity and user quotas. However, the question specifically asks about extending a USER quota, and while the answer gives the site capacity tool, it doesn't fully resolve how to extend individual user quotas—it only warns that DM has been cautious about granting them. The JIRA ticket references (CMSDM-44, CMSTRANSF-946) are specific claims without direct citations or quotes, which the guardrail penalizes. The answer is partially helpful but leaves the operator needing significant additional investigation to actually solve the user quota request."
question_45,compops-tools-fixed_gemma4-26b,glm-5.1,"The question asks specifically about the primary uses of two Rucio accounts. The answer directly addresses both accounts with clear, detailed explanations of their functions. For wma_prod, it explains WMAgent's role in central production, block locking, temporary rules, and MSRuleCleaner cleanup. For wmcore_output, it explains MSOutput's role in managing disk rules for certain data tiers with one-month duration. The answer is highly specific with concrete details like microservice names and rule lifetimes. Source faithfulness is scored slightly lower only because the answer references 'available documentation' but the specific source content isn't visible to verify exact claims against."
question_37,compops-tools-fixed_gemma4-26b,glm-5.1,"The answer directly addresses both parts of the question: explaining how MSUnmerged works and identifying open issues. It provides specific technical details like the `/store/unmerged` area, WMStatsServer integration with `t0_reqmon`, and ticket CMSTZ-972 for the protectedLFNs interface. However, the explanation of how MSUnmerged works is somewhat limited (acknowledging the documentation primarily focuses on broader context), and it's unclear if CMSTZ-972 is still open or resolved. The specificity is good with concrete ticket numbers and component names, though the answer lacks explicit source citations for verification."
question_18,compops-tools-fixed_gemma4-26b,glm-5.1,"The question asks for the Rucio command to create a container. The answer provides `rucio container-create`, which appears to be fabricated or inferred incorrectly from the `create_cnt` event type mentioned in monitoring documentation. The actual Rucio CLI command is `rucio add-container`. The answer provides an incorrect specific command, which is worse than honest vagueness as it would cause an operator's command to fail. The extra context about event types (`create_cnt`, `create_dts`) is tangential to what was asked."
question_19,compops-tools-fixed_gemma4-26b,glm-5.1,"The answer directly addresses the question by providing the `rucio add-rule` command, but admits that the retrieved sources focus on listing/inspecting rules rather than creating them. This means the core command syntax and parameter details are unsupported by the provided sources — the syntax shown (`--container`, `--rse` as flags) may not be accurate, as the actual rucio add-rule command uses positional arguments (DID, copies, RSE expression). The related commands section is tangential to the question. Per the guardrails, unsupported specifics score lower than honest vagueness."
question_20,compops-tools-fixed_gemma4-26b,glm-5.1,"The question asks about Rucio CLI command changes for version 38, seeking the new compatible command structure. The answer directly addresses this by explaining the shift from 'rucio <action>-<object>' to 'rucio <object> <action>' and provides a concrete example transformation (list-file-replicas → replica list file). It's relevant and gives an actionable pattern, though the question didn't specify which exact command they needed. The answer provides specific details but references 'available documentation and recent Rucio ticket updates' without citing specific sources, which is a minor concern per the guardrails about unsupported specifics. However, the transformation pattern appears factual and grounded in real Rucio CLI changes."
question_38,compops-tools-fixed_gemma4-26b,glm-5.1,"The answer directly addresses both parts of the question (PnR Campaign Manager responsibilities and the partial_copy parameter), making it highly relevant and reasonably complete. However, the answer cites specific JIRA ticket numbers (PRCAMPAIGNS-356, PRCAMPAIGNS-480, PRCAMPAIGNS-112, PRCAMPAIGNS-5) and specific parameter values (0.95) without providing any tool output, source excerpts, or documentation links to support these claims. Per the evaluation guardrails, unsupported specifics are worse than honest vagueness because they could be fabricated and mislead an operator. This significantly impacts specificity and source faithfulness. The general explanation of partial_copy and the listed responsibilities are plausible and could give an operator a starting point, but the unsupported ticket references undermine trust."
question_21,compops-tools-fixed_gemma4-26b,glm-5.1,"The answer is highly relevant to the topic of Rucio quotas but fails to provide the core information requested: the command to set a quota. It admits that the exact command to set a per-RSE quota is not detailed, which makes it incomplete and only minimally helpful for an operator trying to perform the action. It provides specific commands for viewing quotas and global config, but the reference to a specific JIRA ticket (CMSTRANSF-894) appears to be an unsupported specific claim without a cited source. The answer is faithful to its own admission of lacking the specific command in its sources, though the JIRA ticket claim is unsubstantiated."
question_22,compops-tools-fixed_gemma4-26b,glm-5.1,"The answer directly addresses the question about checking incomplete blocks in DAS, providing multiple approaches (Rucio commands, DAS web interface, cross-referencing). However, there are significant specificity concerns: the command `rucio list-dataset` is not the standard Rucio command for listing blocks in a dataset (that would be `rucio list-content`), and `rucio dataset-examine` is also questionable as a standard command. The JIRA ticket reference `CMSTRANSF-341` is presented without any citation or source, making it an unsupported specific claim that could be fabricated. The general approach of using Rucio to check block availability and the tape vs. disk distinction are helpful and accurate, but the incorrect command details could mislead an operator."
question_46,optimized-tools_compops-gemma4-26b,glm-5.1,"The question asks for a specific date when T0_CH_CERN_Tape was disabled. The answer directly addresses this, providing a timeframe (around November 2023), a JIRA ticket reference (CMSTRANSF-773), the configuration change involved (`wmcore_output_tape` set to `False`), and the context (HI run resource management). The answer is honest about the limitation that an exact disablement date isn't explicitly timestamped, which is better than fabricating a specific date. The JIRA ticket citation and configuration attribute details give an operator actionable follow-up steps. Source faithfulness is hard to fully verify without seeing the actual sources, but the answer attributes its claims to specific references and acknowledges uncertainty rather than inventing unsupported specifics."
question_1,optimized-tools_compops-gemma4-26b,glm-5.1,"The answer addresses the 50513 exit code and correctly identifies it as a PreScriptFailure, providing a structured troubleshooting approach. However, it misinterprets the log — the visible steps (edm_pset_pickler.py, cmssw_handle_condor_status_service.py, edm_pset_tweak.py) all appear to complete successfully, and the actual failure point isn't clearly shown in the provided log. The answer includes an unsupported specific claim referencing 'CMSPROD-10' with no citation, which could mislead operators. The troubleshooting steps are largely generic ('check CVMFS path,' 'inspect PSet.py') without concrete commands or tools. The multi-site observation correctly pointing to a global issue is the most useful insight."
question_23,optimized-tools_compops-gemma4-26b,glm-5.1,"The answer directly addresses the question by providing two concrete methods for finding a gridpack file path: checking the wmagentJob.log for PFNs and searching CVMFS paths. It offers highly specific, actionable details, including exact directory patterns and realistic examples of both log entries and CVMFS paths. A CMS computing operator could easily follow these instructions, making the answer very helpful. Since no sources were provided in the prompt, source faithfulness is evaluated based on the internal consistency and standard CMS terminology used, which appears accurate."
question_39,optimized-tools_compops-gemma4-26b,glm-5.1,"The answer directly addresses both L1SCOUT and HLTSCOUT dataset policies as asked, staying on-topic throughout. For L1SCOUT, it provides concrete details about the proposed MiniAOD-like policy (2 replicas on disk at random sites excluding CERN). For HLTSCOUT, it honestly notes the lack of a specific entry and provides the related Phase-2 HLT policy (6-month disk lock). The answer includes actionable specifics like replica counts and time durations, though some are qualified as 'proposed' rather than confirmed current policy. The HLTSCOUT information is inferred from related datasets, which is a minor completeness gap. An operator could use this information to understand current approaches and follow up on implementation status."
question_24,optimized-tools_compops-gemma4-26b,glm-5.1,"The answer directly addresses the question about the Winter 26 campaign status by explaining it could not find any information. It provides specific details about what systems were searched (HTCondor job history for 7 days, documentation/JIRA archives) and mentions related older campaigns found (Winter 21, Winter 20), which adds useful context. The answer is honestly vague about the status itself because no data exists, which is preferable to fabricating details. It provides actionable guidance to the operator to verify the campaign name or check if it's been initialized in CMS production systems."
question_25,optimized-tools_compops-gemma4-26b,glm-5.1,"The answer directly addresses where to find full workflow logs, providing two specific locations with concrete paths, URLs, and organizational details. It covers both EOS production logs and WMAgent job logs with state-dependent paths, making it actionable for an operator. The specificity is strong with exact URLs and file paths, though source citations are not explicitly provided. Without access to the original sources, I assess source faithfulness as reasonably high since the details align with standard CMS computing conventions."
question_26,optimized-tools_compops-gemma4-26b,glm-5.1,"The question asks how to access wmagent config, and the answer directly provides the main config file path (/data/tier0/srv/wmagent/current/config/tier0/config.py), secrets/certificates locations, and environment setup commands. It covers all practical aspects an operator would need—where the config is, related sensitive files, and how to activate the environment. The specifics are highly concrete with exact paths, symlink targets, and file names. However, source faithfulness is uncertain since no sources were provided or cited; the answer relies on domain knowledge without explicit source references, so I cannot verify faithfulness but also see no contradictions."
question_47,optimized-tools_compops-gemma4-26b,glm-5.1,"The answer directly addresses the question by providing a specific data volume (15.65 PB) for the 2025 deletion campaign, making it highly relevant. However, the specificity is concerning: this is a precise numerical claim with no cited source, tool output, or documentation reference, which falls squarely into the 'unsupported specifics' category that should score lower than honest vagueness per the evaluation guidelines. The completeness has a minor gap — the qualifier 'over the last 90 days' suggests this may only be a partial view of the campaign rather than the full campaign total. Helpfulness is moderate: an operator gets a figure but cannot verify it without knowing where it came from."
question_40,optimized-tools_compops-gemma4-26b,glm-5.1,"The answer directly and precisely addresses the question about the 2025 MINIAOD policy change, covering what changed (1 permanent + 1 timed copy vs. 2 permanent copies), how it was implemented (new subscription, rule modifications, site selection), and why (storage pressure). It provides specific, actionable details including ticket numbers (CMSTRANSF-1172, CMSTRANSF-1198, CMSTRANSF-1177, CMSTRANSF-602), subscription names (MINIAOD_GLOBAL_PERMANENT), RSE expressions (keep_miniaod=True), and the 1-year lifetime value. These specifics appear grounded and internally consistent, and a CMS operator could act on this information immediately. Source faithfulness is moderately high given the answer's internal consistency and citation of specific tickets, though without the actual sources to verify, a perfect score isn't warranted."
question_27,optimized-tools_compops-gemma4-26b,glm-5.1,"The answer directly addresses the question about the Winter26 workflows by summarizing the problem, scope, and diagnosis, making it highly relevant and complete. However, it provides highly specific details (JIRA tickets, dates, workflow names) without any cited sources, links, or tool outputs to support them. Per the guardrails, unsupported specifics are worse than honest vagueness as they may be fabricated and mislead an operator, severely hurting specificity and helpfulfulness. Without sources to verify, the answer cannot be considered source-faithful."
question_48,optimized-tools_compops-gemma4-26b,glm-5.1,"The question asks for a specific link to a document. The answer directly addresses the request by explaining it couldn't find the document, which is relevant but doesn't fulfill the core ask. The answer is honestly vague rather than inventing a link, which is better than fabricating specifics. However, an operator cannot make progress on their task with this response alone. The answer appears faithful to its sources by accurately reporting what was and wasn't found."
question_41,optimized-tools_compops-gemma4-26b,glm-5.1,"The answer directly addresses the question by correctly inferring that 'trustpulists' is a typo for 'TrustPUSites' and provides the specific value (False) often used for MinBias workflows, citing a JIRA ticket as evidence. It is highly relevant and provides concrete, actionable details, though it relies on a single JIRA ticket which may not represent a universal rule. Source faithfulness appears strong as the answer explicitly ties its claims to the cited ticket, though the generalization to 'often set to' is a minor extrapolation from a specific ticket."
question_42,optimized-tools_compops-gemma4-26b,glm-5.1,"The answer directly addresses the user's question by stating it could not find the 'Unified' source code, which is relevant but incomplete. It provides specific URLs for other CMS CompOps repositories (WMCore, WmAgentScripts), but these do not answer the actual question. While the honest admission of not finding the repository prevents hallucination, the answer ultimately fails to help the operator locate the requested source code, making it only minimally useful. Assuming the answer accurately reflects that the sources lacked information on 'Unified', it is reasonably faithful."
question_4,optimized-tools_compops-gemma4-26b,glm-5.1,"The answer directly addresses both parts of the question: who sets MergedLFNBase (McM/PdmV at submission, Unified/Assignor at assignment) and how it's correctly set (specific values for MC, data, StoreResults). It also contextualizes this within the CMSPROD-368 ticket, explaining the apparent issue was a misunderstanding of workflow state. The answer is rich in specific details like exact LFN paths, output tiers, and workflow statuses, though it lacks explicit citations to ticket contents or tool output. An operator would find this immediately actionable for understanding the system behavior."
question_6,optimized-tools_compops-gemma4-26b,glm-5.1,"The answer directly addresses the request for a 2025 summary of CMSDM and CMSTRANSF activities, covering both areas thoroughly, which makes it highly relevant and complete. However, it includes extremely specific data values (e.g., '43 million events', '3.1 billion jobs') without providing any citations, sources, or tool outputs to support them. Following the strict guardrail against unsupported specifics, the specificity score must be low, as these unverified numbers are worse than honest vagueness and could be fabricated. Consequently, the helpfulness is severely diminished, as an operator relying on these unverified figures for an annual summary could be actively misled."
question_7,optimized-tools_compops-gemma4-26b,glm-5.1,"The answer attempts to explain the code line but contains a significant factual error: it claims 'useAAA' refers to 'Authentication, Authorization, and Auditing' when in CMS computing context, AAA stands for 'Any data, Anywhere, Anytime' — the xrootd-based data access mechanism. This incorrect interpretation fundamentally misrepresents what the code does. The code checks if data is available at the node via PhEDEx OR if AAA (remote xrootd access) can be used as a fallback. Additionally, the cited ticket references (CMSPROD-359, with a typo 'CMSPROD-35 $59') appear potentially fabricated, and the KeyError discussion was not asked for. The incorrect specifics about AAA are worse than honest vagueness per evaluation guidelines."
question_5,optimized-tools_compops-gemma4-26b,glm-5.1,"The answer directly addresses the question by providing a Rucio command for the operations in the JIRA ticket, which makes it relevant. However, it has significant issues: the `rucio detach` command requires two arguments (parent DID and child DID), but the answer only provides one, making the command syntactically incomplete and unusable as written. Additionally, the answer acknowledges that the DID was detached from both a dataset and a container but only shows one command, missing the second detach operation. The specific DID details appear to be drawn from the ticket content, which supports source faithfulness, but the incorrect command syntax reduces helpfulness significantly."
question_8,optimized-tools_compops-gemma4-26b,glm-5.1,"The answer directly and precisely addresses the user's question about open tickets for the decommissioning of Russian T2s, identifying specific tickets and their purposes, which makes it highly relevant and complete. However, it provides specific ticket numbers and claims about their contents without any explicit citations, tool output references, or documentation links, which strictly violates the specificity guardrail against unsupported specifics (warranting a score of 2). Helpfulness remains high because an operator could immediately look up those ticket names/numbers to make progress, assuming they are valid. Source faithfulness is scored assuming standard retrieval consistency since no contradictory sources were provided."
question_9,optimized-tools_compops-gemma4-26b,glm-5.1,"The question asks for the most repeated topics in CMSTRANSF tickets 1059-1400. The answer honestly admits it cannot provide this information because most ticket files were not found. It mentions finding CMSTRANSF-1204 in range and two tickets slightly outside the range, but notably doesn't even state what topics those tickets cover. While the answer is relevant and faithful to its limitations, it fails to provide the core information requested (repeated topics), offers no topic data even for the ticket it found, and gives the operator minimal actionable content."
question_28,optimized-tools_compops-gemma4-26b,glm-5.1,"The answer directly addresses the question by breaking down the PnR policy into monitoring operations, handling data requests, and site-level interactions, effectively covering the 'different parties' aspect. It provides specific, actionable details such as using CRAB tasks for AOD recalls, Rucio rule flags, and site config updates for invalidations, which makes it highly helpful for an operator. Without access to the retrieved sources, the answer appears internally consistent and explicitly references available documentation, so I will assume its specific claims are faithful to those sources."
question_10,optimized-tools_compops-gemma4-26b,glm-5.1,"The answer directly addresses how to create a new Tier0 release with a structured walkthrough covering prerequisites, the release process, and finalization. It provides several concrete details (vocms055, cms-comp-devs, t0.spec, comp_gcc630 branch) but lacks actual commands, exact tag naming conventions, and detailed pktools/cmsdist setup steps, leaving an operator with a good starting point but still requiring significant investigation. No sources are explicitly cited in the answer, making it impossible to verify source faithfulness; the specific claims appear plausible but are unsupported by visible references."
question_49,optimized-tools_compops-gemma4-26b,glm-5.1,"The generated answer is a non-response, explicitly stating that no answer was generated by the agent. According to the evaluation principles, non-responses, empty answers, or greetings must score 1 on all dimensions. Therefore, the answer fails to address the question on any metric."
question_50,optimized-tools_compops-gemma4-26b,glm-5.1,"The question asks WHEN the overwrite-on-buffer feature was enabled for CMS (a time/date), but the answer explains HOW to enable it (configuration steps). This is a fundamental mismatch - the answer is off-topic relative to what was actually asked. While the answer contains specific and potentially useful configuration details, those details address a different question entirely. An operator asking about the timeline of when this feature was activated would not be able to make progress based on this response."
question_11,optimized-tools_compops-gemma4-26b,glm-5.1,"The answer directly addresses how to deploy tier 0 replay with a clear step-by-step procedure including preparation, deployment, starting, and stopping the agent. It provides specific file paths, URLs, and commands which makes it actionable. However, while it references 'available documentation,' no explicit sources or tool outputs are cited to verify the specific paths and URLs provided, raising concerns about whether these details are grounded or fabricated. The completeness is strong but could include more on troubleshooting or verification steps."
question_29,optimized-tools_compops-gemma4-26b,glm-5.1,"The answer directly addresses where to check site readiness and downtime status, making it highly relevant and fairly complete by covering both FTS/Rucio metrics and RSE attributes. However, it includes fabricated citations with placeholder URLs (e.g., https://example.com/...), which violates the strict guardrail that unsupported specifics are worse than honest vagueness, heavily penalizing specificity. Because the sources cited are demonstrably fake, source faithfulness scores the minimum. Helpfulness is moderate, as the Rucio command provided is likely valid, but the untrustworthy citations force the operator to independently verify the claims."
question_30,optimized-tools_compops-gemma4-26b,glm-5.1,"The answer directly addresses the question by logically deducing that a rule stays in the REPLICATING state if it hasn't met the criteria to switch to STUCK (e.g., less than 3 failed transfer attempts). It provides specific, actionable details such as the failure threshold and a relevant JIRA ticket (CMSDM-366), while being honest about the lack of explicit documentation for the exact two-week REPLICATING scenario. This makes it highly relevant, reasonably complete, specific, and helpful for an operator, while maintaining faithfulness to the provided sources by clearly distinguishing between documented facts and inferences."
question_31,optimized-tools_compops-gemma4-26b,glm-5.1,"The answer directly addresses the question by breaking down the differences between crabschedd, prodschedd, and tier0schedd, covering their contexts, functions, and workloads, which makes it highly relevant and complete. However, it includes specific claims (e.g., 'vocms/tier0/schedd' hostgroup, StepChains) without providing any actual citations or documentation references, falling into the 'unsupported specifics' category per the evaluation guardrails, which lowers the specificity score. An operator would find the conceptual breakdown helpful for understanding the system architecture, though the lack of citations requires trust in the AI's inferences. Source faithfulness is scored assuming the inferences made are reasonable extrapolations from the unnamed documentation, as indicated by the answer's own disclaimer."
question_12,optimized-tools_compops-gemma4-26b,glm-5.1,"The answer addresses the context of T2_CH_CERN and local account quotas but fails to explain the actual process of *how* to create rules, instead focusing on permissions, e-groups, and policies. It provides specific details like e-group names and ticket numbers, but lacks actionable commands or step-by-step procedures for rule creation. An operator would gain useful background but would not be able to execute the task based on this response alone. The answer is internally consistent and attributes its claims to specific ticket references."
question_32,optimized-tools_compops-gemma4-26b,glm-5.1,"The answer directly and precisely addresses all parts of the question: it identifies 'who' controls the transition (Conveyor daemons), explains 'how' (state machine updates by the poller and finisher), and details how it can fail (submission, execution, or logic errors). It is rich in concrete, actionable details such as specific daemon names (conveyor-poller, conveyor-finisher), common failure reasons (checksum mismatches, network issues), and where to find error messages (data.reason field). The specific reference to a ticket (CMSTRANSF-862) acts as a citation, grounding the claims rather than leaving them unsupported. An operator could easily use this to troubleshoot transfer issues."
question_13,optimized-tools_compops-gemma4-26b,glm-5.1,"The answer correctly identifies that the LumiList JSON does not contain block names and demonstrates how to extract the run number from the provided snippet (398420) to use in a DAS block query with a dataset. It provides the exact syntax for the DAS query based on the provided documentation, making it highly actionable and specific. An operator could immediately use this to find their block."
question_43,optimized-tools_compops-gemma4-26b,glm-5.1,"The answer directly and precisely addresses the question by explaining the technical, operational, and automation complexities that prevent overwrite from being enabled on tape transfers. It provides highly specific, actionable details, including exact JIRA ticket references, error messages, and current workarounds like `declare-good`. An operator would find this highly helpful for understanding the root cause and knowing how to manually mitigate the issue, and the claims are well-supported by the cited ticket references, demonstrating strong source faithfulness."
question_14,optimized-tools_compops-gemma4-26b,glm-5.1,"The question asks how to get lumi ranges for specific ROOT files. The answer provides three methods, but all have significant issues: (1) The OMS API gives run-level luminosity, not file-level lumi ranges—so it doesn't answer the question. (2) The PyROOT script merely lists branch names containing 'Run' or 'Lumi' but doesn't actually extract lumi ranges. (3) The dasgoclient section is vague and doesn't show the actual command. The answer completely misses the most direct method: `dasgoclient -query 'lumi file=<path>'` or using `edmLumisInFile`. The fabricated ticket reference (CMSTZ-798) with no source is an unsupported specific. No retrieved sources are shown, so source faithfulness is assessed as neutral—no sources to contradict, but also none to support claims."
question_33,optimized-tools_compops-gemma4-26b,glm-5.1,"The answer directly addresses all three parts of the question: describing the Production Output activity, explaining rule creation, and detailing the output destinations (disk/tape). It is comprehensive but lacks citations for its specific claims (e.g., configuration flags like wmcore_output_tape or specific subscription names), which triggers the guardrail against unsupported specifics, reducing the specificity score. It is helpful for an operator seeking a general understanding of the workflow. Source faithfulness is scored neutrally at 3 because no sources were provided to verify the claims against."
question_2,optimized-tools_compops-gemma4-26b,glm-5.1,"The answer directly addresses the Tier-0 operator's question about reprocessing runs with available streamer files, providing a structured workflow. However, the core action—actually triggering the replay—is left vague ('the specific command depends on your configuration'), which is a significant gap in completeness. The answer provides many specific details (paths, script names, retention period, Twiki page) but without any citations or source references, which per the evaluation guardrail means these unsupported specifics should score lower than honest vagueness, as they could be fabricated and mislead an operator. Source faithfulness is difficult to assess without seeing the retrieved sources, but the answer makes no explicit reference to sources, raising concerns about whether these specific claims are grounded."
question_34,optimized-tools_compops-gemma4-26b,glm-5.1,"The question asks two things: what rucio probes are and how they're used for monitoring. The answer directly addresses both parts, defining probes as Python scripts in `rucio/probes/` and explaining their monitoring integration through Jobber scheduling, Prometheus Pushgateway for metrics/Grafana visualization, and Nagios for alerting via exit codes. The answer provides concrete architectural details about the monitoring pipeline rather than vague generalities. Since no sources were provided, I assume reasonable faithfulness based on the answer's internal consistency and structured claims."
question_15,optimized-tools_compops-gemma4-26b,glm-5.1,"The question asks for the CLI command to view details about a Rucio rule. The answer directly provides the exact command `rucio rule-info <rule_id>` along with the specific fields it returns (error messages, state, creation time, lifetime). It also includes helpful related commands for finding the rule_id if needed. The command syntax is concrete and actionable for an operator. No sources were explicitly cited, but the information is standard Rucio CLI documentation with no unsupported fabricated claims like fake ticket numbers or dates."
question_44,optimized-tools_compops-gemma4-26b,glm-5.1,"The answer directly and accurately addresses the question, confirming that staging a single raw file is possible and explaining the conceptual method via Rucio rules. However, it lacks the specific command syntax (e.g., rucio add-rule) needed for immediate execution and includes unsupported specific claims like the ticket numbers CMSTRANSF-733 and CMSDM-146 without any citations, which hurts its specificity. An operator would have a clear starting point but would need to look up the exact commands to proceed. Since no sources were provided in the prompt, source faithfulness defaults to a maximum score."
question_51,optimized-tools_compops-gemma4-26b,glm-5.1,"The question asks for the link and title to the 'wmagent training document', but the answer provides a link and title for 'WMAgent monitoring documentation'. While the answer provides a specific URL and a short title as requested by the format of the question, the content is incorrect because it points to monitoring rather than training. This makes it partially relevant but ultimately unhelpful for an operator specifically seeking training materials."
question_16,optimized-tools_compops-gemma4-26b,glm-5.1,"ERROR: JSONDecodeError: Expecting ',' delimiter: line 2 column 326 (char 327)"
question_17,optimized-tools_compops-gemma4-26b,glm-5.1,"The question asks for a specific Rucio command to see the location of a block, but the generated answer completely ignores this and instead provides a nonsensical summary of unrelated documentation and Jira tickets about Monte Carlo production and dataset deletion. The response is entirely off-topic, provides zero actionable information for the user's query, and misrepresents the user's request as asking for a summary. Therefore, it scores the lowest possible marks across all dimensions."
question_52,optimized-tools_compops-gemma4-26b,glm-5.1,"The answer directly and thoroughly addresses the question about the transition status, providing a clear timeline and operational impact (Relevance 5, Completeness 5). However, the answer includes highly specific details (e.g., March 2024, FTS version numbers) without providing any citations, source references, or tool outputs to support them. According to the strict guardrails, unsupported specifics must score lower on Specificity, resulting in a 2. Helpfulness is rated 3 because while the information gives a starting point, an operator cannot fully trust the specific details without evidence. Source Faithfulness is rated 3 because without provided sources to compare against, the claims remain unsubstantiated within the context of the answer."
question_53,optimized-tools_compops-gemma4-26b,glm-5.1,"The answer directly addresses the question by providing the exact date and time of the last successful Monte Carlo transfer to CERN tape, effectively identifying when they 'stopped'. It adds valuable context by explaining the specific dataset involved and the recent trend of transfers being submitted but not completing. The response is highly specific, citing concrete data points (date, time, dataset name, transfer status) grounded in Rucio monitoring data. An operator could immediately use this information to investigate why transfers have been stalling since that date."
question_35,optimized-tools_compops-gemma4-26b,glm-5.1,"The answer directly and precisely addresses how to check file integrity by outlining two practical methods: basic checksum validation and in-depth physical checking. It provides highly specific, actionable details including exact Rucio commands, the run_check.py tool, its options (--full-scan, --strict, etc.), and its limitations. An operator could easily follow these steps to complete their task, making the answer highly helpful and complete. Since no sources were provided in the prompt, source faithfulness is rated 5 by default as there is nothing to contradict."
question_36,optimized-tools_compops-gemma4-26b,glm-5.1,"The answer directly and precisely addresses the question by identifying two specific reasons for a rule getting stuck in the INJECT state: temporary injection failures due to pending deletions, and database integrity errors from concurrent operations. It provides highly specific, actionable details by naming exact error types (ReplicationRuleCreationTemporaryFailed, IntegrityErrors) and grounding its claims in a specific JIRA ticket (CMSTRANSF-1321), which avoids the penalty for unsupported specifics. This level of detail makes it immediately helpful for an operator diagnosing the issue, and the explicit citation demonstrates source faithfulness."
question_3,optimized-tools_compops-gemma4-26b,glm-5.1,"The answer provides a specific URL for site capacity management but fails to directly solve the user's problem of extending a *user* quota. The tool referenced (SiteCapacity) is for site-level capacity, not individual user quotas, which the answer itself acknowledges in the notes. The ticket references (CMSDM-44, CMSDM-87, CMSTRANSF-946) appear unsupported without citations, and the answer ultimately doesn't provide an actionable way to extend a user's quota, only noting it's 'ongoing work.'"
question_45,optimized-tools_compops-gemma4-26b,glm-5.1,"The answer directly and precisely addresses the primary uses for both the wma_prod and wmcore_output Rucio accounts, breaking down the associated services (WMAgent, MSOutput), their functions (locking blocks, creating disk rules), and rule durations (temporary vs. one month). It provides concrete, specific details like the MSRuleCleaner microservice and the context of Rucio subscriptions, making it highly actionable for an operator. The claims are presented as being from documentation and show no signs of unsupported fabrication or internal contradiction."
question_37,optimized-tools_compops-gemma4-26b,glm-5.1,"The answer directly addresses both parts of the question: explaining how MSUnmerged works and identifying open issues. It provides concrete details like specific paths (/store/unmerged), service names (WMStatserver, t0_reqmon, RucioConmon), a specific JIRA ticket (CMSTZ-972), and related microservices. However, the answer explicitly acknowledges it is 'inferred' from documentation rather than directly sourced, which means some claims may go beyond what the sources strictly state. The specificity is good with actionable references, though some descriptions of workflow are partially inferred rather than grounded in direct source quotes."
question_18,optimized-tools_compops-gemma4-26b,glm-5.1,"The question explicitly asks for the Rucio command to create a container, but the generated answer completely ignores this and instead discusses the structure of Monte Carlo production requests. This makes the answer entirely irrelevant to the specific question asked. Consequently, it fails to address any part of the question, provides no actionable or specific details regarding Rucio, and would leave an operator completely unable to make progress on their task."
question_19,optimized-tools_compops-gemma4-26b,glm-5.1,"The answer directly provides the `rucio add-rule` command, which is relevant to the question. However, the syntax is incomplete: the real `rucio add-rule` command requires a `<copies>` parameter between the DID and RSE expression (e.g., `rucio add-rule <did> <copies> <rse-expression>`), so the example `rucio add-rule /path/to/dataset T2_US_CERN` would fail. The answer claims 'Context from Documentation' but cites no actual sources. The related commands listed are useful context but don't compensate for the incorrect core syntax."
question_20,optimized-tools_compops-gemma4-26b,glm-5.1,"The user is asking about the new Rucio CLI structure for version 38, which changed from `rucio <verb>-<noun>` (e.g., `rucio add-rule`) to `rucio <noun> <verb>` (e.g., `rucio rule add`). The generated answer incorrectly identifies the old syntax (`rucio add-rule`) as the new/compatible structure, which actively misleads the operator. Additionally, the answer includes an unsupported specific claim by referencing a JIRA ticket (CMSDM-266) without any citation or source. Due to the incorrect syntax and unsupported specifics, the answer is harmful and unhelpful."
question_38,optimized-tools_compops-gemma4-26b,glm-5.1,"The answer directly addresses both parts of the question (PnR Campaign manager responsibilities and partial_copy meaning), making it relevant. However, it claims to be 'Based on the documentation available in the CMS CompOps JIRA tickets' and references specific tickets like 'PRCAMPAIGNS-112' without providing any actual quotes, links, or verifiable source content. The responsibilities listed appear to be inferred/general knowledge rather than sourced from specific documentation, and the partial_copy explanation gives example values (0.95, 0.05) without evidence they come from actual sources. The question asked to 'find documentation' but the answer doesn't actually point the operator to retrievable documentation. Given the guardrail that unsupported specifics are worse than honest vagueness, the specificity score is lowered because the specific claims (ticket numbers, parameter values) lack supporting evidence."
question_21,optimized-tools_compops-gemma4-26b,glm-5.1,"The question asks how to set quota in Rucio for an account on a given RSE. The answer incorrectly claims this feature doesn't exist, when in fact Rucio has `set_account_limit` / `rucio-admin account set-limits` functionality for exactly this purpose. While the answer is relevant and provides specific details about global quotas and RSE-level limits, it fundamentally misleads the operator by asserting the requested feature is unavailable and offering only inferior workarounds. The specificity of the alternatives (config parameters, API examples) doesn't compensate for the core factual error, which would send an operator down the wrong path."
question_22,optimized-tools_compops-gemma4-26b,glm-5.1,"The answer is relevant and provides a logical workflow for investigating incomplete blocks via DAS, Rucio, and FTS. However, the suggested Rucio command (`rucio list-dataset`) is incorrect for listing the blocks within a dataset (the correct command is `rucio list-content`), which reduces its helpfulness. Additionally, it cites a specific JIRA ticket (CMSTRANSF-366) without providing any source or tool output, which counts as an unsupported specific claim, lowering the specificity score. Source faithfulness is rated high as no sources were provided to contradict."
question_46,optimized-tools_copilot-gemma4-26b,glm-5.1,"The question asks for a specific date when T0_CH_CERN_Tape was disabled for production output. The answer directly addresses this but cannot provide an exact date, instead offering approximate timing (November 2023) from a JIRA ticket (CMSTRANSF-773) and context about the HI run. However, the second JIRA ticket referenced (CMSTRANSF-1265) is dated November 2025, which appears to be a future date and raises concerns about fabrication or misrepresentation. The answer provides specific ticket numbers but ultimately acknowledges it cannot give a precise date, which is honest but leaves the operator needing further investigation."
question_1,optimized-tools_copilot-gemma4-26b,glm-5.1,"The answer directly addresses the 50513 SCRAMScriptFailure exit code and provides a structured troubleshooting approach, making it highly relevant. However, it references 'CMSPROD-324' as if it were a known JIRA ticket without any citation or evidence, which is an unsupported specific claim that could be fabricated. The observation about the gcc9 vs gcc12 path mismatch is presented as a potential issue, but this is actually normal behavior — WMCore uses its own python3 from a gcc9 path independent of the CMSSW scram arch, so this could mislead an operator. The logs shown actually depict all listed commands completing (with stdout output), so the real failure point may be beyond what's visible, which the answer doesn't clearly acknowledge. The general approach (check CVMFS, check PSet, check campaign scope) is reasonable but includes potentially misleading analysis."
question_23,optimized-tools_copilot-gemma4-26b,glm-5.1,"The answer attempts to address the question by providing a step-by-step procedure to find a PFN in job logs, making it relevant and seemingly complete. However, the specific instructions guide the operator to look for 'Stage Out Successful' logs, which pertain to output log archives, not input gridpack files (gridpacks are inputs used in generation, not outputs of PromptReco). This makes the answer actively misleading for the specific object requested. Additionally, the answer includes highly specific details (like the PromptReco workflow name and path) without providing any citations or source references, which violates the guardrail against unsupported specifics."
question_39,optimized-tools_copilot-gemma4-26b,glm-5.1,"The answer addresses both L1SCOUT and HLTSCOUT policies as asked. For L1SCOUT, it provides specific policy details (MiniAOD-like with 2 replicas excluding CERN) but uses tentative language ('intention is to apply'). For HLTSCOUT, it admits there isn't a clear standalone policy and provides only tangentially related information about HLT dataset pinning. The answer references 'available documentation' without citing specific sources, and some specifics (1PB/year, 6-month pinning) lack supporting evidence. An operator would get a starting point for L1SCOUT but would need significant follow-up for HLTSCOUT and to confirm the L1SCOUT policy is actually in effect versus just proposed."
question_24,optimized-tools_copilot-gemma4-26b,glm-5.1,"The answer directly addresses the Winter 26 campaign status question, covering activity level, job counts, and error types, which is relevant. However, it presents very specific data values (763,459 completed jobs, 82,838 removed, 80,234 OutOfBounds errors, etc.) with absolutely no citations, source references, or tool output to ground them. Per the evaluation principles, unsupported specifics are worse than honest vagueness because they could mislead an operator into making decisions based on potentially fabricated data. The specificity score must reflect this critical issue. Helpfulness is also limited because an operator cannot trust these numbers and would need to verify everything independently."
question_25,optimized-tools_copilot-gemma4-26b,glm-5.1,"The answer directly and precisely addresses the question of where to find workflow logs, covering both recent and archived logs, making it highly relevant and complete. However, according to the evaluation principles, it provides specific details (like the EOS web URL and LogCollect task details) without any citations, tool output, or documentation references to support them. The guidelines explicitly state that unsupported specific claims should score lower on specificity than honest vagueness, leading to a lower specificity score despite the actionable nature of the information. An operator could still likely make progress using this answer, though they would need to verify the unsupported claims, making it helpful but requiring minor follow-up. As no sources were provided, the answer does not contradict any sources."
question_26,optimized-tools_copilot-gemma4-26b,glm-5.1,"The answer directly addresses how to access the WMAgent configuration by providing the config file path and related environment details. It covers the core question well with specific file paths and commands, making it relevant and reasonably complete. However, the specific paths (e.g., /data/tier0/srv/wmagente/current/config/tier0/config.py) are presented without any cited sources or documentation references, which under the guardrails makes them less trustworthy than they appear. The specificity is a mix of concrete actionable details and unsupported claims — the paths look domain-appropriate but lack verification anchors. An operator could use this as a starting point, though the T0-specific path may not generalize to all WMAgent deployments."
question_40,optimized-tools_copilot-gemma4-26b,glm-5.1,"The answer directly addresses the question about the 2025 MINIAOD policy change, providing a clear summary of the transition from two permanent copies to one permanent plus one limited-lifetime copy. It covers the previous policy, the new policy, specific subscription names, Rucio rules, and includes a helpful comparison table. The specificity is strong with concrete details like 'MINIAOD_GLOBAL_PERMANENT', 'keep_miniaod=True', and ticket reference 'CMSTRANSFR-1198', though without seeing explicit source citations these could be unverified. The answer would be highly actionable for an operator. Source faithfulness is difficult to assess without seeing the provided sources, but the answer presents internally consistent and plausible technical details."
question_27,optimized-tools_copilot-gemma4-26b,glm-5.1,"The answer directly addresses the question about Winter26 workflow issues and provides a structured summary. However, it makes very specific claims (ticket number CMSPROD-359, campaign names like JME-Run3Winter26GS-00005, SCRAMScriptFailure error, pileup root cause) without citing any sources or tool outputs. Per the critical guardrail, unsupported specifics are worse than honest vagueness because they may be fabricated and mislead operators. An operator trying to look up CMSPROD-359 would be on a wild goose chase if this is invented. The answer lacks resolution status or timeline details, slightly limiting completeness."
question_48,optimized-tools_copilot-gemma4-26b,glm-5.1,"The question asks for a link to the workflow updater doc, and the answer directly provides a URL, making it relevant and mostly complete. However, the answer provides a very specific link without any citation, source reference, or tool output to verify its accuracy. This falls squarely into the guardrail about unsupported specifics — the URL points to what appears to be a Tier-0 specific script on a test branch, which may not be the general workflow updater documentation the user is looking for. Without any source backing, this could be fabricated or simply wrong, making it potentially misleading. An honest vague answer pointing to where to find the doc would be more trustworthy."
question_41,optimized-tools_copilot-gemma4-26b,glm-5.1,"The question asks specifically what the trustpulists field should be set to for MinBias workflows. The answer provides a specific recommendation (False) and cites ticket CMSPROD-225, but then immediately contradicts itself by stating that setting it to False causes workflows to get stuck in assigned state because the system can't recognize local datasets. This internal contradiction leaves the operator confused about what the actual correct setting should be. The cited ticket number is unsupported and potentially fabricated, which under the guardrails should be scored lower than honest vagueness. The answer is on-topic but ultimately fails to provide a clear, trustworthy recommendation."
question_42,optimized-tools_copilot-gemma4-26b,glm-5.1,"The question asks for the location of 'Unified source code,' and the answer directly addresses this by explaining that no specific information was found in the available sources. The answer is honest about its limitations rather than fabricating a location, which is appropriate per the guardrails. However, it fails to actually answer the question—no location is provided—and only offers to help if more context is given. The answer is relevant and faithful to its sources (which apparently lacked the information), but it's not specific or actionable, and an operator would still need to investigate on their own."
question_4,optimized-tools_copilot-gemma4-26b,glm-5.1,"The answer directly addresses both parts of the question: who sets MergedLFNBase (submitter/McM/PdmV at creation, Assignor/Unified at assignment) and how it should be set correctly (mapping data types to correct LFN paths). It also contextualizes this within the CMSPROD-368 ticket, explaining the observed issue and its resolution as a false alarm. The answer provides concrete specifics—entity names, LFN path values, workflow names, and statuses—which appear grounded in the referenced ticket investigation. An operator would clearly understand the mechanism and correct values after reading this."
question_6,optimized-tools_copilot-gemma4-26b,glm-5.1,"The answer directly addresses the prompt by summarizing activities for both CMSTRANSF and CMSDM in 2025, making it highly relevant and complete in scope. However, it provides highly specific data points (e.g., 815,000 transfers, 184,482 failures, 332,000 permission denied errors) without citing any sources, dashboards, or tool outputs. Per the evaluation guidelines, unsupported specific claims are worse than honest vagueness, which severely penalizes the specificity score. Consequently, while the general categories of issues mentioned are plausible, the ungrounded numbers make the response minimally useful and potentially misleading for an operator seeking an accurate summary."
question_7,optimized-tools_copilot-gemma4-26b,glm-5.1,"The answer directly addresses the question by breaking down the two parts of the conditional statement, staying relevant throughout. However, it admits it couldn't find the exact code in its knowledge base, then provides a specific but likely incorrect interpretation of 'AAA' as 'Authentication, Authorization, and Auditing' — in CMS computing, AAA typically stands for 'Any data, Anytime, Anywhere' (a remote data access mode via xrootd), not a security framework. This unsupported and likely incorrect specific claim violates the guardrail about unsupported specifics being worse than honest vagueness. The general structural explanation of the OR logic is correct, but the wrong AAA definition could actively mislead an operator trying to understand the code's behavior."
question_5,optimized-tools_copilot-gemma4-26b,glm-5.1,"The question asks for the rucio command to perform operations described in JIRA ticket CMSTRANSF-1316. The answer directly addresses this by identifying the operation as a 'detach' and providing the specific rucio detach command with the full dataset path and block UUID. The answer includes concrete, actionable details like the exact command syntax, the block UUID, and the dataset name. Without access to the actual ticket content, I cannot fully verify source faithfulness, but the answer references specific ticket details (UUID, dataset name, 'Done' section) that appear to be drawn from the source rather than fabricated."
question_8,optimized-tools_copilot-gemma4-26b,glm-5.1,"The question asks specifically about open tickets for decommissioning Russian T2s. The answer directly confirms this and provides three ticket numbers (CMSTRANSF-1333, CMSTRANDF-1334, CMSTRANSF-1006) with associated site details, which is highly relevant and specific. However, completeness has a minor gap: only two Russian T2 sites (IHEP, ITEP) have decommissioning tickets listed, while JINR is mentioned in passing but without its own decommissioning ticket identified. The specificity is strong with actual ticket numbers and links, though the links point to a general decommissioning procedure page rather than the specific tickets themselves, making it slightly harder to verify. Helpfulness is high as an operator could immediately look up those tickets. Source faithfulness is moderate since I cannot verify the ticket numbers against provided sources, and the answer makes very specific claims (ticket IDs, status details) that require verification."
question_28,optimized-tools_copilot-gemma4-26b,glm-5.1,"The answer directly addresses both parts of the question—how PnR operations are conducted and how requests from different parties are handled. It covers PnR operator responsibilities, tape recall procedures (DM Ops via JIRA or Rucio rules with specific flags), CRAB task handling, and data invalidation workflows. The roles summary table is a helpful synthesis. However, some specifics (CMSPROD-335, Rucio flags) appear grounded but lack explicit source citations, and there are vague statements like 'discussions regarding development' that aren't actionable. Source faithfulness is moderate—the answer claims to be based on documentation but doesn't explicitly tie claims to sources for verification."
question_10,optimized-tools_copilot-gemma4-26b,glm-5.1,"The answer directly addresses how to create a new Tier0 release with a clear, step-by-step workflow. It provides highly specific and actionable details including the build VM name (vocms055), the e-group (cms-comp-devs), the file to modify (t0.spec), the target branch (comp_gcc630), and the directory path structure. The prerequisites section is valuable since access requirements could block progress. The main gap is that it doesn't detail how to actually create the tag on dmwm/T0 (tag format, commands). The answer references documentation and provides a link, suggesting grounding in sources, though without seeing the actual sources I'm giving a moderate-high faithfulness score."
question_49,optimized-tools_copilot-gemma4-26b,glm-5.1,"The question asks for a specific date when wma_prod copies were reduced from 2 to 1. The answer directly addresses this by identifying JIRA ticket CMSTRANSF-1080 dated February 11, 2025, which discusses the plan for this reduction. However, the answer honestly acknowledges that this ticket documents the plan/discussion rather than confirming when the reduction was fully implemented, which means it cannot definitively answer the 'when' question. The specificity is strong with concrete ticket numbers, dates, and technical details about block-level vs container-level rules. An operator would get a useful starting point but would still need to investigate further to find the actual implementation date."
question_50,optimized-tools_copilot-gemma4-26b,glm-5.1,"The question asks specifically WHEN FTS enabled the overwrite-on-buffer feature for CMS (seeking a date/timeline). The answer describes the feature and how to enable it, but completely fails to address the 'when' aspect. It provides configuration steps and references a JIRA ticket about related failures, but no date or timeline information. The answer is somewhat related to the subject matter but doesn't answer what was actually asked."
question_11,optimized-tools_copilot-gemma4-26b,glm-5.1,"The answer directly and comprehensively addresses how to deploy a Tier 0 replay, covering prerequisites, deployment steps, and starting/verifying procedures. It provides highly specific, actionable details including exact commands, file paths, URLs, and configuration file names. A minor concern is that the wget URL contains 'ReplayOfflineConfiguraton.py' (possible typo missing an 'i'), but the overall technical coherence is strong. The answer references GitHub repositories and documentation, appearing grounded in real sources, though explicit source citations per claim are limited."
question_29,optimized-tools_copilot-gemma4-26b,glm-5.1,"The question asks specifically 'where' to check site readiness and downtime status. The answer addresses this by mentioning RSE attributes, FTS metrics, and Rucio metrics as places to check, and references specific JIRA tickets (CMSDM-278, CMSDM-258) and documentation (SiteCommissioning.md). However, it doesn't provide concrete dashboards, URLs, or monitoring interfaces where an operator would actually go to check status - it's more focused on the mechanisms and ongoing discussions than on actionable locations. The specificity is mixed: it provides some concrete details (RSE attribute names, JIRA tickets, availability thresholds) but lacks the most important specificity - actual dashboards or tools to view the status."
question_30,optimized-tools_copilot-gemma4-26b,glm-5.1,"The answer directly addresses the question about when a rule stays in REPLICATING for more than two weeks, explaining state transitions and honestly acknowledging that the documentation doesn't explicitly enumerate such cases. It correctly identifies that the two-week threshold applies to STUCK→SUSPENDED transitions, not REPLICATING. However, the core inference ('stays in REPLICATING if it never meets STUCK criteria') is somewhat circular and doesn't provide concrete scenarios an operator could identify in practice."
question_31,optimized-tools_copilot-gemma4-26b,glm-5.1,"The answer directly addresses the question by explaining the differences between the three schedds in terms of scope, function, and workload. It covers all three schedds and provides a useful comparison table. However, specificity is mixed — while it names relevant frameworks (WMAgent, CRAB) and data formats (AOD, MINIAOD), it lacks cited sources or direct documentation references despite claiming 'Based on the available documentation.' Some claims like the tier0schedd hostgroup reference suggest source grounding, but without explicit citations, the specificity is moderate. For source faithfulness, without seeing the actual retrieved sources, the answer appears internally consistent and aligns with known CMS computing architecture, but makes several specific claims without direct source citations."
question_12,optimized-tools_copilot-gemma4-26b,glm-5.1,"The answer directly addresses the question about creating rules using local account quota for T2_CH_CERN with the t2_ch_cern_local_users account, making it highly relevant. However, it provides specific claims (JIRA ticket CMSTZ-1005, e-group 'cms-CH_CERN-local', filter patterns like '^/.*/ALCARECO$') without any citations or source references, which the guidelines flag as unsupported specifics that can mislead operators. The actual Rucio CLI command syntax for creating a rule is never provided, leaving a significant completeness gap for practical execution. An operator would get the general concept but still need substantial investigation to actually create a rule."
question_32,optimized-tools_copilot-gemma4-26b,glm-5.1,"The answer directly addresses all three parts of the question: who controls the staged-to-acquired transition, how it works, and how it can fail. It identifies Rucio Server/Orchestrator, Production Agents (WMAgent), and FTS as the key components, explains the mechanism, and lists failure scenarios. However, the JIRA ticket references (CMSTRANSCHK-608, CMSTRANSF-1140) and specific error patterns are presented without any cited sources or tool output, making them unsupported specifics that could be fabricated. This hurts specificity and source faithfulness. The overall explanation is still helpful for an operator wanting to understand the process."
question_13,optimized-tools_copilot-gemma4-26b,glm-5.1,"The answer directly addresses the question of how to extract block names from a LumiList using DAS, correctly identifying the structure of the LumiList JSON (run number as key, lumi ranges as values). However, the primary suggested commands like `lumi run=398420 lumi=550` and `block run=398420` are not supported by the provided DAS documentation — the lumi query examples all require a file or block as input, not run+lumi as standalone filters. These are unsupported specifics that would likely fail for an operator. The answer also misses a critical point: DAS typically requires a dataset name to scope queries for blocks by run, which is the standard pattern shown in the examples (e.g., `block dataset=/... run=161311`)."
question_43,optimized-tools_copilot-gemma4-26b,glm-5.1,"The question asks why overwrite is not enabled for tape transfers. The answer directly addresses this with multiple explanations: the WebDAV transition causing corrupt files in buffers to block overwrites, and safety/integrity constraints as a design choice. It provides specific details like RSE names (T1_DE_KIT_Tape, T1_ES_PIC_Tape), the feature name (overwrite-when-only-on-disk), the command (declare-good), and the exact error message. However, it references 'historical JIRA tickets' without citing specific ticket numbers, which means those specific claims lack verifiable support. The workarounds mentioned are actionable for an operator. Source faithfulness is moderate — the answer references JIRA tickets as a basis but doesn't provide direct citations, making it impossible to fully verify claims against sources."
question_14,optimized-tools_copilot-gemma4-26b,glm-5.1,"The user asks how to get lumi ranges for specific files, but the answer directs them to the OMS API for run-level luminosity (delivered_lumi), not file-level lumi section ranges. The correct approach would be using dasgoclient with a lumi query (e.g., `dasgoclient -query ""lumi file=...""`) or the DBS API to retrieve file-level lumi sections. The answer also cites specific ticket numbers (CMSTZ-798, CMSTZ-990) with no provided sources, which appear fabricated. This misdirects the operator toward run-level info rather than file-level lumi ranges."
question_33,optimized-tools_copilot-gemma4-26b,glm-5.1,"The answer addresses all three parts of the question (description, rule creation, output destination) and stays on-topic throughout, earning high relevance. Completeness is good but the rule creation explanation is somewhat vague—it mentions Rucio replication rules and MSRuleCleaner for monitoring but doesn't clearly explain the actual creation mechanism or workflow. Specificity is mixed: the answer provides some concrete details (wmcore_output flag, wmcore_output_tape setting, specific RSE names, JIRA ticket references) but these ticket references appear without verifiable source output or links, raising concerns about unsupported specifics per the guardrails. Helpfulness is moderate—an operator gets a conceptual starting point but would need significant further investigation to actually understand or act on rule creation. Source faithfulness is hard to fully assess without seeing the retrieved sources, but the answer references specific JIRA tickets as evidence, suggesting an attempt at faithfulness, though some claims may go beyond what typical sources would provide."
question_2,optimized-tools_copilot-gemma4-26b,glm-5.1,"The answer directly addresses how a Tier-0 operator should proceed with reprocessing runs, covering verification, file preservation, documentation, and execution steps — making it highly relevant. However, completeness is hampered because step 4 (the actual reprocessing execution) is quite vague, merely saying 'follow standard procedures,' which is the core of what the operator is asking. Specificity is mixed: the answer provides concrete paths, script names, and twiki references, but these are entirely unsupported by any cited sources, and the most important step (execution) offers only generic advice. Helpfulness is moderate — the preservation and documentation steps are actionable if correct, but an operator would still need significant additional investigation to actually execute the replay. Source faithfulness scores middling because no sources are referenced at all; the answer makes specific claims (7-day retention, exact paths, script names) without any source attribution."
question_34,optimized-tools_copilot-gemma4-26b,glm-5.1,"The question asks what rucio probes are and how they are used for monitoring. The answer directly addresses both parts: defining probes as automated Python scripts and explaining their monitoring workflow through Jobber scheduling, execution in containers, and output to Prometheus Pushgateway and Nagios. The answer provides concrete technical details like tool names (Jobber, Prometheus, Grafana, Nagios), specific metrics (conveyor submission rate, reaper rate, server response times), and the repository path. While no explicit source citations are provided, the specifics appear to be legitimate domain knowledge rather than fabricated data like ticket numbers or dates. An operator would gain a solid understanding of the monitoring architecture from this answer."
question_15,optimized-tools_copilot-gemma4-26b,glm-5.1,"The question asks for the CLI command to view details about a Rucio rule. The answer directly provides the correct command (`rucio rule-info <rule_id>`), explains what output it provides, and helpfully includes related commands for finding rule IDs if needed. The answer is concise, on-topic, and actionable — an operator could immediately use it. There are no retrieved sources provided in this exchange, so source faithfulness is neutral (no contradictions possible). The specifics about the command and its output are accurate Rucio CLI knowledge but aren't formally cited from documentation."
question_44,optimized-tools_copilot-gemma4-26b,glm-5.1,"The question asks specifically whether it's possible to stage a single raw file from tape. The answer addresses this by explaining that while staging is typically managed at the dataset level via Rucio rules, the underlying technology (Rucio/CTA) is capable of file-level replication—implicitly answering 'yes.' However, the answer doesn't provide the specific command or procedure for staging a single file, instead focusing on dataset-level staging with Rucio rule parameters. An operator would understand the general mechanism but would still need to investigate how to adapt this for a single file. The JIRA ticket reference and specific RSE/activity values add useful detail, but the core actionable guidance for the specific use case (single file) is missing."
question_51,optimized-tools_copilot-gemma4-26b,glm-5.1,"The question asks specifically for the wmagent 'training document' URL, but the answer provides a 'monitoring documentation' link instead. This is a significant mismatch—training and monitoring are different topics, so while the answer is in the correct general domain (WMAgent documentation), it does not address what was actually asked. The format of the answer (URL + title) matches the request structure, but the content is wrong. Without cited sources confirming this is the correct training document, the specific URL provided is unsupported relative to the actual question."
question_16,optimized-tools_copilot-gemma4-26b,glm-5.1,"The answer directly addresses the question by providing a DAS query for the specified run and dataset, which makes it relevant and complete. However, the DAS query syntax provided appears non-standard — CMS DAS typically uses key=value pairs like 'run=393974 dataset=/IonPhysics16/pORun2025-v1/RAW' rather than the colon-notation 'data.run:393974 AND data.lfn:...' format shown. This is specific but potentially incorrect detail without source support. An operator trying this query would likely encounter errors, making it minimally helpful and potentially misleading. No sources are cited to substantiate the syntax provided."
question_17,optimized-tools_copilot-gemma4-26b,glm-5.1,"The question asks for the specific Rucio command to see a block's location. The answer suggests `rucio find block <block_name>`, which is not a valid Rucio command for this purpose — the correct command would be `rucio list-dataset-replicas` (since blocks map to datasets in Rucio). The alternative `rucio list-file-replicas` is a real command but lists file-level replicas, not block locations directly. The answer provides specific but incorrect/fabricated command syntax without any cited sources, which is worse than honest vagueness per the evaluation guidelines. The conceptual note about rules and replicas is correct but doesn't compensate for the wrong commands."
question_52,optimized-tools_copilot-gemma4-26b,glm-5.1,"The answer directly addresses the question about the status of X509 to OIDC transition in CMS data management, providing historical context, current operational status (reversion to X509), and the reason for that status. It includes specific details like FTS version numbers, a ticket reference (CMSTRANSF-841), and a timeframe (early 2024). The answer cites documentation and a ticket number as sources, though the actual source content isn't available for verification. An operator would come away with a clear understanding that production currently uses X509, why that decision was made, and where token support stands technically."
question_53,optimized-tools_copilot-gemma4-26b,glm-5.1,"The question asks specifically when Monte Carlo data stopped being sent to CERN tape. The answer directly provides a date (March 21, 2024), a JIRA ticket reference (CMSTRANSF-864), the rationale, and the technical implementation detail (setting wmcore_output_tape to False). This is highly relevant and complete. For specificity, the answer provides concrete details with a cited source reference, though the JIRA ticket cannot be independently verified here — it's specific and actionable, but the guardrail about unsupported specifics gives some pause since the claims about the ticket's contents cannot be confirmed. Helpfulness is high as an operator could look up the referenced ticket and take action. Source faithfulness is moderate since no actual source text was provided to verify claims against, making it impossible to confirm the answer accurately reflects what CMSTRANSF-864 actually states."
question_35,optimized-tools_copilot-gemma4-26b,glm-5.1,"The question asks how to check file integrity, and the answer directly addresses this with two methods: basic checksum validation using Rucio and in-depth decompression checking using run_check.py. The answer is highly relevant and covers the topic comprehensively, including commands, tool options, input formats, and caveats. However, for specificity, the answer provides detailed commands and tool names without citing any sources or documentation to verify these claims exist—per the guardrail, unsupported specifics are concerning. The helpfulness is high because an operator could act on this information. Source faithfulness receives a middle score because no sources were referenced, so there's nothing to contradict but also nothing to validate the claims."
question_36,optimized-tools_copilot-gemma4-26b,glm-5.1,"The answer directly addresses why a rule may get stuck in INJECT state, providing specific causes (IntegrityErrors from concurrent operations, resource contention during deletion) and a concrete JIRA ticket reference (CMSTRANSF-1321). It includes actionable diagnostic advice (check Rucio injector logs for ReplicationRuleCreationTemporaryFailed) and a helpful summary table distinguishing between error patterns. The answer is specific and grounded in a cited ticket, though the table's second row about STUCK/SUSPENDED states is tangential to the core question."
question_3,optimized-tools_copilot-gemma4-26b,glm-5.1,"The question asks how to extend a user quota at T2_CN_Beijing in Rucio, and whether there's a wiki or application webpage to follow. The answer directly addresses both parts: it provides the CMS SST URL for site capacity management and explains the policy that individual user quotas are typically not granted, citing specific JIRA tickets. It distinguishes between site-level RSE quota (which can be managed) and individual user quotas (which require DM operations involvement). The answer is well-structured with actionable recommendations. Minor deduction for the site capacity information being tangential to the specific user quota question, though it's relevant context. The specificity is strong with concrete URLs, ticket numbers, and policy details, though I cannot verify the JIRA ticket references are accurate without source access."
question_45,optimized-tools_copilot-gemma4-26b,glm-5.1,"The question asks about the primary use of two specific Rucio accounts, and the answer directly addresses both with clear, distinct explanations. The answer provides specific service names (WMAgent, MSOutput, MSRuleCleaner), concrete behaviors (locking blocks at production sites, one-month lifetime rules), and context about data lifecycle. However, the answer references 'the documentation' without citing specific sources or showing retrieved text, making it difficult to verify the specific claims. The details appear domain-accurate but lack explicit source attribution. An operator would find this informative for understanding system behavior and troubleshooting rule-related issues."
question_37,optimized-tools_copilot-gemma4-26b,glm-5.1,"The answer addresses both parts of the question (how MSUnmerged works and open issues), staying on-topic throughout. However, the explanation of how MSUnmerged works is surface-level — it says the service 'manages' unmerged data but doesn't explain the actual mechanism (e.g., deletion of unprotected files, the cleanup lifecycle). The 'open issues' section admits there are no explicitly open critical bugs and instead discusses historical tickets and monitoring, which partially dodges the question. Specificity is a mix: concrete JIRA ticket numbers and a Grafana dashboard URL are provided, but the core functional explanation is vague. Source faithfulness seems reasonable given the answer references documentation and JIRA tickets, with claims appearing grounded in those sources."
question_18,optimized-tools_copilot-gemma4-26b,glm-5.1,"The answer directly addresses the question by providing a command to create a container in Rucio. However, it claims 'Based on the Rucio documentation' without citing or showing any actual source, making this an unsupported specific claim. The standard Rucio CLI command is typically 'add-container,' not 'create_cnt,' so the provided command appears to be fabricated or from an unreliable source. While the answer is relevant and covers the question's two parts (how to create and the command), the unsupported and likely incorrect command significantly undermines its usefulness and trustworthiness."
question_19,optimized-tools_copilot-gemma4-26b,glm-5.1,"The question asks for the Rucio CLI command to create a rule, and the answer directly provides `rucio add-rule` which is the correct base command. However, the syntax provided is incomplete — the actual command requires a `<copies>` parameter between the dataset identifier and RSE expression, making the shown syntax incorrect. The answer admits the sources covered listing/inspecting rules, not rule creation, meaning it extrapolates beyond available source content. An operator using the provided syntax would get an error, requiring significant additional investigation to find the correct syntax."
question_38,optimized-tools_copilot-gemma4-26b,glm-5.1,"The answer directly addresses both parts of the question - PnR Campaign manager responsibilities and the partial_copy parameter. It provides specific JIRA ticket references and configuration details for responsibilities, but for partial_copy, it honestly acknowledges the documentation lacks an explicit definition and offers an interpretation marked with hedging language ('likely specifies,' 'strongly implies'). This honest vagueness is better than fabricating a definition, but the completeness suffers since the meaning is not definitively explained. The answer provides actionable direction (check WmAgentScripts) but an operator would still need to investigate further for the partial_copy meaning."
question_21,optimized-tools_copilot-gemma4-26b,glm-5.1,"The question asks specifically how to set a quota for an account on a given RSE in Rucio. The answer directly addresses this by stating there's no direct command for this, then provides related alternatives: global account quotas, RSE-level capacity management, RSE limits, and monitoring usage. The answer is relevant and honest about the limitation, but doesn't fully solve the user's problem since account-specific RSE quotas aren't directly supported as described. It provides specific commands (rucio-admin config get, rucio-admin rse info, Python client methods) and configuration values, making it fairly specific. However, for helpfulness, an operator would still need significant additional investigation to implement account-level RSE quotas. Source faithfulness is moderate since the answer references 'available documentation' but the specific claims cannot be fully verified without seeing the sources."
question_22,optimized-tools_copilot-gemma4-26b,glm-5.1,"The question asks how to check which blocks in a dataset are not completed when DAS shows 75% block completion. The answer correctly identifies Rucio as the right tool but provides commands that are imprecise or not directly solving the problem (e.g., `rucio list-dataset` is not a standard command, and `rucio ls` doesn't directly show block-level completion). The advice to manually compare lists of files against expected lists is impractical for operators. The answer references `CMSTRANSF-341` as if it's a real JIRA ticket without any cited source, which is an unsupported specific claim. There are no retrieved sources provided, yet the answer presents specific ticket numbers, making source faithfulness problematic."
question_46,benchmarking-gemma4-think-on-bare-llm-20260415_080352,glm-5.1,"The question asks for a specific date regarding a CMS computing system, and the answer explicitly states it does not have that date, avoiding unsupported fabrication. While the answer is entirely on-topic and correctly identifies the context of the system (Relevance: 4), it fundamentally fails to provide the requested date (Completeness: 2). It is honestly vague about the date but provides specific places to look, such as ITSM logs and WLCG updates (Specificity: 3). An operator would have a starting point for their search but would still need to do significant investigation to find the actual date (Helpfulness: 3)."
question_1,benchmarking-gemma4-think-on-bare-llm-20260415_080352,glm-5.1,"The answer directly addresses the exit code 50513 error and the multi-site aspect, correctly reasoning that multi-site failures point to task configuration rather than site-specific issues. It references specific details from the provided logs (CMSSW_15_0_18, edm_pset_pickler.py, PSetTweak.json, LD_LIBRARY_PATH) and provides a systematic debugging approach. The answer is mostly specific and actionable, though some hypotheses (e.g., unpicklable objects, oversized PSet) are reasonable inferences rather than grounded in cited documentation. The checklist format makes it pragmatic for an operator."
question_23,benchmarking-gemma4-think-on-bare-llm-20260415_080352,glm-5.1,"The question is asked in a CMS Computing Operations context, where 'gridpack' refers to Monte Carlo generator gridpacks used in CMS physics simulation production (found via tools like dasgoclient, DBS, McM, or /cvmfs paths). The answer completely misses this domain, instead interpreting gridpack as a CFD/ANSYS or bioinformatics term and providing generic Linux/Windows file-finding commands. While the commands themselves are technically valid, they are irrelevant to CMS computing operations and would send an operator in the wrong direction. The unsupported claims about what 'gridpack' most commonly refers to are actively misleading."
question_39,benchmarking-gemma4-think-on-bare-llm-20260415_080352,glm-5.1,"The question is clearly about CMS trigger scouting datasets (HLTSCOUT and L1SCOUT) in the context of CMS Computing Operations. The generated answer completely misinterprets this as referring to DeepSeek-V3 training data pipelines, fabricating an entire narrative about proprietary AI datasets. This is a severe hallucination — the answer discusses the right dataset names but in an entirely wrong domain, providing confidently stated but fabricated specifics about DeepSeek's data policies. A CMS operator would be actively misled by this response, as it provides no information about the actual CMS policies governing these trigger scouting datasets (e.g., data retention, reconstruction, access, archival rules)."
question_24,benchmarking-gemma4-think-on-bare-llm-20260415_080352,glm-5.1,"The question is asked in the context of CMS Computing Operations, where 'campaign' refers to organized data processing efforts. The generated answer completely misses this context, suggesting video games, fashion, retail, and military operations instead. It provides zero information about the actual CMS campaign status. While it honestly admits lack of context rather than fabricating data, it fails to recognize the operational domain entirely, making it irrelevant and unhelpful for a CMS computing operator."
question_25,benchmarking-gemma4-think-on-bare-llm-20260415_080352,glm-5.1,"The question asks about finding logs for 'a workflow' in a CMS Computing Operations context, where 'workflow' specifically refers to CMS computing workflows (e.g., CRAB tasks, WMAgent workflows). The generated answer interprets 'workflow' generically and provides detailed instructions for GitHub Actions, Jenkins, Airflow, etc., which are not the CMS-specific systems an operator would be asking about. While the answer is detailed and well-structured, it fundamentally misses the domain context, making it largely irrelevant to the actual need. The specificity is wasted on the wrong systems, and a CMS operator would find no actionable information here."
question_26,benchmarking-gemma4-think-on-bare-llm-20260415_080352,glm-5.1,"The question asks about accessing WMAgent config in a CMS Computing Operations context, where WMAgent refers to the CMS Workload Management Agent—a well-known component managing workflow execution at computing sites. The generated answer completely misses this context, instead guessing at Huawei/cloud agents, generic Linux services, or IBM WebSphere agents, none of which are correct. While the generic Linux troubleshooting commands (ps, find) could marginally help locate files, the specific claims about IBM WebSphere plugin-cfg.xml, Huawei web UIs, and SD-WAN controllers are unsupported and misleading for a CMS operator. The answer fails to mention actual CMS WMAgent configuration access methods (e.g., the 'wmagent config' command, configuration files in the WMAgent install area, or the WMAgent web interface)."
question_47,benchmarking-gemma4-think-on-bare-llm-20260415_080352,glm-5.1,"The question asks for a specific data volume from a deletion campaign in 2025. The generated answer honestly states it lacks access to this information and explains why, which is appropriate per the evaluation principles (honest vagueness is better than unsupported specifics). However, the answer cannot address the actual content of the question at all—it provides no data, no figures, no path to find the information beyond a generic suggestion to upload documents. Relevance is moderate-high because the response directly acknowledges the question topic, but completeness and specificity are low since zero substantive information about the deletion campaign is provided. Helpfulness is low as an operator gains no actionable insight beyond knowing they need to look elsewhere."
question_40,benchmarking-gemma4-think-on-bare-llm-20260415_080352,glm-5.1,"The question asks about the MINIAOD policy change in 2025, which in CMS computing context refers to the Mini Analysis Object Data format used in CMS physics analysis. The generated answer completely misunderstands this context, treating MINIAOD as a possible typo and guessing it might refer to a Ministry policy or unrelated acronym. This reveals no awareness of CMS computing operations. The answer provides no actual information about the policy change and instead asks for clarification based on incorrect assumptions."
question_27,benchmarking-gemma4-think-on-bare-llm-20260415_080352,glm-5.1,"The question clearly asks about CMS Computing Operations 'Winter26 workflows' - a domain-specific reference to workflows in the CMS experiment context. The generated answer completely misses this context, treating 'Winter26' as a future calendar year and 'workflows' as a generic business term, suggesting Salesforce or DevOps connections. It provides no information about the actual CMS Winter26 workflows situation. While it honestly admits not having the information rather than fabricating details, it still fails to address the question in any meaningful way."
question_48,benchmarking-gemma4-think-on-bare-llm-20260415_080352,glm-5.1,"The user asked for a link to the 'workflow updater doc' in a CMS Computing Operations context. The assistant doesn't provide any link and instead asks for clarification, listing generic software categories. While the response acknowledges the request, it completely fails to deliver the core ask (the link). The assistant also doesn't demonstrate awareness of the CMS computing context, where 'workflow updater' likely refers to a specific internal tool. No concrete or actionable information is provided."
question_41,benchmarking-gemma4-think-on-bare-llm-20260415_080352,glm-5.1,"The question is about CMS Computing Operations, asking about 'trustpulists' (likely 'trust lists') configuration for 'minbias' (minimum bias) workflows in the CMS particle physics experiment. The generated answer completely misunderstands the domain - it interprets 'Trustpilot' as the consumer review website and 'Minbias' as an AI bias mitigation tool. The entire response about Trustpilot business profiles, review prompts, and feedback loops is entirely irrelevant to CMS computing operations. This is a case where the answer provides specific but fabricated/misapplied details about the wrong domain entirely, which is worse than honest vagueness."
question_42,benchmarking-gemma4-think-on-bare-llm-20260415_080352,glm-5.1,"The question asks about 'Unified source code' in a CMS Computing Operations context, where 'Unified' refers to the CMS Unified job submission/management system (a specific tool in the CMS computing infrastructure). The generated answer completely misses this context and instead provides generic information about various software projects with 'Unified' in their name (UKI, Unified Communications, etc.). This is fundamentally answering the wrong question. A CMS computing operator would be actively misled by this response, as it sends them searching through irrelevant repositories rather than the actual CMS Unified codebase."
question_4,benchmarking-gemma4-think-on-bare-llm-20260415_080352,glm-5.1,"The question asks to check a specific ticket (CMSPROD-368) and explain who/how sets MergedLFNBase. The answer cannot access the ticket and says so honestly, which is preferable to fabricating details, but it also fails to provide any CMS-specific guidance about where MergedLFNBase might be configured or set. The suggestions to paste ticket details are generic and don't give the operator a practical path forward. The answer addresses the general topic but can't fulfill either part of the request directly."
question_6,benchmarking-gemma4-think-on-bare-llm-20260415_080352,glm-5.1,"The question asks for a summary of activity in CMSDM and CMSTRANSF for 2025. The answer directly addresses the request by acknowledging the systems and explaining why it cannot provide the data (proprietary/internal data, knowledge cutoff). It is relevant but cannot deliver the requested content. Completeness is low because no actual summary of activity is provided for either system. Specificity is low since the answer is honestly vague—it cannot provide concrete details but doesn't fabricate any, which is better than inventing data per the guardrails, but still leaves the operator without actionable specifics. Helpfulness is limited; an operator gets a clear explanation of why the AI can't help and a path forward (provide data), but still must independently locate and supply all the relevant data."
question_7,benchmarking-gemma4-think-on-bare-llm-20260415_080352,glm-5.1,"The answer directly addresses the question by breaking down the code line's components and logic, making it relevant and fairly complete. However, the specificity is problematic: the answer provides detailed claims about acronym meanings (PhEDEx = 'Production for High Energy Physics', AAA = 'Authentication, Authorization, and Accounting') without citing any sources, and both are incorrect in the CMS context—PhEDEx stands for 'Physics Experiment Data Export' and AAA stands for 'Any data, Any time, Anywhere.' Per the evaluation guidelines, unsupported specific claims that are factually wrong score lower than honest vagueness. This makes the answer minimally helpful, as an operator relying on it would be misinformed about key domain concepts."
question_5,benchmarking-gemma4-think-on-bare-llm-20260415_080352,glm-5.1,"The answer directly addresses why it can't fulfill the request (inaccessible Jira link) and asks for the ticket details, which is highly relevant. However, it cannot provide the specific rucio commands requested since it can't access the ticket, leaving a significant completeness gap. The example rucio commands provided (e.g., 'rucio delete', 'rucio replicate', 'rucio transfer') are not accurate rucio CLI syntax — the actual CLI uses commands like 'rucio add-rule' — so these unsupported specifics could mislead an operator. The answer is somewhat helpful by explaining the limitation and requesting more info, but the incorrect command examples reduce its utility."
question_8,benchmarking-gemma4-think-on-bare-llm-20260415_080352,glm-5.1,"The question asks specifically about open tickets for decommissioning Russian T2s in a CMS context. The answer acknowledges the question but cannot provide the requested information since it lacks access to ticket tracking systems. While the response is honest about its limitations (which is better than fabricating ticket numbers), it only offers generic advice to 'check your organization's official issue tracking system' without pointing to any CMS-specific systems like GitLab, JIRA instances, or relevant communication channels that an operator would need."
question_9,benchmarking-gemma4-think-on-bare-llm-20260415_080352,glm-5.1,"The question asks for specific repeated topics in a range of CMSTRANSF tickets. The answer honestly acknowledges it lacks access to the ticketing system and cannot provide the requested information. This is an appropriate refusal rather than fabricating data, which aligns with the evaluation principles favoring honest vagueness over unsupported specifics. However, the core question remains completely unanswered — no topics are identified at all. The offer to analyze data if provided gives a minimal path forward but requires the operator to do all the data gathering themselves."
question_28,benchmarking-gemma4-think-on-bare-llm-20260415_080352,glm-5.1,"The question asks about PnR policy in CMS Computing Operations, where PnR likely refers to a specific operational procedure (e.g., 'Push and Run' or a similar computing operations workflow). The generated answer completely misunderstands the context, interpreting PnR as either VLSI 'Placement and Routing' or Logistics 'Pick and Route'—neither of which is relevant to CMS Computing Operations. The answer is thorough about irrelevant domains but entirely misses the actual question's context, making it fundamentally unhelpful for a CMS operator."
question_10,benchmarking-gemma4-think-on-bare-llm-20260415_080352,glm-5.1,"The question asks how to create a new Tier0 release in the CMS Computing context, where Tier0 refers to the CERN Tier-0 computing center's data processing software. The generated answer completely misunderstands this context, interpreting 'Tier 0' as a generic industry term for mission-critical infrastructure and providing lengthy DevOps best practices. While the answer is about 'releases' in a broad sense, it doesn't address the actual CMS Tier0 release creation process at all, making it mostly off-topic. An operator looking to create a CMS Tier0 release would find no actionable information here."
question_49,benchmarking-gemma4-think-on-bare-llm-20260415_080352,glm-5.1,"The question asks for a specific historical fact about when a configuration change occurred. The assistant correctly acknowledges it cannot access internal systems to provide this answer, which is honest rather than fabricating data. However, the core question remains unanswered. The suggested alternatives (git commands, CI/CD logs, monitoring tools) are relevant and include some actionable details like specific git log commands, but they are fairly generic suggestions that an experienced operator would likely already know."
question_50,benchmarking-gemma4-think-on-bare-llm-20260415_080352,glm-5.1,"The question asks about when FTS (File Transfer Service) enabled an 'overwrite-on-buffer' feature for CMS (Compact Muon Solenoid experiment) in a computing operations context. The answer completely misunderstands the domain, interpreting FTS as 'Full Text Search' and CMS as 'Content Management Systems' like WordPress/Drupal. This fundamental misinterpretation means the answer addresses an entirely different question. While the answer provides specific details about Solr and Elasticsearch, these are irrelevant and actively misleading for a CMS computing operator who works with CERN's data transfer infrastructure. The answer would send an operator in the completely wrong direction."
question_11,benchmarking-gemma4-think-on-bare-llm-20260415_080352,glm-5.1,"The question asks about deploying 'tier 0 replay' in a CMS Computing Operations context, which refers to a specific CMS workflow for reprocessing data at the CERN Tier-0 center. The generated answer completely misses this context and instead offers three generic DevOps interpretations (event sourcing, disaster recovery, traffic replay) that are irrelevant to CMS operations. While the answer is detailed within its own misguided framework, it fails to address the actual question being asked and could mislead an operator."
question_29,benchmarking-gemma4-think-on-bare-llm-20260415_080352,glm-5.1,"The question is specifically about CMS Computing Operations - where to check site readiness and downtime status referenced by production tickets. The answer admits it lacks access to internal systems, then provides generic DevOps advice (Jira, ServiceNow, Grafana, Datadog, Kubernetes, AWS) that doesn't reflect the actual CMS computing ecosystem (SSB, CRIC, CMS Dashboard, GOCDB, etc.). While the general categories are loosely relevant, the specific tools are wrong for the CMS context, making this potentially misleading. The answer is verbose but padded with generic advice rather than CMS-specific actionable information."
question_30,benchmarking-gemma4-think-on-bare-llm-20260415_080352,glm-5.1,"The question asks specifically about CMS Computing Operations rules (likely Rucio replication rules) staying in 'replicating' state for over two weeks without transitioning to 'stuck.' The answer provides generic distributed systems reasoning (AWS DMS, Kafka Connect) rather than CMS/Rucio-specific knowledge. While the general concepts (slow progress, continuous updates, resource starvation, threshold logic) are relevant to the abstract question, they lack the CMS-specific context an operator needs. The answer has a typo ('Reolidating') and provides no Rucio-specific commands, configuration details, or documentation references. For a CMS operator, this generic response requires significant additional investigation to find the actual system-specific answer."
question_31,benchmarking-gemma4-think-on-bare-llm-20260415_080352,glm-5.1,"The answer directly addresses the question about the differences between the three schedds, so relevance is high. However, the answer contains significant inaccuracies: it claims prodschedd is used 'by the vast majority of physicists for their daily analysis' (that's actually crabschedd's role), and it characterizes crabschedd as a 'middleware/interface' layer rather than an HTCondor schedd instance for user analysis jobs. These are fundamental misunderstandings. The specifics provided (criticality levels, workload descriptions) are unsupported by citations and contain errors, making them worse than honest vagueness per evaluation guidelines. A CMS operator relying on this would be actively misinformed about the purpose of each schedd."
question_12,benchmarking-gemma4-think-on-bare-llm-20260415_080352,glm-5.1,"The question asks specifically about creating rules using 'local account quota' for T2_CH_CERN with user identities in t2_ch_cern_local_users. The answer fails to recognize that 'local account quota' is a specific CMS computing mechanism and instead speculates about generic scheduler approaches (HTCondor, Slurm) that may not apply. The answer invents unsupported specifics like fictional config paths (`/etc/t2_ch_cern/rules.conf`) and directives (`ALLOW_QUOTA_EXTENDED`), which per the evaluation criteria is worse than honest vagueness. While partially relevant in discussing rule creation logic, it misses the actual system and could mislead an operator."
question_32,benchmarking-gemma4-think-on-bare-llm-20260415_080352,glm-5.1,"The question is clearly asking about CMS Computing Operations terminology—specifically file state transitions (staged → acquired → failed) in data management systems like PhEDEx or Rucio. The generated answer completely misinterprets this as a question about Mergers and Acquisitions (M&A), providing an elaborate but entirely irrelevant response about corporate finance. This is a catastrophic misunderstanding of domain context, making the answer wholly off-topic and actively misleading for a CMS computing operator."
question_13,benchmarking-gemma4-think-on-bare-llm-20260415_080352,glm-5.1,"The answer directly addresses how to derive a block name from a LumiList in DAS, providing a clear 3-step workflow with concrete DAS commands that match the provided query syntax. The commands use the actual run number (398420) from the question and are grounded in the DAS examples. It loses slightly on completeness because it doesn't mention that DAS supports combined queries (e.g., `file,run,lumi`) that could more directly map a specific run+lumi to a block in fewer steps, and it doesn't address the possibility of querying by lumi number directly. Specificity is strong with real command examples, though the iterative approach in Step 2 could be more efficient. Helpfulness is good—an operator can act on this immediately, though they may need to iterate through multiple datasets."
question_43,benchmarking-gemma4-think-on-bare-llm-20260415_080352,glm-5.1,"The answer directly and precisely addresses the question about why overwrite is not enabled for tape transfers, providing five well-structured reasons (ransomware protection, sequential nature, data integrity, compliance, versioning). It is highly relevant and covers the conceptual question comprehensively. However, for specificity, while it provides some technical details about tape technology (EOD markers, LTO, SEC Rule 17a-4), these are general industry knowledge rather than CMS-specific operational details or configurations with cited sources. The answer is educational but lacks CMS-specific context that would make it more actionable for a CMS computing operator, making it somewhat helpful but not immediately actionable for operational tasks."
question_14,benchmarking-gemma4-think-on-bare-llm-20260415_080352,glm-5.1,"The question is clearly in a CMS context (dasgoclient is a CMS tool, dataset path follows CMS conventions), but the answer repeatedly references LHCb tools and data structures, which is fundamentally wrong. In CMS, 'lumi ranges' refers to luminosity section ranges within a run, not 'physical integrated luminosity' as the answer suggests. The provided Python script looks for an LHCb-specific 'RunNumber' TNamed object that doesn't exist in CMS files. The correct CMS approach would be using `dasgoclient -query 'lumi file=...'` or `edmLumisInFile`. The answer provides specific but incorrect details, making it actively misleading rather than helpful."
question_33,benchmarking-gemma4-think-on-bare-llm-20260415_080352,glm-5.1,"The question asks about 'Production Output activity' in the context of CMS Computing Operations (a high-energy physics experiment at CERN). The answer completely misses this context and instead provides a generic IT/computing explanation of production output, business rules, and storage. In CMS Computing, Production Output has a specific meaning related to CRAB/WMAgent workflows, dataset rules, and storage systems like EOS/CASTOR. The answer addresses the three parts of the question structurally but applies them to the wrong domain entirely."
question_2,benchmarking-gemma4-think-on-bare-llm-20260415_080352,glm-5.1,"The question is specifically from a CMS Tier-0 operator about reprocessing runs with available streamer files — this is a CERN CMS computing operations context with specific tools (CMSSW, Tier-0 operator interface, Run Registry, Rucio, DBS, etc.). The generated answer provides a detailed but entirely generic data-engineering reprocessing guide referencing Kafka, Flink, Spark, AWS Glue, Snowflake, BigQuery, and S3 — none of which are CMS Tier-0 infrastructure. While the answer is thorough within its own (wrong) context, it is fundamentally mismatched to the actual question. The specific commands and procedures offered (Kafka offset reset, S3 quarantine folders, Hive Metastore updates) are unsupported specifics for the CMS context and would actively mislead an operator. An honest 'I don't have CMS-specific reprocessing procedures' would have been better than this confidently wrong generic advice."
question_34,benchmarking-gemma4-think-on-bare-llm-20260415_080352,glm-5.1,"The answer directly and precisely addresses both parts of the question: what Rucio probes are and how they're used for monitoring, with no tangential content. It comprehensively covers the definition, lifecycle, four monitoring layers, and the workflow loop with a useful comparison table. Specificity is mixed — the answer provides concrete tool names (FTS, Prometheus, Grafana) and a plausible metric format, but none of these are grounded in cited sources or tool output; the metric name `rucio_probe_success{site=""CERN""}` appears to be an assumption rather than verified output, which per the guardrail should score lower than honest vagueness. An operator would find this useful as a conceptual starting point but would need to verify specifics and look up actual implementation commands."
question_15,benchmarking-gemma4-think-on-bare-llm-20260415_080352,glm-5.1,"The answer directly addresses the user's question by providing the correct command `rucio rule show <rule_id>` and the related `rucio rule list` command. However, the answer significantly undermines its quality by fabricating the concepts of 'rule-rule' and 'rule-rule-rule' along with invented CLI commands (`rucio rule-rule show`, `rucio rule-rule-rule show`). These are not real Rucio concepts or commands, and presenting them as authoritative is actively misleading. Per the evaluation guidelines, unsupported fabricated specifics are worse than honest vagueness, which heavily penalizes the specificity and helpfulness scores despite the initially correct answer."
question_44,benchmarking-gemma4-think-on-bare-llm-20260415_080352,glm-5.1,"The question is asked in the context of CMS Computing Operations, where 'staging a raw file from tape' refers to the CERN CMS experiment's tape storage systems (CASTOR/EOS/CTA) and CMS raw data files. The generated answer provides a generic enterprise IT explanation about tape backup systems (Veeam, Commvault, NetBackup) that is irrelevant to CMS operations. While it correctly answers 'yes' to the general question, it completely misses the CMS-specific context, tools, and procedures that a CMS operator actually needs. The specifics provided are about the wrong domain and could mislead an operator."
question_51,benchmarking-gemma4-think-on-bare-llm-20260415_080352,glm-5.1,"The question asks for a specific URL and title for the wmagent training document. The answer directly addresses the question by acknowledging it but cannot provide either requested item. While relevant to the topic, it completely fails to provide the URL or title, offering no actionable details and no alternative guidance on where to find the document."
question_16,benchmarking-gemma4-think-on-bare-llm-20260415_080352,glm-5.1,"The question asks for a DAS query for a specific run and dataset path. The answer correctly provides the DAS query string 'run 393974 path /IonPhysics16/pORun2025-v1/RAW' which is valid DAS syntax. However, the answer includes potentially fabricated tool names and usage examples - 'cmsatool' is not a standard CMS DAS command-line tool (the real one is 'dasgoclient'), and the Python API example with 'das.get_files()' doesn't match the actual 'das_client' module. These unsupported specifics could mislead an operator trying to use those commands. The core query is correct and directly answers the question, but the surrounding tool-specific details lower the specificity score per the guardrails about unsupported specifics being worse than honest vagueness."
question_17,benchmarking-gemma4-think-on-bare-llm-20260415_080352,glm-5.1,"The answer correctly identifies that 'block' is not a standard Rucio term and attempts to map it to Rucio concepts. However, it has significant issues: (1) In CMS, 'block' is a PhEDEx term that maps to a Rucio dataset, and the answer misses this key mapping; (2) The command `rucio replica` is not a standard Rucio CLI command—the actual commands are `rucio list-file-replicas` and `rucio list-dataset-replicas`; (3) The claim that 'datasets don't have locations' is incorrect—`rucio list-dataset-replicas` shows where dataset replicas exist. The provided commands appear fabricated/hallucinated, which per the guardrails is worse than honest vagueness."
question_52,benchmarking-gemma4-think-on-bare-llm-20260415_080352,glm-5.1,"The answer fundamentally misinterprets the context of 'CMS' as a 'Content Management System' instead of the Compact Muon Solenoid experiment at CERN, which is the actual domain of the question. While it accurately discusses the general industry transition from X.509 to OIDC, applying it to web CMS architectures makes it completely off-topic for a CMS Computing Operations operator. Therefore, despite being detailed about the wrong subject, it fails to address the specific status of the transition in the particle physics data management context."
question_53,benchmarking-gemma4-think-on-bare-llm-20260415_080352,glm-5.1,"The question asks for a specific date or timeframe regarding when CMS (implied by 'we' and the system context) stopped sending Monte Carlo data to CERN tape. The generated answer provides a generic overview of WLCG tape storage evolution across all LHC experiments rather than addressing the specific CMS policy. While the general context about Run 2/Run 3 transitions is somewhat related, it fails to provide the specific CMS answer an operator needs, offering instead a broad essay that deflects to 'consult that experiment's memos.'"
question_35,benchmarking-gemma4-think-on-bare-llm-20260415_080352,glm-5.1,"The answer directly and precisely addresses the question by explaining the concept of checksums and providing step-by-step commands for Windows, macOS, and Linux. It is highly complete, covering prerequisites, CLI methods, GUI alternatives, and a summary of results. The answer is rich in specific, actionable details like exact commands (Get-FileHash, sha256sum) and tool names (7-Zip), making it immediately useful for an operator."
question_36,benchmarking-gemma4-think-on-bare-llm-20260415_080352,glm-5.1,"The question is asked in the context of CMS Computing Operations, where 'INJECT state' refers to a specific state in CMS data management systems (e.g., Rucio/PhEDEx rule processing). The generated answer completely misses this context and instead provides a lengthy, generic response about SDN, SOAR, ETL, and distributed systems that is irrelevant to CMS operators. While it attempts to answer 'why a rule gets stuck in INJECT,' it does so for the wrong domain entirely. The specific-sounding details (TCAM, OpenFlow, Raft/Paxos) are not just unhelpful — they are actively misleading for a CMS Computing operator who should be investigating Rucio rule issues, dataset locks, RSE availability, or FTS transfer problems."
question_3,benchmarking-gemma4-think-on-bare-llm-20260415_080352,glm-5.1,"The answer directly addresses the question about extending Rucio quotas at T2_CN_Beijing and provides guidance for both site admins and non-admins. It covers the 'how-to' aspect and points to resources. However, some specifics raise concerns: the 'rucio quota set' CLI command syntax may not be accurate (Rucio typically uses 'rucio-admin account limit' commands), the term 'Rucola' appears to be fabricated or misused, and the CMS Computing Wiki URL may not be correct. These unsupported specifics are problematic per the evaluation guardrails. The answer is relevant and fairly complete but the specificity is a mix of actionable content and potentially inaccurate details without proper citations."
question_45,benchmarking-gemma4-think-on-bare-llm-20260415_080352,glm-5.1,"The question asks specifically about the primary use of two Rucio accounts, and the answer directly addresses both with clear, distinct explanations for each. The answer identifies wma_prod as handling dataset registration and metadata for production campaigns, and wmcore_output as handling file registration and data movement for completed job outputs. This is operationally relevant knowledge that a CMS computing operator would need. While the answer lacks explicit citations to documentation or Rucio configuration, it provides architectural knowledge about account purposes rather than inventing fabricated data values, making it appropriately specific."
question_37,benchmarking-gemma4-think-on-bare-llm-20260415_080352,glm-5.1,"The question asks about 'msunmerged' in the context of CMS Computing Operations, where it refers to a microservice/component in the CMS data management workflow that handles unmerged datasets. The generated answer completely misunderstands the context, interpreting 'msunmerged' as a stellar physics concept ('merged solar mass' in binary population synthesis). This is entirely wrong for the CMS computing domain - the answer provides elaborate but irrelevant information about stellar mergers instead of the actual CMS computing service. A CMS operator would be actively misled by this response."
question_18,benchmarking-gemma4-think-on-bare-llm-20260415_080352,glm-5.1,"The question asks about creating a 'container' in the Rucio context, where a container is a logical collection of datasets. The generated answer fundamentally misunderstands the domain, interpreting 'container' as a Docker/OS container instead of a Rucio data management object. In Rucio, the command to create a container would be 'rucio add-container <scope>:<name>'. By providing Docker commands instead, the answer is actively misleading for a CMS operator who needs the Rucio command."
question_20,benchmarking-gemma4-think-on-bare-llm-20260415_080352,glm-5.1,"The answer directly addresses the question about Rucio v38 CLI structure changes, explaining the shift from flat 'verb-noun' to hierarchical 'noun-verb' commands and providing numerous concrete examples. The specificity is high with actual command conversions, though there's a minor typo ('ruciod delete-dataset' instead of 'rucio delete-dataset') and no citations to official documentation. The --help tip adds practical value for verification. An operator could immediately use this to convert their commands."
question_38,benchmarking-gemma4-think-on-bare-llm-20260415_080352,glm-5.1,"The question asks for two things: (1) documentation for PnR Campaign manager responsibilities, and (2) the meaning of `partial_copy`. The answer completely fails on the first part, admitting it can't access internal documentation. On the second part, it provides a detailed but entirely speculative explanation of `partial_copy` based on general industry patterns rather than actual PnR documentation. The unsupported specifics about what deep vs. shallow copies include/exclude are fabricated guesses that could mislead an operator if the real parameter behaves differently. Honest vagueness would have been preferable here."
question_21,benchmarking-gemma4-think-on-bare-llm-20260415_080352,glm-5.1,"The answer directly addresses how to set a quota in Rucio for an account on a given RSE, providing both CLI and Python API methods with syntax and examples. It covers prerequisites, setting, verifying, and removing quotas, plus important behavioral notes. The specificity is strong with concrete commands and code, though the commands aren't cited from official documentation, which introduces some risk if the syntax differs from the actual Rucio implementation (e.g., Rucio's quota management can vary by version and plugin configuration). Overall, an operator would have a clear, actionable path forward."
question_22,benchmarking-gemma4-think-on-bare-llm-20260415_080352,glm-5.1,"The question asks about CMS's DAS (Data Aggregation System), a specific web-based metadata query tool used in CMS Computing. The answer completely misidentifies DAS, treating it as an ambiguous acronym and offering generic data engineering solutions (Python set operations, SQL queries, bash file scans, PySpark) that have nothing to do with the actual CMS DAS tool. A CMS operator would need to know how to use DAS query syntax (e.g., querying dataset block status via dasgoclient or the DAS web interface), not write Python scripts or SQL against hypothetical databases. The seemingly specific code examples are unsupported and inapplicable to the real system, making them misleading rather than helpful."
question_46,benchmarking-gemma4-think-on-no-tools-20260415_170848,glm-5.1,"The question asks for a specific date when T0_CH_CERN_Tape was disabled for production output. The answer directly addresses this question, citing ticket CMSTRANSF-773 and placing the disabling 'during the HI run,' but honestly acknowledges the exact date is not stated in the source. The answer provides concrete details (ticket number, date of ticket, re-enablement command) while being transparent about its limitation regarding the precise disable date. This is an honest, specific answer that doesn't fabricate a date."
question_1,benchmarking-gemma4-think-on-no-tools-20260415_170848,glm-5.1,"The answer provides a thorough, well-structured analysis of the error log and offers actionable debugging steps. It correctly identifies that multi-site failures point to a payload/script issue rather than site-local problems, and the analysis of the log output (empty logicalFileName, the LD_LIBRARY_PATH line) is grounded in the actual error content provided. However, the JIRA ticket references (CMSPROD-324, CMSTZ-865/824, CMSPROD-218) appear to be fabricated — there are no cited sources or tool outputs supporting these claims. Per the guardrail, unsupported specifics are worse than honest vagueness. This fabrication lowers specificity and source faithfulness scores. The core debugging advice is still genuinely helpful to an operator, but following up on non-existent tickets would waste time."
question_23,benchmarking-gemma4-think-on-no-tools-20260415_170848,glm-5.1,"The question asks how to find the full gridpack file path, and the answer directly addresses this by providing two relevant contexts: finding paths in CMSSW configuration files and finding staged-out files via logs. The answer is specific and actionable, providing concrete CVMFS path structures, a Python code example with a full path, step-by-step instructions for log-based retrieval, and example log output. The examples cite specific source documents (2400931276288.html, debugging.md), and the content appears faithfully drawn from those sources."
question_39,benchmarking-gemma4-think-on-no-tools-20260415_170848,glm-5.1,"The answer directly addresses the question about HLTSCOUT and L1SCOUT dataset policies, providing detailed information about both permanent global copies and secondary regional copies with 1-year lifetimes. It cites specific sources (dm_policies.md documentation and CMSTRANSF-1215 ticket) and provides concrete details like subscription names, RSE expressions, and copy counts. The answer is highly relevant, complete, and specific with cited sources grounding the claims. However, the date 'August 29th, 2025' is a future date which raises a minor concern about source faithfulness, though the overall structure suggests the answer is faithfully representing its retrieved sources. An operator could act on this information immediately to understand and verify the policy."
question_24,benchmarking-gemma4-think-on-no-tools-20260415_170848,glm-5.1,"The question asks for the status of the 'Winter 26' campaign. The answer directly addresses this by explaining that no information about this campaign was found in the available documentation, citing specific older campaigns that were found instead. This is an honest, relevant response that doesn't fabricate data. However, it cannot actually provide the requested status, and while it mentions the limitation of static files, it doesn't offer guidance on where else to look (e.g., who to contact, which systems to check). The specificity is moderate - it includes concrete campaign names from search results but lacks actionable next steps."
question_25,benchmarking-gemma4-think-on-no-tools-20260415_170848,glm-5.1,"The answer directly addresses where to find full workflow logs by providing two specific locations (EOS for production logs and JobCache for WMAgent job logs), with exact paths, URLs, folder structures, and examples. It's highly relevant, covering the question completely with concrete, actionable details. The specificity is excellent - actual paths like `/data/tier0/srv/wmagent/current/install/tier0/JobCreator/JobCache/` and URLs are provided. An operator could immediately navigate to these locations. The answer explicitly references 'the available documentation' and 'the provided snippet,' and honestly acknowledges where source information is incomplete rather than fabricating details, demonstrating strong source faithfulness."
question_26,benchmarking-gemma4-think-on-no-tools-20260415_170848,glm-5.1,"The answer directly addresses how to access the wmagent config by identifying the config.py file, providing a specific file path, and explaining the need to restart components after modification. It also provides useful context about environment activation and secrets/certificates paths. The specificity is good with concrete paths and commands, though the answer references documentation without providing direct citations or quotes from sources, making it difficult to fully verify the claims. The answer appears internally consistent and provides actionable information an operator could use immediately."
question_47,benchmarking-gemma4-think-on-no-tools-20260415_170848,glm-5.1,"The answer directly addresses the question about data deletion in 2025 by clarifying that multiple campaigns existed and providing specific volumes for each. It covers JINR (~11 PB target), Q3 campaign (~2.5 PB freed via global invalidation), and Fall Edition (<200 TB). The answer provides concrete details with ticket references (CMSTRANSF-1088, CMSTRANSF-1248, CMSTRANSF-1217), making it specific and actionable. However, some figures represent targets or expected volumes rather than confirmed deleted amounts, and completeness is slightly reduced because not all campaigns may be covered and some referenced tickets (CMSDM-354, CMSDM-355) lack explicit volume totals."
question_40,benchmarking-gemma4-think-on-no-tools-20260415_170848,glm-5.1,"The answer directly and comprehensively addresses the question, detailing the 2025 MINIAOD policy change by contrasting the legacy two-copy permanent model with the new hybrid permanent/transient model. It provides highly specific, actionable details, including ticket numbers, subscription names, dataset patterns, and lifetime configurations, making it extremely useful for an operator. Since no retrieved sources were provided in the prompt to contradict the answer, and the answer cites specific tickets internally consistent with its claims, source faithfulness is assessed as high."
question_27,benchmarking-gemma4-think-on-no-tools-20260415_170848,glm-5.1,"The answer directly addresses the question about Winter26 workflow issues and provides a structured summary. However, it includes very specific claims (ticket number CMSPROD-359, date February 2026, specific task names) without citing any retrievable source, tool output, or documentation reference. Per the evaluation guardrails, unsupported specifics are worse than honest vagueness because they could be fabricated and would mislead an operator chasing a non-existent ticket. The phrase 'Based on the available documentation' is vague and provides no traceability. This significantly undermines specificity and helpfulness, and indicates poor source faithfulness since no sources are explicitly referenced."
question_48,benchmarking-gemma4-think-on-no-tools-20260415_170848,glm-5.1,"The question asks for a specific link to a document, which the answer cannot provide because it wasn't found in the search results. The answer is honest about this failure and offers related alternatives (monitoring.md, t0ast.md, summary.md) with brief descriptions of their content. While relevant to the request, it doesn't fulfill the core need (a direct link). The specificity is mixed - it names related documents but can't provide actual links. An operator would have a starting point but would need to investigate further."
question_41,benchmarking-gemma4-think-on-no-tools-20260415_170848,glm-5.1,"The question asks specifically what the TrustPUSites field should be set to for MinBias workflows. The answer provides useful context about the consequences of setting it to False (workflows stuck in _assigned_ state) and references CMSPROD-225, but explicitly acknowledges it cannot state a definitive correct value. It implies it should not be False but doesn't give a clear directive. The answer is relevant and provides some specific details (ticket reference, wmcore_pileup account, 1 TB storage margin), but the core question of 'what should it be' receives only an indirect, vague answer. An operator would understand the problem direction but still need to investigate the exact configuration value."
question_42,benchmarking-gemma4-think-on-no-tools-20260415_170848,glm-5.1,"The question asks for the location of 'Unified source code,' and the answer directly addresses this by acknowledging it couldn't find a direct match in the available sources, then provides what related information exists and suggests where else to look. This is an honest response that doesn't fabricate an answer. The answer is relevant but includes some tangential details (coding standards, code metrics) that don't directly help locate the Unified source code. It's incomplete in the sense that it can't provide the actual location, but this reflects a genuine gap in the retrieved sources rather than evasion. Specificity is mixed—there are some concrete references (dmwm/T0, file reference) but the core answer is honestly vague. An operator would have a starting point but needs significant further investigation."
question_4,benchmarking-gemma4-think-on-no-tools-20260415_170848,glm-5.1,"The question asks about CMSPROD-368 and specifically who and how MergedLFNBase is set correctly. The answer directly addresses both 'who' (Submitter/McM/PdmV and Assignor/Unified) and 'how' (with a concrete table of correct LFN values per data type), plus summarizes the ticket's resolution. It provides rich, specific details including exact paths, workflow names, and system components, all citing the JIRA ticket as source. The answer is internally consistent and appears well-grounded in the referenced ticket, though without direct source verification a perfect faithfulness score cannot be given."
question_6,benchmarking-gemma4-think-on-no-tools-20260415_170848,glm-5.1,"The answer directly addresses the question by summarizing activity in both CMSDM and CMSTRANSF for 2025, focusing on the T1_RU_JINR_Disk throughput issue as the most significant event. However, completeness is moderate—CMSDM coverage is detailed but CMSTRANSF is essentially just 'managing the fallout' from the same incident with no distinct CMSTRANSF-specific activities described, and it's unclear if this single incident represents the full scope of 2025 activity. Specificity is strong with concrete ticket numbers (CMSDM-320), site names, error types, and mitigation details (limiting to 50 outbound transfers), grounded in referenced JIRA documentation. The answer would be helpful to an operator seeking a summary of 2025's major operational issues. Source faithfulness appears reasonable given the answer explicitly references JIRA documentation and includes a disclaimer about source limitations."
question_7,benchmarking-gemma4-think-on-no-tools-20260415_170848,glm-5.1,"The question asks what a specific code condition does in WMCore. The answer attempts to explain it but admits it doesn't have the actual code. It incorrectly defines AAA as 'Attribute-Based Access Control/Authentication, Authorization, and Auditing' when in CMS computing, AAA stands for 'Any data, Anytime, Anywhere' (a data access mechanism), which would actively mislead an operator. The explanation is speculative throughout ('likely checking,' 'suggests,' 'appears to be'). The JIRA ticket references are tangentially related but don't explain the specific code. An operator would not gain a clear understanding of what this conditional actually does."
question_5,benchmarking-gemma4-think-on-no-tools-20260415_170848,glm-5.1,"The answer claims to provide specific rucio commands based on the JIRA ticket CMSTRANSF-1316, but the AI cannot actually access CERN's internal JIRA system. The specific dataset names, UUIDs, and exact command syntax are almost certainly fabricated. Per evaluation guidelines, unsupported specifics are worse than honest vagueness - an operator copying these fabricated commands could cause harm. The general concept of 'rucio dataset detach' is correct, but the specific details presented as coming from the ticket are unverified and misleading."
question_8,benchmarking-gemma4-think-on-no-tools-20260415_170848,glm-5.1,"The question asks about open tickets for decommissioning Russian T2s, and the answer directly provides three specific ticket numbers (CMSTRANS-1CA, CMSTRANS-1333, CMSTRANS-1006) with details about which sites they cover and their purpose. It also provides context about the WLCG management board request driving the decommissioning. The answer is highly relevant, complete, and specific with actionable ticket numbers and site names. However, for source faithfulness, the answer references 'available documentation' and 'retrieved documents' but without the actual sources visible, I must give a slightly conservative score on that dimension. The specificity is strong with concrete ticket IDs and site names."
question_9,benchmarking-gemma4-think-on-no-tools-20260415_170848,glm-5.1,"The question asks for the most repeated topics across CMSTRANSF tickets 1059-1400, which requires analyzing ticket content and counting topic frequencies. The generated answer merely lists three raw source references (CMSTRANSF-108, CMSTRANSF-1070, CMSTRANSF-1080) with no actual content, no topic identification, and no frequency analysis. One referenced ticket (CMSTRANSF-108) even falls outside the requested range. This is essentially a non-response — raw citations without any synthesis or answer."
question_28,benchmarking-gemma4-think-on-no-tools-20260415_170848,glm-5.1,"The question asks about the PnR policy covering operations and request handling by different parties. The answer directly addresses both aspects: it breaks down operations (PnR operators monitoring workflows) and request handling by different parties (Users/Groups for data recalls, DM Ops for centralized management, Computing Sites for file invalidation). It includes specific JIRA ticket references (CMSPROD-335, CMSTRANSF-541), Rucio flags, and concrete mechanisms. The answer is honest about limitations ('no single Policy Document explicitly titled as such') and marks one mechanism as 'proposed' rather than established, showing care with claims. It could be more complete on some operational details and certain claims could have more direct source citations, but overall it provides a well-structured, actionable overview."
question_10,benchmarking-gemma4-think-on-no-tools-20260415_170848,glm-5.1,"The answer directly addresses creating a Tier0 release with relevant preparation, building, and distribution steps. However, it has notable gaps: the core 'building' section only mentions tagging without explaining actual build commands or procedures, and it skips which branches to use for pktools/cmsdist despite saying they're needed. Specificity is mixed—there are concrete details like vocms055, cms-comp-devs, t0.spec, and comp_gcc630, but the critical operational steps (how to tag, what build commands to run) are vague. An operator would get a useful framework but would need significant additional investigation to actually execute the release. Source faithfulness is moderate as the answer claims to be 'based on available documentation' with a URL but many specifics lack explicit citations."
question_49,benchmarking-gemma4-think-on-no-tools-20260415_170848,glm-5.1,"The question asks for a specific date when wma_prod copies were reduced from 2 to 1. The answer directly addresses this question but honestly states that no definitive date exists in the documentation. It provides specific ticket numbers and dates that trace the evolution of wma_prod replica policies, which is useful context. However, the core question ('when') remains unanswered. The specificity is strong - actual ticket numbers and dates are cited. For helpfulness, an operator gets a starting point for investigation but doesn't get the definitive answer they sought. Source faithfulness appears solid as the answer is transparent about limitations and cites specific tickets without fabricating data."
question_50,benchmarking-gemma4-think-on-no-tools-20260415_170848,glm-5.1,"The question asks for a specific date when FTS enabled the overwrite-on-buffer feature for CMS. The answer honestly states that no single specific date is available in the documentation, but provides substantial context: the correct feature name (overwrite_when_only_on_disk), configuration details, and a referenced JIRA ticket (CMSTRANSF-821) from February 2024 with relevant timeline context about the operational concern. The answer is relevant and specific with cited details, but cannot provide the definitive date the question seeks, making it only partially complete and somewhat helpful rather than fully actionable."
question_11,benchmarking-gemma4-think-on-no-tools-20260415_170848,glm-5.1,"The answer directly and precisely addresses how to deploy a Tier 0 replay, covering prerequisites, configuration, deployment, and starting/verifying the agent. It provides highly concrete, actionable details including specific file paths, URLs, commands, and a summary checklist that an operator could immediately follow. The specificity is strong with wget commands, exact paths like /data/tier0/admin/, and commands like start_agent and runningagent. However, while the answer references 'available documentation,' it doesn't explicitly cite or quote specific sources for each claim, which slightly impacts source faithfulness scoring since claims can't be verified against explicit citations. Overall, the answer is comprehensive, highly actionable, and well-structured for an operator."
question_29,benchmarking-gemma4-think-on-no-tools-20260415_170848,glm-5.1,"The question asks specifically where to check site readiness and downtime status. The answer directly addresses this by identifying FTS metrics and Rucio as the two primary tools, which is on-topic throughout. It honestly notes there's no single dashboard URL rather than fabricating one. The answer provides concrete details like ticket numbers (CMSDM-278, CMSTRANSF-1261, CMSTRANSF-689), specific RSE attributes (skip_site_availability_update), and classification thresholds (>95%, <70%). However, it lacks specific URLs or dashboard locations, so an operator would still need to navigate to the right places within FTS and Rucio. Source faithfulness appears strong as claims are tied to specific ticket references."
question_30,benchmarking-gemma4-think-on-no-tools-20260415_170848,glm-5.1,"The question asks about specific cases where a rule stays in REPLICATING state for 2+ weeks without transitioning to STUCK. The answer correctly identifies that the two-week threshold applies to STUCK→SUSPENDED, not REPLICATING→STUCK, and explains that a rule stays in REPLICATING when the system doesn't recognize it as having failed ≥3 times. However, it doesn't enumerate specific real-world cases/scenarios (e.g., lock issues, RSE availability edge cases) that cause this behavior - it mostly restates the condition tautologically. The answer provides useful specific details about transition rules and practical advice to manually move rules to STUCK, but the core enumeration of 'cases' is incomplete."
question_31,benchmarking-gemma4-think-on-no-tools-20260415_170848,glm-5.1,"The answer directly addresses all three schedds and provides a clear comparison, making it highly relevant and complete. However, the answer explicitly states the distinctions are 'inferred from the operational context' and notes there's 'no single document that provides a direct comparative definition,' meaning the specifics provided (e.g., MINIAOD/NANOAOD, WMAgent, vocms/tier0/schedd) lack direct citations. This mix of specific but unsupported claims and inferred reasoning places specificity at 3 — some actionable content but not well-grounded in cited sources. Helpfulness is good (4) as an operator would understand the functional differences. Source faithfulness is also 3 since the answer admits to inferring beyond what sources directly state."
question_12,benchmarking-gemma4-think-on-no-tools-20260415_170848,glm-5.1,"The answer addresses the question about creating rules using local account quota for T2_CH_CERN, providing relevant context about e-groups, quota constraints, and workaround patterns. However, it lacks actual Rucio commands or a step-by-step procedure for creating rules, focusing instead on explaining constraints and proxy account patterns. The specific details (e-groups, JIRA ticket references) are cited, but the actionable "
question_32,benchmarking-gemma4-think-on-no-tools-20260415_170848,glm-5.1,"The question asks three things: who controls the staged-to-acquired transition, how it works, and how it can go to failed. The answer addresses all three parts, naming specific systems (ACDC, ms-transferor), explaining the retry exhaustion mechanism for FAILED, and mentioning manual intervention possibilities. However, the answer explicitly acknowledges that 'Acquired' isn't well-defined in its sources, making interpretive leaps to map it to SUBMITTED/READY states. The specificity is decent with ticket references and system names, but some claims about orchestration systems appear to go beyond what sources directly state. The answer is helpful overall but requires the operator to reconcile terminology gaps."
question_13,benchmarking-gemma4-think-on-no-tools-20260415_170848,glm-5.1,"The answer directly addresses the question of how to get dataset/block names from a LumiList using DAS. It correctly identifies that the LumiList contains run numbers that can be used as query keys, and provides concrete DAS query examples using the actual run number from the user's example (398420). However, the answer doesn't address the lumi range portion of the LumiList ([550, 700]), nor does it mention more targeted queries like 'block dataset=<name> run=398420' which would be more precise once a dataset is identified. It also doesn't discuss that 'block run=398420' could return many results across many datasets, which may require further filtering."
question_43,benchmarking-gemma4-think-on-no-tools-20260415_170848,glm-5.1,"The question asks why overwrite is not enabled for tape transfers. The answer directly addresses this, explaining that tape storage is traditionally rigid about file existence to prevent corruption/unmanaged duplicates, then provides extensive context about how this has evolved with specific JIRA ticket references. The answer is highly relevant and fairly complete, covering the core reason, historical incidents, evolution of the feature, and limitations. However, the specificity dimension requires careful consideration: the answer provides very specific ticket numbers (CMSTRANSF-567, CMSTRANSF-959, CMSTRANSF-1015, CMSDM-194), exact dates (August 9, 2024), and specific failure counts (over 50k/hour) without showing the actual source content or tool output to verify these claims. These could be fabricated details, which per the guardrails is worse than honest vagueness. Without visible retrieved sources, source faithfulness must be assessed on internal consistency—the answer is internally consistent with its cited tickets, but I cannot verify accuracy. The answer is quite helpful for an operator, providing actionable context about the feature's evolution and current status."
question_14,benchmarking-gemma4-think-on-no-tools-20260415_170848,glm-5.1,"The answer addresses the user's question about getting lumi ranges in specific files with two methods: OMS API and das-selected-lumis.py. The second method directly answers the question about file-level lumi ranges, while the OMS API approach provides run-level lumi totals (slightly tangential but related). Specific commands are given, but the ticket references (CMSTZ-798, CMSTZ-937) are unsupported specifics — no source output is shown to verify these exist, which triggers the guardrail against fabricated claims. The piped command using das-selected-lumis.py is actionable, making the answer helpful overall, though the unsupported ticket citations pull down source faithfulness and specificity scores."
question_33,benchmarking-gemma4-think-on-no-tools-20260415_170848,glm-5.1,"The answer directly addresses all three parts of the question: description of Production Output activity, rule creation process, and output destinations. It provides specific technical details like the MSOutput microservice, Rucio subscriptions, unifiedConfiguration.json, RSE expressions, ddm_quota weighting, and the wmcore_output account. The FNAL tape-disable example adds operational context. However, some specific claims (exact RSE expression strings, configuration keys) lack direct citations, which slightly reduces the specificity score under the anti-fabrication guardrail. The answer is well-structured and an operator would have a clear understanding of the system, though they'd need to verify some exact values."
question_2,benchmarking-gemma4-think-on-no-tools-20260415_170848,glm-5.1,"The answer directly addresses reprocessing runs with streamer files, staying on-topic throughout. However, it acknowledges it cannot provide the actual reprocessing command/workflow, which is the core of the question. It provides useful preparatory steps (verify files exist, prevent deletion, update Twiki) with concrete details like paths and script names, but the critical operational step of triggering reprocessing is missing. The specificity is a mix — concrete paths and script references are helpful, but the actual reprocessing procedure is vague. Source faithfulness appears reasonable as the answer references specific documentation items and is transparent about gaps in its source material."
question_34,benchmarking-gemma4-think-on-no-tools-20260415_170848,glm-5.1,"The answer directly addresses both parts of the question: what Rucio probes are (Python-based automated health checks executed by Jobber) and how they're used for monitoring (Prometheus/Grafana metrics collection and Nagios/Alertmanager alerting). It provides rich, concrete details including directory paths, tool names, specific probe examples, and a ticket reference. The answer appears well-grounded in documentation as stated in the opening, with technical specifics that are internally consistent. An operator would gain a clear understanding of the monitoring architecture and could act on this information."
question_15,benchmarking-gemma4-think-on-no-tools-20260415_170848,glm-5.1,"The question asks for the CLI command to see more details about a Rucio rule, and the answer directly provides the exact command (`rucio rule-info <rule_id>`) along with what information it returns and related helpful commands. The answer is concise, on-topic, and gives an operator everything needed to act immediately. The specificity is strong with exact command syntax and concrete details about output fields, though the reference to 'available documentation' isn't tied to a specific cited source."
question_44,benchmarking-gemma4-think-on-no-tools-20260415_170848,glm-5.1,"The answer directly addresses the question about staging a single RAW file from tape, staying on-topic throughout. It honestly admits the documentation doesn't explicitly cover this, then provides context about Rucio rules and file-level granularity, and makes a reasoned inference that it should be technically possible. However, it cannot give a definitive answer or provide the specific command/procedure needed, which limits completeness and helpfulness. The ticket references (CMSDM-146, CMSTRANSF-1076, CMSDM-279) add specificity, but the actionable guidance ('use Rucio tools') is vague. Source faithfulness is good—the answer clearly marks its inference section and attributes claims to specific tickets without misrepresenting them."
question_51,benchmarking-gemma4-think-on-no-tools-20260415_170848,glm-5.1,"The question asks for a specific URL and title for the 'wmagent training document.' The answer directly addresses this by stating it cannot find that specific document, then offers two related alternatives with exact URLs and titles. The answer is relevant and honest about not finding the exact document. It provides specific URLs but they aren't what was asked for, making it partially complete and only minimally helpful since the operator still lacks the specific training document they need. The answer appears faithful to whatever sources it searched, honestly reporting the absence of the specific document rather than fabricating one."
question_16,benchmarking-gemma4-think-on-no-tools-20260415_170848,glm-5.1,"The question asks for a simple DAS (Data Aggregation System) query for a specific run and dataset. The correct answer would be straightforward: `dataset=/IonPhysics16/pORun2025-v1/RAW run=393974`. Instead, the answer provides incorrect query syntax (`/run393974/*` and `filename=*393974*` are not standard DAS syntax), incorrectly defines DAS as 'Data Acquisition System', and overcomplicates a simple query with lengthy explanations. The unsupported specifics (incorrect syntax stated confidently) are worse than honest vagueness per the evaluation guidelines."
question_17,benchmarking-gemma4-think-on-no-tools-20260415_170848,glm-5.1,"The question asks for a specific Rucio command to see block locations. The answer provides 'rucio block-location' as a command, but this is not a standard Rucio CLI command—the actual commands would be something like 'rucio list-dataset-replicas' or similar. The answer claims to be 'Based on the available Rucio documentation' but provides no actual citations or sources. This is an unsupported specific claim (a potentially fabricated command) which, per the evaluation guardrails, should score lower than honest vagueness because an operator would waste time trying a non-existent command."
question_52,benchmarking-gemma4-think-on-no-tools-20260415_170848,glm-5.1,"The question asks about the status of the X.509 to OIDC transition in CMS data management. The answer directly addresses this with a clear current status (reversion to X.509), cites a specific ticket (CMSTRANSF-841, March 2024), explains the reason (WLCG IAM changes), and provides relevant historical and software context (FTS versions). It's highly relevant and covers all key aspects an operator would need. Specificity is strong with concrete ticket references and version numbers. Helpfulness is high—an operator would walk away with a clear understanding of the current operational state."
question_53,benchmarking-gemma4-think-on-no-tools-20260415_170848,glm-5.1,"The answer directly addresses the question about when Monte Carlo data stopped being sent to CERN tape, providing a date (March 21, 2024) and a JIRA ticket reference (CMSTRANSF-864). However, the specificity score is constrained because while the answer provides concrete details (ticket number, date, Rucio command), it doesn't show the actual source content or tool outputs to verify these claims—it summarizes what the ticket allegedly says without citing or quoting it directly. This creates a concern under the guardrail about unsupported specifics versus honest vagueness. The answer is relevant and reasonably complete, and an operator could use the JIRA ticket reference to verify, making it somewhat helpful. Source faithfulness is middling because the claims can't be verified against shown sources."
question_35,benchmarking-gemma4-think-on-no-tools-20260415_170848,glm-5.1,"The question asks how to check file integrity in a CMS computing context. The answer directly addresses this with two methods: basic checksum validation using rucio (with exact command syntax and example) and in-depth decompression checking using run_check.py (with full usage instructions, arguments, options, and caveats). The answer is highly specific, providing actionable commands, flags, and input format details that an operator could immediately use. It acknowledges limitations like sampling vs. full scan, which adds practical value."
question_36,benchmarking-gemma4-think-on-no-tools-20260415_170848,glm-5.1,"The answer directly addresses why a rule may get stuck in INJECT state, providing three specific reasons with concrete technical details including error names (ReplicationRuleCreationTemporaryFailed, IntegrityErrors), scenarios (concurrent rule creation, deletion dependencies), and a specific JIRA ticket reference (CMSTRANSF-1321). The answer is well-structured and appears grounded in documentation sources it references. An operator would have clear indicators to look for and understand the transient nature of the issue."
question_3,benchmarking-gemma4-think-on-no-tools-20260415_170848,glm-5.1,"The question asks specifically how to extend a user's quota at T2_CN_Beijing in Rucio and whether there's a wiki or application page. The answer directly addresses the quota topic, distinguishing between site-level capacity and local user quota management. However, for the core question about user quota, the answer cannot provide a definitive, actionable procedure — it references CMSDM-87 as describing a quota management interface for local users but acknowledges it cannot confirm whether this interface is deployed or accessible. The SiteCapacity URL is specific but addresses site-level capacity, not individual user quotas. The answer is honest about its limitations, which is better than fabricating details, but this means an operator would still need significant follow-up investigation to actually extend a user's quota."
question_45,benchmarking-gemma4-think-on-no-tools-20260415_170848,glm-5.1,"The answer directly and precisely addresses the question about both Rucio accounts, explaining their primary uses with specific details about the services involved (WMAgent, MSOutput, MSRuleCleaner), the purposes of their rules, and lifecycle information. It provides concrete, actionable details that would help an operator understand these accounts' roles in the system. However, while the answer references 'available documentation' and 'Documentation notes,' it doesn't explicitly cite sources or tool outputs to support its specific claims, which slightly impacts specificity and source faithfulness scores."
question_37,benchmarking-gemma4-think-on-no-tools-20260415_170848,glm-5.1,"The answer directly addresses both parts of the question - explaining MSUnmerged's functionality and identifying open issues. It provides specific details including the CMSTZ-972 ticket reference, component names (WMStatserver, t0_reqmon), and the protectedLFNs interface, while honestly acknowledging where documentation is incomplete. The summary gives operators actionable context for troubleshooting. Source faithfulness appears solid as the answer is transparent about documentation gaps and doesn't overstate what's available."
question_18,benchmarking-gemma4-think-on-no-tools-20260415_170848,glm-5.1,"The question asks specifically for the Rucio command to create a container. In Rucio, containers are a well-defined dataset type, and the command is `rucio add-container <scope>:<name>`. The generated answer incorrectly claims no such command exists, then diverts to unrelated topics (rules, Docker containers). The provided `rucio rule add` syntax appears fabricated — Rucio's actual syntax is `rucio add-rule`. This makes the answer actively misleading: it denies the existence of a command that does exist and offers incorrect alternatives. The answer is on-topic (relevance ~3) but fails completeness by missing the actual command, provides unsupported/incorrect specifics, and would actively harm an operator's progress."
question_19,benchmarking-gemma4-think-on-no-tools-20260415_170848,glm-5.1,"The question asks specifically for the rucio CLI command to create a rule. The answer provides `rucio add-rule` as the typical command but explicitly notes this isn't from the provided documentation and requires verification of arguments. It includes tangential content about listing rules and configuration parameters that, while related, doesn't directly answer the question. The answer is honest about its source limitations but cannot provide the full command syntax, leaving an operator with a starting point but requiring significant additional investigation to actually execute the command."
question_20,benchmarking-gemma4-think-on-no-tools-20260415_170848,glm-5.1,"The user asks for the command compatible with the new Rucio CLI structure given they're on client version 38, but the answer provides only general principles about parameter ordering rather than clearly explaining what changed from old to new structure. The answer references a specific ticket (CMSDM-266) and documentation version (Docusaurus v3.8.1) without cited sources, which per evaluation criteria is worse than honest vagueness. The answer ultimately deflects by asking the user to provide their failing command rather than proactively addressing the known CLI changes."
question_38,benchmarking-gemma4-think-on-no-tools-20260415_170848,glm-5.1,"The answer directly addresses both parts of the question: PnR Campaign Manager responsibilities and the `partial_copy` parameter meaning. For responsibilities, it synthesizes information from JIRA tickets covering opening campaigns, pilot execution, enabling campaigns, and maintenance. For `partial_copy`, it references CMSPROD-125 and explains it controls partial input data placement with fractional values. The answer is honest about no single documentation existing for responsibilities. Specific details include tool names (MCM, cmsprodmon), repository names (WmAgentScripts), group names (HIN PAG, PdmV), and a parameter example (0.5). However, while the answer references sources like CMSPROD-125 and PRCAMPAIGNS project, it doesn't provide explicit citations or direct quotes, making it hard to fully verify all specific claims. The information is actionable and helpful for an operator."
question_21,benchmarking-gemma4-think-on-no-tools-20260415_170848,glm-5.1,"The answer directly addresses the question about setting quotas in Rucio but honestly reports that no direct per-account/per-RSE quota-setting command was found in the documentation. It provides specific alternative information (global config parameters, monitoring commands) but fails to deliver the core answer—how to actually set a per-RSE quota. The specificity is mixed: useful concrete commands for monitoring and config inspection, but vague guidance ("
question_22,benchmarking-gemma4-think-on-no-tools-20260415_170848,glm-5.1,"The answer addresses the question about checking incomplete blocks in DAS but provides mostly general guidance rather than concrete procedures. The JIRA ticket references (CMSTRANSF-341, CMSTRANSF-267, CMSTRANSF-366) appear as unsupported specifics—they cite specific ticket numbers with claims about their content but provide no source excerpts or evidence, which violates the guardrail that unsupported specifics score lower than honest vagueness. The actionable content is limited to vague suggestions like 'check Rucio' and 'use DAS interface' without actual commands or query examples. An operator would have a starting direction but would need significant additional investigation to execute."
question_46,benchmarking-gemma4-think-on-optimized-20260415_195013,glm-5.1,"The question asks for a specific date when T0_CH_CERN_Tape was disabled for production output. The answer directly addresses this by providing a timeframe (during the HI run) and referencing a specific JIRA ticket (CMSTRANSF-773, dated November 24, 2023). It honestly acknowledges that the exact date of disablement is not stated in the ticket, which is better than fabricating one. The answer is relevant and provides concrete details (ticket number, date context, reason) while being transparent about its limitations."
question_1,benchmarking-gemma4-think-on-optimized-20260415_195013,glm-5.1,"The answer directly addresses the 50513 exit code question with analysis of the provided error log and structured debugging steps, making it highly relevant. However, it references specific JIRA tickets (CMSPROD-324, CMSTZ-865, CMSPROD-218) without any cited source, which is an unsupported specific claim that the guardrails penalize. The log details (CMSSW version, architecture, script names) are accurately extracted from the provided error message, but the historical root cause analysis and JIRA references have no source support. The debugging steps are practical and actionable for an operator, though some reasoning about PSetTweak.json being malformed is speculative since the log snippet doesn't clearly show where the failure occurs."
question_23,benchmarking-gemma4-think-on-optimized-20260415_195013,glm-5.1,"The generated 'answer' is a raw dump of HTML/webpage content rather than a synthesized response. It includes source documents that contain relevant information about gridpacks (especially the gitbook page with paths like /store/group/phys_generator/cvmfs/gridpacks/ and /cvmfs/cms.cern.ch/phys_generator/gridpacks/), but the model failed to extract and present this information. The question asks how to find the full gridpack file path, and while the relevant data exists in the sources, it is completely buried in thousands of lines of unprocessed HTML markup. An operator would be unable to use this output."
question_39,benchmarking-gemma4-think-on-optimized-20260415_195013,glm-5.1,"The answer directly addresses the question about HLTSCOUT and L1SCOUT dataset policy, covering both the permanent disk copy requirement and the secondary 1-year lifetime copy, along with specific Rucio subscription names. However, the answer provides very specific details (subscription names, exact date of August 29th 2025, policy specifics) without citing any sources or evidence, which triggers the critical guardrail about unsupported specifics being worse than honest vagueness. A CMS operator couldn't verify these claims without additional investigation, reducing helpfulness. Source faithfulness is difficult to assess since no sources are referenced, but the lack of any source citation when making such specific claims is concerning."
question_24,benchmarking-gemma4-think-on-optimized-20260415_195013,glm-5.1,"The answer directly addresses the Winter 26 campaign question by stating it couldn't find information about it, which is an honest and relevant response. It provides specific details about older campaigns found in the records (with ticket numbers like PRCAMPAIGNS-189, 188, 187, 64), which demonstrates it actually searched available sources. The answer is helpful in that it gives the operator context about what exists and suggests next steps, though the operator will still need to investigate further. Source faithfulness appears strong as the specific ticket references seem grounded in retrieved records rather than fabricated."
question_25,benchmarking-gemma4-think-on-optimized-20260415_195013,glm-5.1,"The question asks where to find full logs for a workflow, and the answer directly provides two specific locations with detailed navigation instructions. The EOS URL and the JobCache path are concrete, actionable details that an operator could use immediately. The answer covers both recent production logs and WMAgent job logs with different statuses, though the archived job path is left vague (referencing 'debugging.md' without providing the actual path). The organizational structure explanation for EOS logs is particularly helpful. No sources are explicitly cited, but the details appear to be grounded in CMS infrastructure knowledge rather than fabrication."
question_26,benchmarking-gemma4-think-on-optimized-20260415_195013,glm-5.1,"The question asks how to access wmagent config, and the answer directly addresses this by providing a specific config file path and related environment details. However, the answer provides very specific file paths (e.g., `/data/tier0/srv/wmagent/current/config/tier0/config.py`) and commands without citing any sources or documentation, which triggers the guardrail against unsupported specifics—these could be fabricated and mislead an operator. The answer only covers one deployment type (T0 WMAgent) despite implying there are others, and the environment/secrets section, while related, is tangential to the core question of accessing the config. Since no sources are referenced at all, source faithfulness is low—the answer makes extensive specific claims without grounding them in any retrievable evidence."
question_47,benchmarking-gemma4-think-on-optimized-20260415_195013,glm-5.1,"The answer directly addresses the question about the deletion campaign 2025 by explaining that no information was found in the searched sources, rather than fabricating data. It provides specific details about where it searched (Rucio event logs, technical documentation, all 2025 events) and offers concrete next steps (dataset path, different campaign name, JIRA ticket ID). While it cannot provide the requested data amount, this is an honest limitation rather than a gap in effort. The answer is faithful to its search results, which returned no matching deletion events."
question_40,benchmarking-gemma4-think-on-optimized-20260415_195013,glm-5.1,"The answer directly addresses the question by summarizing the 2025 MINIAOD policy change, including the old policy, new policy, and technical implementation details. It covers all aspects one would expect from a policy change summary: what changed, why, and how. The answer provides specific, actionable details like subscription names (USMINIOAD, MINIOutsideUS, MINIAOD_GLOBAL_PERMANENT), RSE expressions, and lifetime values, though it references a source document ('short-term MINIAOD policy change plan') without formal citations. For source faithfulness, since this is a reference-free evaluation and no source text was provided to compare against, I'm scoring based on the answer's internal consistency and the fact that it explicitly references its source document."
question_27,benchmarking-gemma4-think-on-optimized-20260415_195013,glm-5.1,"The answer directly addresses the question about Winter26 workflow issues, providing a coherent summary with specific details like a JIRA ticket (CMSPROD-359), error type (SCRAMScriptFailure), campaign name (JME-Run3Winter26GS), affected sites (CERN and FNAL), and suspected cause (WM/PU configuration). It's relevant and reasonably complete for a summary request. However, the specificity dimension must account for the guardrail: the answer provides highly specific claims (ticket number, date, campaign name) without citing any sources or tool outputs, which risks fabrication and is worse than honest vagueness. An operator could potentially look up the JIRA ticket, making it somewhat helpful, but the unsupported specifics reduce trustworthiness. Source faithfulness is difficult to fully assess without seeing retrieved sources, but the answer doesn't reference any sources explicitly, so claims cannot be verified as supported."
question_48,benchmarking-gemma4-think-on-optimized-20260415_195013,glm-5.1,"The user asked for a link to the 'workflow updater doc,' and the answer honestly states it couldn't find that specific document, then offers related alternatives. The relevance is good because it directly addresses the request, though it can't fulfill it exactly. Completeness is partial — the actual link isn't provided, but alternatives are offered. Specificity is mixed — document names are mentioned but no actual links/URLs are given, which was the core of the request. Helpfulness is moderate — an operator gets some starting points but must investigate further to find what they actually need. Source faithfulness appears solid — the answer honestly reports what it found and doesn't fabricate a link."
question_41,benchmarking-gemma4-think-on-optimized-20260415_195013,glm-5.1,"The answer directly addresses the question by stating TrustPUSiteLists should be True for MinBias workflows, providing reasoning and related configuration (secondary_AAA). However, it cites specific JIRA ticket numbers (CMSPROD-225, CMSPROD-66) without any actual source retrieval or evidence to back these claims — this is exactly the kind of unsupported specificity the evaluation guidelines flag as problematic. The core advice (set the field to True) is actionable, but the ticket references could be fabricated and would mislead an operator trying to verify them. Source faithfulness is low because there are no provided sources to be faithful to, yet specific ticket citations are presented as if grounded in evidence."
question_42,benchmarking-gemma4-think-on-optimized-20260415_195013,glm-5.1,"The question asks for the location of Unified source code. The answer directly addresses this but acknowledges it cannot provide the exact URL, instead offering related context from tickets and suggesting where to look. It's relevant but includes tangential details about monitoring and infrastructure that don't directly answer 'where.' It's incomplete in that the core question (the actual repository location) remains unanswered. Specificity is mixed — it provides concrete ticket references and a URL for the Getting Started page, but the main answer is essentially 'I don't know, check GitLab/GitHub.' This gives an operator a starting point but requires significant follow-up investigation. Source faithfulness appears reasonable — the ticket references seem drawn from retrieved sources, and the answer is transparent about its limitations."
question_4,benchmarking-gemma4-think-on-optimized-20260415_195013,glm-5.1,"The question asks about CMSPROD-368 and wants to understand who and how MergedLFNBase is set correctly. The answer directly addresses both parts: it explains that MergedLFNBase is set by the submitter at creation (McM/PdmV) and can be overridden by the Assignor at assignment (Unified/P&R). It provides specific correct values for different data types (/store/mc, /store/data, /store/results/, etc.) and explains the ticket's resolution — that the incorrect /store/data value on an MC task was inherited from submission but gets corrected during assignment. The answer is rich in concrete details like tool names, path values, and workflow statuses. Without access to the actual sources, source faithfulness is assessed based on internal consistency — the answer presents a coherent, detailed account that appears grounded in the ticket investigation."
question_6,benchmarking-gemma4-think-on-optimized-20260415_195013,glm-5.1,"The answer directly addresses both CMSDM and CMSTRANSF activity for 2025, which is relevant. However, it provides extremely specific details—dataset names, site names, file sizes, run numbers—without citing any actual data sources, tool outputs, or documentation. The reference to 'Run 2026C' and 'early 2026 data' in a question about 2025 activity is internally inconsistent and raises serious fabrication concerns. Per the guardrails, unsupported specifics are worse than honest vagueness because they could mislead an operator into believing fabricated data. The answer appears authoritative but cannot be verified, making it potentially harmful for operational decision-making."
question_7,benchmarking-gemma4-think-on-optimized-20260415_195013,glm-5.1,"The question asks about a specific code conditional in WMCore. The answer directly addresses both parts of the condition, explaining that the first checks if a node is in a list and the second checks an AAA-related flag. However, the answer admits it couldn't find the exact code in its sources and is inferring from general context, which is honest but limits the specificity and helpfulness. The interpretation of 'useAAA' as 'Authentication, Authorization, and Auditing' is speculative rather than grounded in retrieved source material. The answer is relevant and reasonably complete in covering both parts of the condition, but lacks the concrete context of what the if-block actually does when the condition is true."
question_5,benchmarking-gemma4-think-on-optimized-20260415_195013,glm-5.1,"The answer directly addresses the question by providing rucio commands for the operations in the JIRA ticket, so relevance is high. However, the rucio commands provided use incorrect syntax (`--dataset` and `--file` flags don't exist in the rucio CLI; the correct syntax is `rucio detach <dataset_did> <file_did>`). There's also an inconsistency where one command says 'TuneCR5' while the other says 'TuneCP5', suggesting possible fabrication. These unsupported specifics with wrong syntax would actively mislead an operator, making the answer less trustworthy than honest vagueness. The answer doesn't cite or quote the ticket content directly, so source faithfulness is questionable."
question_8,benchmarking-gemma4-think-on-optimized-20260415_195013,glm-5.1,"The question asks specifically about open tickets for decommissioning Russian T2s, and the answer directly addresses this with multiple ticket references and context about the WLCG management board request. However, the answer provides specific ticket numbers (CMSTRANSF-1333, 1334, 1006) without any cited sources or tool output, which the evaluation guardrails flag as potentially unsupported specifics that could be fabricated. While the site names follow standard CMS conventions and the context is plausible, an operator would need to verify these ticket numbers. Source faithfulness is moderate because no sources are explicitly cited to verify these claims against."
question_9,benchmarking-gemma4-think-on-optimized-20260415_195013,glm-5.1,"The answer directly addresses the question about repeated topics in CMSTRANSF tickets within the specified range, organizing them into four clear categories with specific ticket references. However, some cited tickets (CMSTRANSF-1020, 1047, 1008) fall outside the asked range of 1059-1400, which slightly undermines completeness and accuracy. The answer is highly specific with concrete ticket numbers, site names, and data volumes, but lacks cited sources or tool outputs to ground these claims. For a CMS operator, the thematic categorization provides a useful overview, though the out-of-range references and absence of source citations reduce trustworthiness. Source faithfulness is moderate since no sources are cited and some ticket references are outside the specified range."
question_28,benchmarking-gemma4-think-on-optimized-20260415_195013,glm-5.1,"The question asks about the current PnR policy for operations and addressing requests from different parties. The answer attempts to cover these topics but fundamentally misdefines PnR as 'Prompt and Retry/Prompt and Re-run' rather than 'Prompt and Reco' (Prompt Reconstruction), which is a significant error that undermines the answer's relevance. While it addresses the general subject area and covers multiple aspects (monitoring, tape recalls, site interactions, roles), the content includes specific claims with no cited sources — the Rucio flags, dashboard details, and proposed interfaces appear unsupported. The incorrect PnR definition could actively mislead an operator, reducing helpfulness. Without source citations, the claims about policy evolution and proposed interfaces cannot be verified, making this worse than an honest 'I don't have access to that information' response."
question_10,benchmarking-gemma4-think-on-optimized-20260415_195013,glm-5.1,"The answer directly addresses how to create a new Tier0 release with prerequisites and step-by-step instructions. It provides specific details like machine names (vocms05lar, though inconsistently referenced as vocms055 later), e-group names, repository names, and file names. However, there's an inconsistency in the VM name and the steps are somewhat high-level without specific git commands for tagging or detailed procedures for updating the spec file. Without access to retrieved sources, I cannot fully verify source faithfulness, but the internal inconsistency is concerning. An operator would have a reasonable starting point but would need additional investigation for exact commands."
question_49,benchmarking-gemma4-think-on-optimized-20260415_195013,glm-5.1,"The question asks for a specific date/time when wma_prod copies were reduced from 2 to 1. The answer directly addresses this by explaining that no single date exists, then provides relevant JIRA tickets (CMSTRANSF-717, CMSTRANSF-1080) with specific context about the progression of copy reductions. It's relevant and provides specific ticket references, but doesn't fully answer 'when' — instead explaining the complexity (block-level vs container-level rules). The specificity is strong with real ticket numbers and dates, and the answer appears to faithfully represent its cited sources. However, an operator still needs to investigate further to pin down the exact transition timing."
question_50,benchmarking-gemma4-think-on-optimized-20260415_195013,glm-5.1,"The question asks specifically WHEN FTS enabled the overwrite-on-buffer feature, which is a temporal question requiring a date or timeline. The answer clarifies the feature name, explains what it does, and describes how to enable it—but entirely fails to address the 'when' aspect. It also cites a specific ticket number (CMSTRANSF-821) without any source citation, which is an unsupported specific claim that could be fabricated. An honest 'I don't have that date information' would be more trustworthy."
question_11,benchmarking-gemma4-think-on-optimized-20260415_195013,glm-5.1,"The answer directly addresses how to deploy a Tier 0 replay with a comprehensive, step-by-step procedure covering prerequisites, configuration, deployment, and verification. It provides highly specific, actionable details including exact file paths, commands, URLs, and even a stop/restart command. The answer references 'the documentation' but doesn't provide explicit citations or source references for these specific claims, which introduces some risk of unsupported specifics. However, the details appear internally consistent and plausible for a CMS computing environment. An operator could reasonably follow these steps to complete a deployment."
question_29,benchmarking-gemma4-think-on-optimized-20260415_195013,glm-5.1,"The question asks WHERE to check site readiness and downtime status - a practical question about specific tools, dashboards, or interfaces. The answer discusses mechanisms (RSE attributes, automated processes) and metrics concepts (FTS vs Rucio) but fails to provide the actual locations where an operator would check status. No dashboards, URLs, tool interfaces, or specific commands are provided. The ticket references (CMSDM-258, CMSTRANSF-689, CMSDM-278) are specific but lack source citations to verify them, making them potentially unsupported. An operator reading this would still not know where to go look."
question_30,benchmarking-gemma4-think-on-optimized-20260415_195013,glm-5.1,"The question asks about cases where a rule stays in REPLICATING for more than two weeks without switching to STUCK. The answer directly addresses this by clarifying that the two-week threshold actually applies to STUCK→SUSPENDED transitions, not REPLICATING→STUCK. It explains that REPLICATING persists when transfers haven't reached the 3-failure threshold for STUCK, and provides specific JIRA ticket references for observed cases of prolonged REPLICATING states. The answer is well-structured, specific, and honestly notes where documentation lacks explicit information."
question_31,benchmarking-gemma4-think-on-optimized-20260415_195013,glm-5.1,"The answer directly addresses the question by explaining differences between all three schedds, covering their purposes, workloads, and environments. However, there are issues with specificity and source faithfulness: the CRAB acronym is incorrectly expanded as 'CMS Regional Analysis Bureau' when it stands for 'CMS Remote Analysis Builder', and the answer admits prodschedd is 'not explicitly detailed in the snippets,' suggesting some content is extrapolated rather than source-grounded. The comparison table includes claims about workload types (e.g., prodschedd handling 'Bulk production of MINIAOD, NANOAOD') that appear unsupported. While relevant and reasonably complete, the mix of unsupported specifics and one clear factual error reduces scores on specificity, helpfulness, and source faithfulness."
question_12,benchmarking-gemma4-think-on-optimized-20260415_195013,glm-5.1,"The answer directly addresses creating rules at T2_CH_CERN with the local user identity group, staying well on-topic. However, it focuses on permission mechanics (e-group membership) rather than the actual Rucio command syntax for creating rules with a local account quota, leaving a significant gap in completeness. Specific e-group names like `cms-CH_CERN-local` are provided but without cited sources or tool output, making them unsupported specifics that could be fabricated. An operator would understand the permission model but would not know the actual command to execute, limiting practical helpfulness. Source faithfulness is low because the answer references 'available documentation' without citing any specific sources, raising concerns about whether these claims are grounded or invented."
question_32,benchmarking-gemma4-think-on-optimized-20260415_195013,glm-5.1,"The answer directly addresses all three parts of the question: who controls the transition (Rucio orchestration/Transfer Agent), how it works (staged → transfer → checksum verification → acquired), and how it can fail (multiple scenarios listed). However, the specificity dimension is concerning — JIRA ticket numbers like CMSTRANSF-608 and CMSTRANSF-862 and specific error strings like _TRANSFER_FAILED:SOURCE:File not found are presented without any cited source or tool output, meaning they could be fabricated. Per the guardrails, unsupported specifics should score lower than honest vagueness. The answer provides a reasonable conceptual overview but mixes genuinely useful information (mention of Transfer Agent, checksum verification, declare_bad_file_replicas) with potentially invented specifics (ticket numbers, exact error formats). Source faithfulness is difficult to assess since the answer doesn't reference any retrieved sources, but it makes specific claims without attribution."
question_13,benchmarking-gemma4-think-on-optimized-20260415_195013,glm-5.1,"The answer directly addresses the task of translating a LumiList into a DAS query by correctly identifying the run number from the provided JSON. However, it suggests specific DAS commands (run=398420 lumi=550 and lumi run=398420 lumi=550) that are fabricated and not supported by the provided DAS query examples, making them unhelpful and potentially confusing. Furthermore, the answer is incomplete because a run number alone is insufficient to identify a unique block; blocks are subdivisions of datasets, so a dataset name is required to narrow down the results."
question_43,benchmarking-gemma4-think-on-optimized-20260415_195013,glm-5.1,"The question asks why overwrite is not enabled for tape transfers. The answer directly addresses this by explaining it's not a single policy but rather a safety/configuration constraint, providing specific context about corrupt files, duplicate transfers, and the technical challenges. It cites specific JIRA tickets (CMSTRANSF-821, CMSTRANSF-959, CMSDM-194, CMSTRANSF-567) with concrete details about error messages, recent feature changes (Overwrite-when-only-on-disk enabled August 9, 2024 for T0_CH_CERN_Tape), and new error categories introduced. The answer is highly relevant, comprehensive, and provides actionable specifics grounded in cited sources, though the ultimate answer is that this remains an active investigation area rather than a simple fix."
question_14,benchmarking-gemma4-think-on-optimized-20260415_195013,glm-5.1,"The user asks how to get lumi ranges from specific files returned by dasgoclient. The answer suggests using 'dasgoclient -query file=...' and claims the output will 'typically include the run and lumi information,' but this is misleading — the default file query does NOT return lumi ranges. To get lumi information, you need to use a query like 'lumi file=...' or 'file,lumi dataset=... run=...'. The suggested commands would return general file metadata, not lumi ranges, which makes the answer actively unhelpful despite being on-topic and providing specific commands."
question_33,benchmarking-gemma4-think-on-optimized-20260415_195013,glm-5.1,"The answer addresses all three parts of the question (description, rule creation, storage destinations) but with varying depth. The rule creation explanation is notably weak—it describes what rules are for and mentions they can be automated or manual, but never explains the actual mechanism of how rules are created. The storage destination section gives specific site examples but lacks actionable configuration guidance. Specific details like `skip_wmcore_output_tape_update: True` and site names suggest source grounding, but no explicit citations are provided, and the rule creation section relies on vague generalities. An operator would get useful context but would need significant additional investigation to actually create rules or configure output destinations."
question_2,benchmarking-gemma4-think-on-optimized-20260415_195013,glm-5.1,"The answer directly addresses how a Tier-0 operator should reprocess runs with available streamer files. It provides a structured workflow: verifying streamer availability (with specific script and config file paths), identifying files to invalidate, reprocessing, and then invalidating old files. The specificity is strong with concrete file paths and script names, though the ticket reference CMSTZ-1094 and some details lack visible source citations, creating some uncertainty about whether they are grounded or fabricated. Without access to the retrieved sources, source faithfulness is difficult to fully verify, but the answer appears internally consistent and references documentation/tickets as evidence."
question_34,benchmarking-gemma4-think-on-optimized-20260415_195013,glm-5.1,"The answer directly addresses both parts of the question: what Rucio probes are and how they're used for monitoring. It provides a clear definition, details the execution workflow with specific tools (Jobber, Prometheus Pushgateway, Nagios, Grafana), and gives monitoring objectives. However, the specific ticket number CMSTRANSF-1247 and probe name `rucio_probes_transfer_queues_status` are presented without any citation or source reference, which raises concerns about unsupported specifics. The architectural details about standard monitoring tools are actionable and likely accurate but also lack explicit source attribution. Overall, the answer is well-structured and informative but would benefit from source citations for the most specific claims."
question_15,benchmarking-gemma4-think-on-optimized-20260415_195013,glm-5.1,"The question asks for a CLI command to see details about a Rucio rule, and the answer directly provides `rucio rule-info <rule_id>` with proper syntax. The answer includes concrete, actionable details like what output to expect (state, error messages, creation time, lifetime) and related commands for listing rules. There are no unsupported specific claims—the commands and their described outputs are standard Rucio CLI behavior. Since no retrieved sources were provided, source faithfulness is scored neutrally as there's nothing to contradict but also nothing to cite."
question_44,benchmarking-gemma4-think-on-optimized-20260415_195013,glm-5.1,"The answer directly addresses whether it's possible to stage a single raw file from tape (yes) and provides some useful commands for identifying files and checking status. However, the critical staging operation itself is vague—the answer admits documentation doesn't explicitly list a single-file stage command and offers only general approaches like 'rule-based replication' without concrete commands. This mix of specific diagnostic steps and vague staging guidance creates a moderately helpful but incomplete resource for an operator."
question_51,benchmarking-gemma4-think-on-optimized-20260415_195013,glm-5.1,"The question asks specifically for the wmagent training document URL and title. The answer admits it cannot find the wmagent training document in the search results, which is honest, but then substitutes a CMSMONIT training page URL instead — which is a different document entirely. This means the answer fails to address the actual question (wrong document), provides a specific but misleading URL, and could send an operator to the wrong resource. The source faithfulness is moderate because the answer honestly notes the wmagent link isn't in the results, but offering an unrelated URL as a substitute goes beyond what would be helpful."
question_16,benchmarking-gemma4-think-on-optimized-20260415_195013,glm-5.1,"The question asks for a DAS query for a specific run and dataset path. The answer directly provides a concrete DAS query with the exact run number and dataset path from the question, along with a breakdown of the query syntax. The response is fully on-topic and addresses all parts of the question. The query syntax appears reasonable for DAS, though there could be minor variations in whether to use 'run' vs 'runs' or 'dataset' vs 'datasets' depending on DAS conventions, which slightly reduces helpfulness. No sources were provided or cited, so source faithfulness is neutral."
question_17,benchmarking-gemma4-think-on-optimized-20260415_195013,glm-5.1,"The question asks for a Rucio command to see block locations. The answer provides `rucio find --block <block_name>` as the primary command, but this is not a standard Rucio command syntax—Rucio typically uses datasets (CMS blocks map to datasets), and the correct command would be `rucio list-dataset-replicas`. The answer acknowledges its documentation was truncated yet still presents specific command syntax that appears unsupported. The alternatives mentioned (like `rucio list-replicas`) are real commands but don't directly answer the block location question."
question_52,benchmarking-gemma4-think-on-optimized-20260415_195013,glm-5.1,"The answer directly addresses the question about x509-to-OIDC transition status, providing current operational status (rollback to X509), reasons (WLCG IAM changes), and context about FTS progress. It covers all aspects a status question would require. However, it provides specific claims (March 2024 date, ticket CMSTRANSF-841, specific FTS version capabilities) without any cited sources or tool output, which per evaluation guardrails means unsupported specifics should score lower than honest vagueness. An operator would need to verify all these specifics before acting on them, reducing practical helpfulness. Source faithfulness cannot be properly evaluated since no sources are explicitly referenced."
question_53,benchmarking-gemma4-think-on-optimized-20260415_195013,glm-5.1,"The question asks for a specific date when Monte Carlo data stopped being sent to CERN tape. The answer directly provides this date (March 21, 2024), cites a specific JIRA ticket (CMSTRANSF-864), and includes additional context about the rationale and implementation (the RSE attribute change). The answer is highly relevant and complete for the question asked. It provides rich, concrete details — a ticket number, a date, and an exact command — all attributed to a cited source, which supports high specificity. An operator could immediately look up the referenced ticket and verify the date, making it quite helpful. Source faithfulness appears strong as the answer explicitly ties its claims to the cited JIRA ticket, though without direct access to the source content, a small degree of uncertainty remains."
question_35,benchmarking-gemma4-think-on-optimized-20260415_195013,glm-5.1,"The answer directly and comprehensively addresses how to check file integrity in the CMS environment, covering both basic checksum verification (using rucio) and in-depth content checking (using run_check.py). It provides specific commands, options, and practical considerations. The specificity is strong with concrete command syntax and option flags, though no explicit source citations or documentation references are provided to ground these claims. An operator could act on this information immediately. Since no sources are referenced in the answer, source faithfulness is hard to fully evaluate, but the claims appear internally consistent and reference real CMS tools (rucio, uproot)."
question_36,benchmarking-gemma4-think-on-optimized-20260415_195013,glm-5.1,"The question asks specifically why a rule may get stuck in INJECT state, and the answer directly addresses this with two specific reasons: temporary injection failures (with a named error) and integrity errors from concurrent operations. The answer is relevant and on-topic throughout, with no tangential content. It provides concrete error names (ReplicationRuleCreationTemporaryFailed, IntegrityErrors) and specific scenarios, making it actionable for an operator. The completeness is good but could potentially include additional reasons if they exist. The answer references documentation and provides specific technical details that appear well-grounded."
question_3,benchmarking-gemma4-think-on-optimized-20260415_195013,glm-5.1,"The question asks specifically about extending a user quota at T2_CN_Beijing in Rucio and requests a wiki or application webpage. The answer provides a concrete URL for site capacity management and acknowledges the distinction between site-level and user-level quotas, which is relevant and honest. However, the primary need (individual user quota extension) is only partially addressed — the main tool given is for site capacity, not user quota, and the answer ultimately defers to contacting the DM team for user-specific quotas. Specificity is good with a concrete URL and JIRA ticket references, though those ticket references lack direct citation links. Source faithfulness is moderate — the answer references specific tickets (CMSDM-44, CMSDM-87, CMSTRANSF-946) without showing retrieved source content to verify them against."
question_45,benchmarking-gemma4-think-on-optimized-20260415_195013,glm-5.1,"The question asks about the primary use of two specific Rucio accounts, and the answer directly addresses both accounts with clear, distinct explanations. For wma_prod, it explains the WMAgent production role, temporary locking of blocks, and MSRuleCleaner cleanup. For wmcore_output, it explains the MSOutput role for disk rules with one-month duration. The answer is highly specific with named microservices, processes, and conditions, though it lacks explicit citations to specific documentation passages."
question_37,benchmarking-gemma4-think-on-optimized-20260415_195013,glm-5.1,"The answer directly addresses both parts of the question (how MSUnmerged works and open issues), making it highly relevant. However, the explanation of how MSUnmerged works is partial—it covers fetching protected LFNs and WMStatsServer integration but omits core workflow details like cleanup logic, triggering mechanisms, and deletion processes. The 'open issues' section references CMSTZ-972 as a historical development task rather than clearly identifying current open issues affecting the service, leaving a significant gap. Specificity is mixed: concrete details like service names, paths, and a ticket number are provided, but the troubleshooting advice is generic. An operator would get a starting point but need substantial further investigation."
question_18,benchmarking-gemma4-think-on-optimized-20260415_195013,glm-5.1,"The question asks for the rucio command to create a container. The answer directly addresses this but admits the specific command wasn't found in the provided sources, then offers `rucio container-create <container_name>` as a guess based on 'standard usage.' This is an unsupported specific claim without citation. Per the evaluation principles, unsupported specifics score lower than honest vagueness. The answer is relevant and transparent about its limitations, but the command provided isn't sourced, reducing specificity and source faithfulness scores. An operator gets a starting point but must verify independently."
question_19,benchmarking-gemma4-think-on-optimized-20260415_195013,glm-5.1,"The question asks for a specific CLI command to create a rucio rule. The answer correctly identifies that the retrieved documentation didn't contain the exact syntax, and honestly states this limitation rather than fabricating details. It provides the likely command name (add-rule) and gives related commands (list-rules, rule-info), but these don't answer what was asked. The core request remains unfulfilled, making it only partially complete and minimally helpful. However, specificity scores slightly higher than a 1 because the answer is honestly vague rather than inventing unsupported specifics, and provides the correct command name direction."
question_20,benchmarking-gemma4-think-on-optimized-20260415_195013,glm-5.1,"The question asks for the command compatible with the new Rucio CLI structure for version 38. The answer directly addresses this by explaining the structural shift (flat to hierarchical) and providing the specific transformation from `rucio add-rule` to `rucio rule add`, along with a practical verification step. The answer references a specific ticket (CMSDM-266) for context on the old command. However, for completeness, it only covers one command transformation as an example rather than listing all changed commands, which may or may not be sufficient depending on the user's needs. The specificity is good with concrete examples and actionable verification, though the answer itself admits the documentation doesn't explicitly list the new command and the transformation is extrapolated from the general pattern. Source faithfulness is moderate - the ticket reference appears sourced, but the main answer about the new structure is presented as extrapolation rather than direct source content."
question_38,benchmarking-gemma4-think-on-optimized-20260415_195013,glm-5.1,"The answer addresses both parts of the question: PnR Campaign manager responsibilities and the `partial_copy` parameter. For responsibilities, it provides a well-structured list with specific examples. For `partial_copy`, it honestly acknowledges the definition isn't explicitly in the sources and provides a reasonable inference from context, citing specific tickets. The inference about `partial_copy` is transparently presented as implied rather than directly documented, which is intellectually honest but means the explanation isn't fully grounded in explicit source statements. The ticket references and campaign configuration examples add specificity."
question_21,benchmarking-gemma4-think-on-optimized-20260415_195013,glm-5.1,"The question asks specifically how to set a per-account, per-RSE quota in Rucio. The answer claims this isn't possible via a single direct command, then provides alternatives like global per-account limits and RSE-level limits. However, this is factually incorrect—Rucio does support per-account-per-RSE quotas via `rucio-admin account limit set` and the `set_account_limit` API. The answer provides specific details (config parameters, commands, API examples, a JIRA ticket) but they address different functionality than what was asked. An operator following this answer would not be able to set the quota they need."
question_22,benchmarking-gemma4-think-on-optimized-20260415_195013,glm-5.1,"The answer addresses the question about checking incomplete blocks in DAS but provides a somewhat roundabout solution focused on Rucio rather than direct DAS/DBS queries. It references a specific ticket number (CMSTRANS TRANSF-341) and 'search results' without any actual cited sources, which is an unsupported specific claim — exactly the type of fabrication the evaluation guardrails warn against. The command `rucio list-dataset-components` is offered but immediately hedged as possibly varying by version, reducing actionability. The answer doesn't clearly explain how to filter for incomplete blocks after listing components, leaving the operator with significant additional work."
question_46,benchmarking-gemma4-think-on-rag-only-20260415_152307,glm-5.1,"The question asks for a specific date when T0_CH_CERN_Tape was disabled. The answer directly addresses this by stating no specific date is available in the sources, but provides the best available detail: it was disabled 'during HI run' per ticket CMSTRANSF-773 (dated 2023-11-24). This is honestly vague rather than fabricating a date, which is appropriate. The answer is relevant and faithful to sources, with useful specific details (ticket number, quoted phrase), though it cannot fully answer the 'when' question due to source limitations."
question_1,benchmarking-gemma4-think-on-rag-only-20260415_152307,glm-5.1,"The answer directly addresses the 50513 exit code, correctly interprets it as a SCRAMScriptFailure during the SetupCMSSWPset phase, and provides a structured debugging approach. It appropriately notes that multi-site failure rules out site-specific issues and focuses on configuration-level causes. The answer provides specific, actionable steps including exact commands for local reproduction, specific files to inspect, and a prioritized list of likely culprits—all grounded in the provided log content. One minor issue: the answer suggests edm_pset_tweak.py might be the culprit, but the logs show it completing and producing output, so the exact failure point is slightly misidentified."
question_23,benchmarking-gemma4-think-on-rag-only-20260415_152307,glm-5.1,"The answer directly addresses the user's question about finding a gridpack file path by providing a concrete example of a CVMFS path structure and a related method for finding PFNs in logs. While it admits the context lacks the exact method for finding the path, it extracts the most relevant available information. The specificity is high due to the exact path example and log file name, though completeness is slightly limited by the lack of a direct search method."
question_39,benchmarking-gemma4-think-on-rag-only-20260415_152307,glm-5.1,"The question asks about the policy for HLTSCOUT and L1SCOUT datasets, and the answer is an honest refusal stating that the provided context doesn't contain this information. While the refusal is honest and trustworthy (not fabricating data), it provides zero substantive content about the question asked. It acknowledges the topic but doesn't answer any part of the question, offer any guidance on where to find the policy, or suggest any alternative steps an operator could take."
question_24,benchmarking-gemma4-think-on-rag-only-20260415_152307,glm-5.1,"The question asks about the status of a 'Winter 26' campaign, and the answer directly acknowledges this but explains that the provided context lacks any relevant information. While the response is on-topic and honest (not fabricating data), it fails to provide any substantive answer to the question. The answer is faithful to its sources but offers no actionable guidance or alternative paths for the operator to pursue."
question_25,benchmarking-gemma4-think-on-rag-only-20260415_152307,glm-5.1,"The answer directly addresses where to find workflow logs, covering three distinct methods: EOS for recent logs, wmagentJob.log for job-specific logs with paths varying by job state, and LogCollect for aggregated task logs. It provides concrete URLs and file paths, making it actionable for an operator. However, while the details appear to be standard CMS computing paths, no sources or citations are provided to support these specific claims, which slightly impacts the specificity and source faithfulness scores."
question_26,benchmarking-gemma4-think-on-rag-only-20260415_152307,glm-5.1,"The question asks how to access the WMAgent config, and the answer directly provides the config file name (config.py), a specific directory path, and the important operational note that components must be restarted after modifications. This is relevant and fairly complete for a straightforward question. However, the specific path `/data/tier0/srv/wmagent/current/config/tier0/config.py` appears to be Tier0-specific rather than general WMAgent, and no sources or citations are provided to support this path—making it an unsupported specific claim per the evaluation guidelines. An operator could act on this information but might be misled if they're working with a non-Tier0 agent. No sources were referenced, so source faithfulness is neutral."
question_47,benchmarking-gemma4-think-on-rag-only-20260415_152307,glm-5.1,"The answer directly addresses the question about data deleted in the 2025 deletion campaign, identifying multiple specific campaigns with concrete data amounts and ticket references. It covers three distinct campaigns (AODSIM, MIT, PIC) with specific volumes, though it doesn't provide a single total or clarify whether these represent all 2025 campaigns. The specificity is strong with exact GB/TB/PB figures and CMSTRANSF ticket numbers, and the answer appears to faithfully represent its stated 'provided context' sources without extrapolation."
question_40,benchmarking-gemma4-think-on-rag-only-20260415_152307,glm-5.1,"The answer directly addresses the question by providing a clear summary of the 2025 MINIAOD policy change, covering both the old and new policies. It includes highly specific, actionable details such as exact subscription names (`USMINIOAD`, `MINIOOutsideUS`, `MINIAOD_GLOBAL_PERMANENT`) and the 1-year lifetime parameter, which would allow an operator to understand and verify the changes immediately. The answer claims to be based on provided documents and presents coherent technical details consistent with CMS operations, indicating faithfulness to its sources."
question_27,benchmarking-gemma4-think-on-rag-only-20260415_152307,glm-5.1,"The question asks about Winter26 workflows, but the answer honestly states there's no information on Winter26 and instead provides details about Winter24 workflows. This is a reasonable approach—acknowledging the gap rather than fabricating Winter26 data—though it doesn't directly answer what was asked. The Winter24 summary is detailed and specific, including workflow series numbers, sites, memory concerns, and failure rates, which would be helpful if the operator meant Winter24. Source faithfulness is solid because the answer transparently notes the absence of Winter26 information and grounds its Winter24 claims in provided context."
question_48,benchmarking-gemma4-think-on-rag-only-20260415_152307,glm-5.1,"The question asks for a specific link to the workflow updater doc. The answer directly acknowledges it cannot provide this link because the context doesn't contain it, which is honest. It offers an alternative related link (T0 Data Service documentation), but this doesn't fulfill the actual request. The answer is relevant and faithful to its sources but incomplete and not very helpful since the operator would still need to find the actual workflow updater doc elsewhere."
question_41,benchmarking-gemma4-think-on-rag-only-20260415_152307,glm-5.1,"The question asks about 'trustpulists' which appears to be a misspelling or confusion with 'TrustPUSites'. The answer correctly identifies this related parameter and provides useful context (that when set to False, workflows were stuck in 'assigned' state). However, it cannot provide the actual recommended value, which is the core of what was asked. The answer is honest about not having the complete information rather than fabricating details."
question_42,benchmarking-gemma4-think-on-rag-only-20260415_152307,glm-5.1,"The question asks for the location of Unified source code, and the answer honestly states that the provided context doesn't contain this information. The answer is relevant because it directly addresses what was asked, but it cannot provide the actual location, making it incomplete. The specificity is low because no actionable details are given, though this is honest vagueness rather than fabrication. Helpfulness is minimal because an operator still has no path forward. Source faithfulness is high because the answer accurately represents what the context does and doesn't contain, including correctly noting the Grafana dashboard reference."
question_4,benchmarking-gemma4-think-on-rag-only-20260415_152307,glm-5.1,"The answer directly addresses both parts of the question: who sets MergedLFNBase (McM/PdmV at creation via ReqMgr2, Unified/P&R at assignment) and how it should be set correctly (specific values for MC, Real Data, and StoreResults workflows). It provides concrete, actionable details including exact LFN base paths and conditions for each workflow type, along with helpful context about the observed behavior during assignment-approved status. The answer appears to faithfully represent the ticket content with specific system names and workflow characteristics."
question_6,benchmarking-gemma4-think-on-rag-only-20260415_152307,glm-5.1,"The question asks for a summary of relevant activity in both CMSDM and CMSTRANSF for 2025. The answer directly addresses both systems, providing specific details for CMSTRANSF (activity ID, date, description) and honestly stating no information is available for CMSDM. The answer is constrained by available context but makes the most of it. The specific activity reference (CMSTRANSF-1130, dated 2025-03-26) appears grounded in source data rather than fabricated."
question_7,benchmarking-gemma4-think-on-rag-only-20260415_152307,glm-5.1,"The question asks about the functionality of a specific code snippet in WMCore. The answer is an honest refusal stating that the provided context doesn't contain the relevant information. This is directly relevant to what was asked (acknowledging the specific snippet), but doesn't actually explain what it does. It's completely lacking in completeness and specificity since no explanation is provided. For helpfulness, it's minimally useful — at least the operator knows they need to look elsewhere rather than being misled. For source faithfulness, the answer accurately represents that the sources don't contain the requested information."
question_5,benchmarking-gemma4-think-on-rag-only-20260415_152307,glm-5.1,"The question asks for Rucio commands related to a specific Jira ticket (CMSTRANSF-1316). The answer honestly states that the context doesn't contain information about that ticket and specifies which tickets are available instead. This is relevant and faithful to sources, but cannot fulfill the core request. It provides no Rucio commands and no alternative path forward for the operator."
question_8,benchmarking-gemma4-think-on-rag-only-20260415_152307,glm-5.1,"The answer directly addresses the question by providing two specific ticket numbers (CMSTRANSF-1334, CMSTRANSF-1333) for Russian T2 decommissioning, along with site names and the reason. However, the critical guardrail on specificity must be applied: the answer provides highly specific claims—ticket numbers, site names, and a policy reason—without any citations, tool output, or documentation references to support them. Unsupported specifics that could be fabricated are rated worse than honest vagueness. This significantly impacts helpfulness too, as an operator cannot trust these ticket numbers without verification. For source faithfulness, the answer makes extensive claims with no source support shown at all."
question_9,benchmarking-gemma4-think-on-rag-only-20260415_152307,glm-5.1,"The answer directly addresses the question by explaining why it cannot provide the requested topic analysis - the available context only contains two tickets in the specified range, which is insufficient to identify 'repeated' topics. It provides specific ticket numbers and summaries (CMSTRANSF-1326 and CMSTRANSF-1317), which are concrete details grounded in the available data. The answer is honest about its limitations rather than fabricating information, which is appropriate per the evaluation principles. However, while it explains the limitation well, the operator still cannot accomplish their original task without significant additional investigation."
question_28,benchmarking-gemma4-think-on-rag-only-20260415_152307,glm-5.1,"The question asks specifically about the 'PnR policy' regarding operations and addressing requests by different parties. The answer honestly states that the context doesn't explicitly define a PnR policy, then provides detailed information about Bringonline requests and QoS transitions as related operational procedures. While this information is concrete and well-detailed, it doesn't directly answer what the PnR policy is - it addresses adjacent operations rather than the specific concept asked about. The answer is faithful to its sources but the relevance and completeness suffer because the core concept (PnR policy) isn't actually explained."
question_10,benchmarking-gemma4-think-on-rag-only-20260415_152307,glm-5.1,"The answer directly addresses how to create a new Tier0 release with a well-organized, step-by-step procedure covering preparation, setup, PR creation, and finalization. It provides highly specific details including the VM name (vocms055), e-group (cms-comp-devs), file paths, git commands, repository names, and documentation URLs. The answer is actionable - an operator could follow these steps to complete the task. Source faithfulness appears strong given references to specific documentation and infrastructure, though I'm being slightly conservative as I cannot verify every claim against the original sources."
question_49,benchmarking-gemma4-think-on-rag-only-20260415_152307,glm-5.1,"The answer directly addresses the 'when' question with a specific month and dates, making it highly relevant and complete. However, it provides extremely specific claims—ticket number CMSTRANSF-1080, exact dates (Feb 17 and 19, 2025), filenames, and data volumes (10PB, 15PB)—without any cited sources, tool outputs, or documentation references. Per the evaluation guidelines, unsupported specifics are worse than honest vagueness because they may be fabricated and mislead an operator. The answer references 'According to the logs' but never shows or cites those logs, making these detailed claims entirely unverifiable. Source faithfulness is very low because extensive factual claims are made with zero visible source support."
question_50,benchmarking-gemma4-think-on-rag-only-20260415_152307,glm-5.1,"The question asks for a specific date when FTS enabled the overwrite-on-buffer feature for CMS. The answer honestly states that the provided sources don't contain the actual enablement date, then provides the best available timeline information: that as of February 12, 2024, the feature was only planned, implementation was expected 'in a few months,' and development was still ongoing. This is an honest refusal to fabricate data, supported by specific details from available sources."
question_11,benchmarking-gemma4-think-on-rag-only-20260415_152307,glm-5.1,"The answer directly addresses how to deploy a Tier 0 replay with a clear step-by-step procedure including specific commands, file paths, and verification steps. It covers the full workflow from configuration preparation through starting the replay. However, the answer provides very specific details (exact URLs, file paths, commands) while claiming to be 'based on the provided documentation' without any actual source citations or references, which raises concerns about whether these specifics are grounded. The procedure appears realistic and actionable for an operator, but the lack of source attribution means the specifics could be fabricated. Source faithfulness is difficult to assess fully without seeing the sources, but the answer's claim about 'provided documentation' without inline citations is a concern."
question_29,benchmarking-gemma4-think-on-rag-only-20260415_152307,glm-5.1,"The question asks where to check site readiness and downtime status, and the answer directly addresses both with specific sources. For site readiness, it provides a concrete URL and mentions the metrics used. For downtime, it names multiple specific sources (down15min path, EGI, OSG, gocdb) and the RucioStatus metric. The answer is well-organized and every part is on-topic. The specificity is strong—with actual URLs, tool names, and metric references that appear grounded in the provided context. A minor completeness gap is that the answer doesn't explicitly explain how to cross-reference these sources with production tickets, though it does answer where to find the status information."
question_30,benchmarking-gemma4-think-on-rag-only-20260415_152307,glm-5.1,"The question asks specifically about cases where a rule stays in REPLICATING for more than two weeks without switching to STUCK. The answer provides two relevant conditions (failure threshold not met, incomplete multi-copy transfers) but doesn't directly address the 'more than two weeks' time dimension - it explains general conditions for staying in REPLICATING vs. STUCK rather than what specifically causes prolonged REPLICATING states. The answer includes some specific details like 'three or more times' failure threshold and 'copies: 2' example but doesn't cite sources explicitly despite referencing 'provided context'. An operator would get a general understanding but not specific guidance on diagnosing or addressing rules stuck in REPLICATING for extended periods."
question_31,benchmarking-gemma4-think-on-rag-only-20260415_152307,glm-5.1,"The question asks about differences between three specific schedds, but the answer can only provide information about one (tier0schedd) and honestly admits it lacks context for the other two. The answer is relevant and source-faithful — it directly addresses the question to the extent possible and accurately represents what the sources contain. However, it is incomplete (only covers 1 of 3 schedds, cannot explain differences which is the core ask) and only moderately specific (provides concrete details like hostgroup name and config items for tier0, but nothing for the others). An operator would still need significant investigation to understand the differences, making it minimally helpful for the actual task."
question_12,benchmarking-gemma4-think-on-rag-only-20260415_152307,glm-5.1,"The answer directly addresses the question about creating rules with local account quota at T2_CH_CERN, though it acknowledges it lacks a complete how-to. It provides relevant specifics like the 'cms-CH_CERN-local' e-group requirement and the precedent at T2_DE_DESY with local user accounts, but it explicitly states it cannot provide instructions for 't2_ch_cern_local_users'. The answer is honest about its limitations rather than fabricating steps, which is appropriate. An operator would get useful context but still need significant investigation to complete their task."
question_32,benchmarking-gemma4-think-on-rag-only-20260415_152307,glm-5.1,"The question specifically asks about the transition from 'staged' to 'acquired' and how it can fail. The answer honestly admits the sources don't mention 'acquired' state, but then substitutes information about a different transition (STAGING to STARTED via QoS daemon). While the failure information is somewhat relevant, the answer doesn't address the core question about 'staged to acquired.' This substitution of a different state transition reduces relevance and completeness. The answer is specific about what it does cover (QoS daemon, state names) and appears faithful to sources by admitting limitations, but an operator would still lack the information they actually need."
question_13,benchmarking-gemma4-think-on-rag-only-20260415_152307,glm-5.1,"The answer correctly identifies that the LumiList key is a run number and provides DAS query syntax, which is relevant. However, it misses key aspects: the user likely already knows their dataset name (LumiList alone doesn't uniquely identify a dataset), the lumi range information (550-700) is completely ignored, and the two-step workflow of finding dataset from run then block from dataset is unnecessarily roundabout. A more direct and complete answer would show querying blocks with both run and dataset, e.g., `block dataset=<dataset> run=398420`, or using file/lumi queries that incorporate the lumi ranges. The answer is partially helpful but has significant gaps."
question_43,benchmarking-gemma4-think-on-rag-only-20260415_152307,glm-5.1,"The answer directly addresses why overwrite is not enabled for tape transfers, providing clear reasons (policy concerns about tape usage and hiding site problems) rather than just saying it's policy. It includes specific details like FNAL as an example Tier-1 site and FTS as the relevant service, and references its sources with 'according to the provided context.' The answer is concise and focused without unnecessary padding."
question_14,benchmarking-gemma4-think-on-rag-only-20260415_152307,glm-5.1,"The user asks specifically how to get lumi ranges *in these files*, meaning per-file lumisection ranges. The answer acknowledges this can't be done directly from the provided context and pivots to run-level luminosity methods (OMS API, brilcalc, Brilview), which don't answer the file-level question. The OMS example is specific but retrieves run-level delivered_lumi and duration, not lumi ranges per file. The answer is honest about its limitations and doesn't fabricate commands, which is good, but the core question about per-file lumi ranges is only partially addressed through indirect alternatives."
question_33,benchmarking-gemma4-think-on-rag-only-20260415_152307,glm-5.1,"The answer addresses all three parts of the question: it describes the Production Output activity (MSOutput creates rules for data tiers on disk for one month), explains how rules are created (configured in Unified, handled by Rucio subscriptions), and specifies where output is written (disk nodes with specific parameters, plus context about tape nodes). The specificity is solid with concrete component names (MSOutput, Unified, Rucio), duration (one month), and parameter names (raw_to_disk, aod_to_disk). The answer references 'provided context' and appears to faithfully represent source content, though I cannot verify the sources directly."
question_2,benchmarking-gemma4-think-on-rag-only-20260415_152307,glm-5.1,"The question asks how to proceed with reprocessing 5 runs as a Tier-0 operator, but the answer largely addresses peripheral topics rather than the core procedure. Section 1 (external request format) is off-topic since the operator initiated this themselves. Section 2 (smaller replay limiting) addresses edge cases, not the main reprocessing workflow. Section 3 (preserving streamer files) is useful but secondary. The critical missing piece is the actual procedure to initiate and execute a replay — what commands to run, what configuration to modify, and how to verify it's working. While some specific details are provided (file paths, line numbers, Python commands), these relate to tangential concerns. Unsupported claims like the 7-day retention period and exact line number references lack citations. An operator reading this would still not know how to actually start the reprocessing."
question_34,benchmarking-gemma4-think-on-rag-only-20260415_152307,glm-5.1,"The question asks two things: what rucio probes are and how they're used for monitoring. The answer directly addresses both parts, defining probes as Python scripts in a specific directory and explaining their scheduling via Jobber daemon and output to Prometheus Pushgateway and Nagios. The answer is specific with concrete tool names, directory paths, and workflow details rather than vague generalities. An operator would have a clear understanding of the monitoring architecture from this answer."
question_15,benchmarking-gemma4-think-on-rag-only-20260415_152307,glm-5.1,"The question asks for the CLI command to see more details about a Rucio rule, and the answer directly provides the exact command (`rucio rule-info <rule_id>`) along with what kind of details it displays. This is a straightforward question that the answer addresses precisely and concisely. The command is correct and actionable. No sources were referenced, so source faithfulness is assessed as neutral—nothing to contradict, but also nothing cited to verify against."
question_44,benchmarking-gemma4-think-on-rag-only-20260415_152307,glm-5.1,"The question asks if it's possible to stage a single raw file from tape, and the answer directly confirms this with a yes, providing a concrete example citing ticket CMSDM-146. The answer is relevant and addresses the core question, though it doesn't provide detailed instructions on how to perform the staging. It offers specific details (ticket number, file type, source/destination) attributed to a cited source, which adds credibility. However, an operator would still need to investigate how to submit a rule, as no commands or procedures are given. The answer appears to faithfully represent information from its cited ticket context."
question_51,benchmarking-gemma4-think-on-rag-only-20260415_152307,glm-5.1,"The question asks for an exact URL and short title for the wmagent training document. The answer directly addresses this by explaining that the provided context does not contain this information, which is a relevant and honest response. However, it fails to provide either of the two requested items (URL and title), resulting in significant completeness gaps. The answer does mention a specific ticket (CMSMONIT-157) which provides some concrete detail, but the core request remains unfulfilled. An operator would have a starting point (the ticket reference) but would need to investigate further. The answer appears to faithfully represent what is and isn't available in the sources."
question_16,benchmarking-gemma4-think-on-rag-only-20260415_152307,glm-5.1,"The question asks for a specific DAS query for run 393974 and dataset '/IonPhysics16/pORun2025-v1/RAW'. The answer is a direct refusal stating the context doesn't contain this information. While the answer is relevant and faithful (it addresses the exact topic and doesn't fabricate data), it fails to provide the actual query requested, offers no actionable details, and doesn't give the operator alternative guidance on how to construct or find the DAS query themselves."
question_17,benchmarking-gemma4-think-on-rag-only-20260415_152307,glm-5.1,"The question asks for a specific Rucio command to see block locations. The answer directly addresses this, honestly noting no explicit command exists in the provided context, then offers a practical workaround using rule-related commands to infer block locations. It provides concrete command syntax (`rucio list-rules`, `rucio rule-info`) and explains the conceptual connection between rules and RSEs. The answer is specific and actionable, though it represents a workaround rather than a direct command. It's faithful to its sources by not inventing a command that wasn't documented."
question_52,benchmarking-gemma4-think-on-rag-only-20260415_152307,glm-5.1,"The answer directly addresses the question about the status of the X509 to OIDC token transition, providing a clear and specific response: the transition was reversed. It cites a specific ticket (CMSTRANSF-841), explains the reason (WLCG's IAM issuer modifications), and confirms the current state (sites switched back to X509, Rucio attributes reverted). The answer is highly relevant, complete for a status inquiry, and provides concrete actionable details grounded in a cited source. An operator would know immediately that they should continue using X509 and not pursue OIDC token migration, making this practically helpful. The source faithfulness appears strong as claims are explicitly attributed to the ticket and its comments."
question_53,benchmarking-gemma4-think-on-rag-only-20260415_152307,glm-5.1,"The answer addresses the question about stopping data sends to CERN tape but acknowledges a key gap: the sources mention 'prod output' rather than 'Monte Carlo data' specifically. It provides a concrete date and ticket number, which is useful, but there's uncertainty about whether 'prod output' equates to 'Monte Carlo data.' The answer is transparent about this limitation, making it honest but only partially complete. An operator would have a lead to follow up on but would need to verify the connection between the terms."
question_35,benchmarking-gemma4-think-on-rag-only-20260415_152307,glm-5.1,"The answer directly addresses file integrity checking with two distinct methods and specific tools. It provides concrete tool names (check_decompression.py, run_check.py, check_integrity.py), usage examples, and notes important limitations. The answer references 'the provided text' indicating sources were available, and the content appears grounded in those sources with specific, actionable details rather than vague advice."
question_36,benchmarking-gemma4-think-on-rag-only-20260415_152307,glm-5.1,"The answer directly addresses why a rule gets stuck in INJECT state by identifying a specific error (ReplicationRuleCreationTemporaryFailed) and its root causes (IntegrityErrors from concurrent operations, previous rule deletion in progress). It references provided context and documented instances, suggesting source-grounded claims. The specificity is strong with concrete error names and scenarios, though completeness could be slightly limited if other causes exist beyond what's documented in the retrieved sources."
question_3,benchmarking-gemma4-think-on-rag-only-20260415_152307,glm-5.1,"The question asks how to extend a user quota at T2_CN_Beijing in Rucio, specifically requesting a wiki or application webpage. The answer directly addresses this with both individual user and site administrator paths, provides the SiteCapacity website URL with specific configuration guidance, and links to Rucio user documentation. It covers the key aspects well but the local user quota management section is vague (no link or detailed instructions). The specificity is strong for site-level quota changes but weaker for local user quota management. Source faithfulness is moderate since some specific claims (sync time under an hour, quota calculation as sum of two values) appear grounded but cannot be fully verified against provided sources."
question_45,benchmarking-gemma4-think-on-rag-only-20260415_152307,glm-5.1,"The question asks about the primary use of two specific Rucio accounts, and the answer addresses both directly with clear, detailed explanations. The answer identifies which agent uses each account (WMAgent for wma_prod, MSOutput for wmcore_output) and describes their specific functions - locking blocks during production vs. creating disk rules with one-month duration. The details are concrete and actionable, mentioning temporary rules, archival conditions, and retention periods."
question_37,benchmarking-gemma4-think-on-rag-only-20260415_152307,glm-5.1,"The question asks for two things: an explanation of how msunmerged works, and any open issues affecting it. The generated answer directly acknowledges both parts of the question but cannot provide substantive information for either, stating the context lacks relevant information. This is an honest refusal rather than fabricated content, which is preferable per the evaluation principles, but it still fails to address the question meaningfully. The answer provides no actionable details, no alternative guidance on where to find information, and doesn't help an operator make progress. For source faithfulness, the answer's claim that sources don't contain relevant information appears to be an accurate representation, and it doesn't make unsupported claims."
question_18,benchmarking-gemma4-think-on-rag-only-20260415_152307,glm-5.1,"The question asks for the method and specific Rucio command to create a container. The answer honestly states it cannot provide this information because the context only contained documentation page titles, not actual content. This is a truthful limitation acknowledgment rather than a fabricated answer, but it fails to address either part of the question (how to create a container or the command). The answer is relevant in that it directly addresses what was asked, but provides zero actionable content, making it unhelpful to an operator who needs to complete their task."
question_19,benchmarking-gemma4-think-on-rag-only-20260415_152307,glm-5.1,"The question asks for a specific Rucio CLI command to create a rule. The generated answer directly addresses the question by stating that the necessary information is not present in the provided context, which is highly relevant. However, because it fails to provide the requested command, it is incomplete, though this is due to missing context rather than evasion. It is honestly vague about the creation command while providing specific details about the commands that *are* available (list-rules, rule-info, delete-rule). For helpfulness, an operator would not be able to execute their task from this answer alone and must look elsewhere, though they are saved from pursuing a dead end in the current documentation. The answer is perfectly faithful to its sources, accurately reporting what is and isn't present."
question_20,benchmarking-gemma4-think-on-rag-only-20260415_152307,glm-5.1,"The question asks for a specific command compatible with Rucio's new CLI structure for client version 38. The answer honestly states that the provided documentation doesn't contain this information, which is better than fabricating commands. However, it provides no actionable guidance—no suggestion of where to find release notes, documentation links, or alternative resources. It's a clear refusal that accurately reflects source limitations but leaves the operator with no path forward."
question_38,benchmarking-gemma4-think-on-rag-only-20260415_152307,glm-5.1,"The question asks for two specific things: documentation on PnR Campaign manager responsibilities and the meaning of `partial_copy` parameter. The generated answer honestly states that the provided context doesn't contain this information, which is a refusal rather than an actual answer. For relevance, it acknowledges the question directly but cannot provide the requested content. For completeness, it doesn't address either of the two parts with actual information. For specificity, this is an honest refusal with no alternative guidance or suggestions on where to look. For helpfulness, an operator learns only that they need to look elsewhere but gets no path forward. For source faithfulness, if the sources truly don't contain this information, the answer is being faithful by not fabricating details."
question_21,benchmarking-gemma4-think-on-rag-only-20260415_152307,glm-5.1,"The question asks specifically how to set a quota for an account on a given RSE in Rucio. The answer honestly admits it lacks this information from its context, but provides related details about global configuration options, RSE limits (with a code snippet for set_rse_limits), and mentions an account_limit field in monitoring. The answer doesn't actually solve the operator's problem but is transparent about its limitations. The related information, while somewhat informative, is not what was asked for and could potentially mislead an operator into thinking set_rse_limits is the answer when it serves a different purpose."
question_22,benchmarking-gemma4-think-on-rag-only-20260415_152307,glm-5.1,"The question asks how to check incomplete blocks in DAS for a dataset at 75% completion. The generated answer is a direct refusal, stating it lacks context to answer. This is an honest refusal (not fabricating data), but it provides zero actionable information. For relevance, the answer acknowledges the topic but doesn't actually address the question — scoring a 2. For completeness, it addresses no aspects of the question — scoring a 1. For specificity, there are no concrete details at all — scoring a 1. For helpfulness, this is a refusal with no alternative guidance (no suggestions for tools, contacts, or documentation), which aligns with a score of 2 on the helpfulness scale."
